obsnme,obsval,weight,obgnme
c1,60000.0,1.0,less_obs
c2,80000.0,1.0,less_obs
c3,60000.0,1.0,less_obs
c4,120000.0,1.0,less_obs
h01_00_00,0.0,1.0,head
h01_00_01,0.0,1.0,head
h01_00_02,0.0,1.0,head
h01_00_03,0.0,1.0,head
h01_00_04,0.0,1.0,head
h01_00_05,0.0,1.0,head
h01_00_06,0.0,1.0,head
h01_00_07,0.0,1.0,head
h01_00_08,0.0,1.0,head
h01_00_09,0.0,1.0,head
h01_00_10,0.0,1.0,head
h01_00_11,0.0,1.0,head
h01_00_12,0.0,1.0,head
h01_00_13,0.0,1.0,head
h01_00_14,0.0,1.0,head
h01_00_15,0.0,1.0,head
h01_00_16,0.0,1.0,head
h01_00_17,0.0,1.0,head
h01_00_18,0.0,1.0,head
h01_00_19,0.0,1.0,head
h01_00_20,0.0,1.0,head
h01_00_21,0.0,1.0,head
h01_00_22,0.0,1.0,head
h01_00_23,0.0,1.0,head
h01_01_00,0.0,1.0,head
h01_01_01,0.0,1.0,head
h01_01_02,0.0,1.0,head
h01_01_03,0.0,1.0,head
h01_01_04,0.0,1.0,head
h01_01_05,0.0,1.0,head
h01_01_06,0.0,1.0,head
h01_01_07,0.0,1.0,head
h01_01_08,0.0,1.0,head
h01_01_09,0.0,1.0,head
h01_01_10,0.0,1.0,head
h01_01_11,0.0,1.0,head
h01_01_12,0.0,1.0,head
h01_01_13,0.0,1.0,head
h01_01_14,0.0,1.0,head
h01_01_15,0.0,1.0,head
h01_01_16,0.0,1.0,head
h01_01_17,0.0,1.0,head
h01_01_18,0.0,1.0,head
h01_01_19,0.0,1.0,head
h01_01_20,0.0,1.0,head
h01_01_21,0.0,1.0,head
h01_01_22,0.0,1.0,head
h01_01_23,0.0,1.0,head
h01_02_00,0.0,1.0,head
h01_02_01,0.0,1.0,head
h01_02_02,0.0,1.0,head
h01_02_03,0.0,1.0,head
h01_02_04,0.0,1.0,head
h01_02_05,0.0,1.0,head
h01_02_06,0.0,1.0,head
h01_02_07,0.0,1.0,head
h01_02_08,0.0,1.0,head
h01_02_09,0.0,1.0,head
h01_02_10,0.0,1.0,head
h01_02_11,0.0,1.0,head
h01_02_12,0.0,1.0,head
h01_02_13,0.0,1.0,head
h01_02_14,0.0,1.0,head
h01_02_15,0.0,1.0,head
h01_02_16,0.0,1.0,head
h01_02_17,0.0,1.0,head
h01_02_18,0.0,1.0,head
h01_02_19,0.0,1.0,head
h01_02_20,0.0,1.0,head
h01_02_21,0.0,1.0,head
h01_02_22,0.0,1.0,head
h01_02_23,0.0,1.0,head
h01_03_00,0.0,1.0,head
h01_03_01,0.0,1.0,head
h01_03_02,0.0,1.0,head
h01_03_03,0.0,1.0,head
h01_03_04,0.0,1.0,head
h01_03_05,0.0,1.0,head
h01_03_06,0.0,1.0,head
h01_03_07,0.0,1.0,head
h01_03_08,0.0,1.0,head
h01_03_09,0.0,1.0,head
h01_03_10,0.0,1.0,head
h01_03_11,0.0,1.0,head
h01_03_12,0.0,1.0,head
h01_03_13,0.0,1.0,head
h01_03_14,0.0,1.0,head
h01_03_15,0.0,1.0,head
h01_03_16,0.0,1.0,head
h01_03_17,0.0,1.0,head
h01_03_18,0.0,1.0,head
h01_03_19,0.0,1.0,head
h01_03_20,0.0,1.0,head
h01_03_21,0.0,1.0,head
h01_03_22,0.0,1.0,head
h01_03_23,0.0,1.0,head
h01_04_00,0.0,1.0,head
h01_04_01,0.0,1.0,head
h01_04_02,0.0,1.0,head
h01_04_03,0.0,1.0,head
h01_04_04,0.0,1.0,head
h01_04_05,0.0,1.0,head
h01_04_06,0.0,1.0,head
h01_04_07,0.0,1.0,head
h01_04_08,0.0,1.0,head
h01_04_09,0.0,1.0,head
h01_04_10,0.0,1.0,head
h01_04_11,0.0,1.0,head
h01_04_12,0.0,1.0,head
h01_04_13,0.0,1.0,head
h01_04_14,0.0,1.0,head
h01_04_15,0.0,1.0,head
h01_04_16,0.0,1.0,head
h01_04_17,0.0,1.0,head
h01_04_18,0.0,1.0,head
h01_04_19,0.0,1.0,head
h01_04_20,0.0,1.0,head
h01_04_21,0.0,1.0,head
h01_04_22,0.0,1.0,head
h01_04_23,0.0,1.0,head
h01_05_00,0.0,1.0,head
h01_05_01,0.0,1.0,head
h01_05_02,0.0,1.0,head
h01_05_03,0.0,1.0,head
h01_05_04,0.0,1.0,head
h01_05_05,0.0,1.0,head
h01_05_06,0.0,1.0,head
h01_05_07,0.0,1.0,head
h01_05_08,0.0,1.0,head
h01_05_09,0.0,1.0,head
h01_05_10,0.0,1.0,head
h01_05_11,0.0,1.0,head
h01_05_12,0.0,1.0,head
h01_05_13,0.0,1.0,head
h01_05_14,0.0,1.0,head
h01_05_15,0.0,1.0,head
h01_05_16,0.0,1.0,head
h01_05_17,0.0,1.0,head
h01_05_18,0.0,1.0,head
h01_05_19,0.0,1.0,head
h01_05_20,0.0,1.0,head
h01_05_21,0.0,1.0,head
h01_05_22,0.0,1.0,head
h01_05_23,0.0,1.0,head
h01_06_00,0.0,1.0,head
h01_06_01,0.0,1.0,head
h01_06_02,0.0,1.0,head
h01_06_03,0.0,1.0,head
h01_06_04,0.0,1.0,head
h01_06_05,0.0,1.0,head
h01_06_06,0.0,1.0,head
h01_06_07,0.0,1.0,head
h01_06_08,0.0,1.0,head
h01_06_09,0.0,1.0,head
h01_06_10,0.0,1.0,head
h01_06_11,0.0,1.0,head
h01_06_12,0.0,1.0,head
h01_06_13,0.0,1.0,head
h01_06_14,0.0,1.0,head
h01_06_15,0.0,1.0,head
h01_06_16,0.0,1.0,head
h01_06_17,0.0,1.0,head
h01_06_18,0.0,1.0,head
h01_06_19,0.0,1.0,head
h01_06_20,0.0,1.0,head
h01_06_21,0.0,1.0,head
h01_06_22,0.0,1.0,head
h01_06_23,0.0,1.0,head
h01_07_00,0.0,1.0,head
h01_07_01,0.0,1.0,head
h01_07_02,0.0,1.0,head
h01_07_03,0.0,1.0,head
h01_07_04,0.0,1.0,head
h01_07_05,0.0,1.0,head
h01_07_06,0.0,1.0,head
h01_07_07,0.0,1.0,head
h01_07_08,0.0,1.0,head
h01_07_09,0.0,1.0,head
h01_07_10,0.0,1.0,head
h01_07_11,0.0,1.0,head
h01_07_12,0.0,1.0,head
h01_07_13,0.0,1.0,head
h01_07_14,0.0,1.0,head
h01_07_15,0.0,1.0,head
h01_07_16,0.0,1.0,head
h01_07_17,0.0,1.0,head
h01_07_18,0.0,1.0,head
h01_07_19,0.0,1.0,head
h01_07_20,0.0,1.0,head
h01_07_21,0.0,1.0,head
h01_07_22,0.0,1.0,head
h01_07_23,0.0,1.0,head
h01_08_00,0.0,1.0,head
h01_08_01,0.0,1.0,head
h01_08_02,0.0,1.0,head
h01_08_03,0.0,1.0,head
h01_08_04,0.0,1.0,head
h01_08_05,0.0,1.0,head
h01_08_06,0.0,1.0,head
h01_08_07,0.0,1.0,head
h01_08_08,0.0,1.0,head
h01_08_09,0.0,1.0,head
h01_08_10,0.0,1.0,head
h01_08_11,0.0,1.0,head
h01_08_12,0.0,1.0,head
h01_08_13,0.0,1.0,head
h01_08_14,0.0,1.0,head
h01_08_15,0.0,1.0,head
h01_08_16,0.0,1.0,head
h01_08_17,0.0,1.0,head
h01_08_18,0.0,1.0,head
h01_08_19,0.0,1.0,head
h01_08_20,0.0,1.0,head
h01_08_21,0.0,1.0,head
h01_08_22,0.0,1.0,head
h01_08_23,0.0,1.0,head
h01_09_00,0.0,1.0,head
h01_09_01,0.0,1.0,head
h01_09_02,0.0,1.0,head
h01_09_03,0.0,1.0,head
h01_09_04,0.0,1.0,head
h01_09_05,0.0,1.0,head
h01_09_06,0.0,1.0,head
h01_09_07,0.0,1.0,head
h01_09_08,0.0,1.0,head
h01_09_09,0.0,1.0,head
h01_09_10,0.0,1.0,head
h01_09_11,0.0,1.0,head
h01_09_12,0.0,1.0,head
h01_09_13,0.0,1.0,head
h01_09_14,0.0,1.0,head
h01_09_15,0.0,1.0,head
h01_09_16,0.0,1.0,head
h01_09_17,0.0,1.0,head
h01_09_18,0.0,1.0,head
h01_09_19,0.0,1.0,head
h01_09_20,0.0,1.0,head
h01_09_21,0.0,1.0,head
h01_09_22,0.0,1.0,head
h01_09_23,0.0,1.0,head
h01_10_00,0.0,1.0,head
h01_10_01,0.0,1.0,head
h01_10_02,0.0,1.0,head
h01_10_03,0.0,1.0,head
h01_10_04,0.0,1.0,head
h01_10_05,0.0,1.0,head
h01_10_06,0.0,1.0,head
h01_10_07,0.0,1.0,head
h01_10_08,0.0,1.0,head
h01_10_09,0.0,1.0,head
h01_10_10,0.0,1.0,head
h01_10_11,0.0,1.0,head
h01_10_12,0.0,1.0,head
h01_10_13,0.0,1.0,head
h01_10_14,0.0,1.0,head
h01_10_15,0.0,1.0,head
h01_10_16,0.0,1.0,head
h01_10_17,0.0,1.0,head
h01_10_18,0.0,1.0,head
h01_10_19,0.0,1.0,head
h01_10_20,0.0,1.0,head
h01_10_21,0.0,1.0,head
h01_10_22,0.0,1.0,head
h01_10_23,0.0,1.0,head
h01_11_00,0.0,1.0,head
h01_11_01,0.0,1.0,head
h01_11_02,0.0,1.0,head
h01_11_03,0.0,1.0,head
h01_11_04,0.0,1.0,head
h01_11_05,0.0,1.0,head
h01_11_06,0.0,1.0,head
h01_11_07,0.0,1.0,head
h01_11_08,0.0,1.0,head
h01_11_09,0.0,1.0,head
h01_11_10,0.0,1.0,head
h01_11_11,0.0,1.0,head
h01_11_12,0.0,1.0,head
h01_11_13,0.0,1.0,head
h01_11_14,0.0,1.0,head
h01_11_15,0.0,1.0,head
h01_11_16,0.0,1.0,head
h01_11_17,0.0,1.0,head
h01_11_18,0.0,1.0,head
h01_11_19,0.0,1.0,head
h01_11_20,0.0,1.0,head
h01_11_21,0.0,1.0,head
h01_11_22,0.0,1.0,head
h01_11_23,0.0,1.0,head
h01_12_00,0.0,1.0,head
h01_12_01,0.0,1.0,head
h01_12_02,0.0,1.0,head
h01_12_03,0.0,1.0,head
h01_12_04,0.0,1.0,head
h01_12_05,0.0,1.0,head
h01_12_06,0.0,1.0,head
h01_12_07,0.0,1.0,head
h01_12_08,0.0,1.0,head
h01_12_09,0.0,1.0,head
h01_12_10,0.0,1.0,head
h01_12_11,0.0,1.0,head
h01_12_12,0.0,1.0,head
h01_12_13,0.0,1.0,head
h01_12_14,0.0,1.0,head
h01_12_15,0.0,1.0,head
h01_12_16,0.0,1.0,head
h01_12_17,0.0,1.0,head
h01_12_18,0.0,1.0,head
h01_12_19,0.0,1.0,head
h01_12_20,0.0,1.0,head
h01_12_21,0.0,1.0,head
h01_12_22,0.0,1.0,head
h01_12_23,0.0,1.0,head
h01_13_00,0.0,1.0,head
h01_13_01,0.0,1.0,head
h01_13_02,0.0,1.0,head
h01_13_03,0.0,1.0,head
h01_13_04,0.0,1.0,head
h01_13_05,0.0,1.0,head
h01_13_06,0.0,1.0,head
h01_13_07,0.0,1.0,head
h01_13_08,0.0,1.0,head
h01_13_09,0.0,1.0,head
h01_13_10,0.0,1.0,head
h01_13_11,0.0,1.0,head
h01_13_12,0.0,1.0,head
h01_13_13,0.0,1.0,head
h01_13_14,0.0,1.0,head
h01_13_15,0.0,1.0,head
h01_13_16,0.0,1.0,head
h01_13_17,0.0,1.0,head
h01_13_18,0.0,1.0,head
h01_13_19,0.0,1.0,head
h01_13_20,0.0,1.0,head
h01_13_21,0.0,1.0,head
h01_13_22,0.0,1.0,head
h01_13_23,0.0,1.0,head
h01_14_00,0.0,1.0,head
h01_14_01,0.0,1.0,head
h01_14_02,0.0,1.0,head
h01_14_03,0.0,1.0,head
h01_14_04,0.0,1.0,head
h01_14_05,0.0,1.0,head
h01_14_06,0.0,1.0,head
h01_14_07,0.0,1.0,head
h01_14_08,0.0,1.0,head
h01_14_09,0.0,1.0,head
h01_14_10,0.0,1.0,head
h01_14_11,0.0,1.0,head
h01_14_12,0.0,1.0,head
h01_14_13,0.0,1.0,head
h01_14_14,0.0,1.0,head
h01_14_15,0.0,1.0,head
h01_14_16,0.0,1.0,head
h01_14_17,0.0,1.0,head
h01_14_18,0.0,1.0,head
h01_14_19,0.0,1.0,head
h01_14_20,0.0,1.0,head
h01_14_21,0.0,1.0,head
h01_14_22,0.0,1.0,head
h01_14_23,0.0,1.0,head
h01_15_00,0.0,1.0,head
h01_15_01,0.0,1.0,head
h01_15_02,0.0,1.0,head
h01_15_03,0.0,1.0,head
h01_15_04,0.0,1.0,head
h01_15_05,0.0,1.0,head
h01_15_06,0.0,1.0,head
h01_15_07,0.0,1.0,head
h01_15_08,0.0,1.0,head
h01_15_09,0.0,1.0,head
h01_15_10,0.0,1.0,head
h01_15_11,0.0,1.0,head
h01_15_12,0.0,1.0,head
h01_15_13,0.0,1.0,head
h01_15_14,0.0,1.0,head
h01_15_15,0.0,1.0,head
h01_15_16,0.0,1.0,head
h01_15_17,0.0,1.0,head
h01_15_18,0.0,1.0,head
h01_15_19,0.0,1.0,head
h01_15_20,0.0,1.0,head
h01_15_21,0.0,1.0,head
h01_15_22,0.0,1.0,head
h01_15_23,0.0,1.0,head
h01_16_00,0.0,1.0,head
h01_16_01,0.0,1.0,head
h01_16_02,0.0,1.0,head
h01_16_03,0.0,1.0,head
h01_16_04,0.0,1.0,head
h01_16_05,0.0,1.0,head
h01_16_06,0.0,1.0,head
h01_16_07,0.0,1.0,head
h01_16_08,0.0,1.0,head
h01_16_09,0.0,1.0,head
h01_16_10,0.0,1.0,head
h01_16_11,0.0,1.0,head
h01_16_12,0.0,1.0,head
h01_16_13,0.0,1.0,head
h01_16_14,0.0,1.0,head
h01_16_15,0.0,1.0,head
h01_16_16,0.0,1.0,head
h01_16_17,0.0,1.0,head
h01_16_18,0.0,1.0,head
h01_16_19,0.0,1.0,head
h01_16_20,0.0,1.0,head
h01_16_21,0.0,1.0,head
h01_16_22,0.0,1.0,head
h01_16_23,0.0,1.0,head
h01_17_00,0.0,1.0,head
h01_17_01,0.0,1.0,head
h01_17_02,0.0,1.0,head
h01_17_03,0.0,1.0,head
h01_17_04,0.0,1.0,head
h01_17_05,0.0,1.0,head
h01_17_06,0.0,1.0,head
h01_17_07,0.0,1.0,head
h01_17_08,0.0,1.0,head
h01_17_09,0.0,1.0,head
h01_17_10,0.0,1.0,head
h01_17_11,0.0,1.0,head
h01_17_12,0.0,1.0,head
h01_17_13,0.0,1.0,head
h01_17_14,0.0,1.0,head
h01_17_15,0.0,1.0,head
h01_17_16,0.0,1.0,head
h01_17_17,0.0,1.0,head
h01_17_18,0.0,1.0,head
h01_17_19,0.0,1.0,head
h01_17_20,0.0,1.0,head
h01_17_21,0.0,1.0,head
h01_17_22,0.0,1.0,head
h01_17_23,0.0,1.0,head
h01_18_00,0.0,1.0,head
h01_18_01,0.0,1.0,head
h01_18_02,0.0,1.0,head
h01_18_03,0.0,1.0,head
h01_18_04,0.0,1.0,head
h01_18_05,0.0,1.0,head
h01_18_06,0.0,1.0,head
h01_18_07,0.0,1.0,head
h01_18_08,0.0,1.0,head
h01_18_09,0.0,1.0,head
h01_18_10,0.0,1.0,head
h01_18_11,0.0,1.0,head
h01_18_12,0.0,1.0,head
h01_18_13,0.0,1.0,head
h01_18_14,0.0,1.0,head
h01_18_15,0.0,1.0,head
h01_18_16,0.0,1.0,head
h01_18_17,0.0,1.0,head
h01_18_18,0.0,1.0,head
h01_18_19,0.0,1.0,head
h01_18_20,0.0,1.0,head
h01_18_21,0.0,1.0,head
h01_18_22,0.0,1.0,head
h01_18_23,0.0,1.0,head
h01_19_00,0.0,1.0,head
h01_19_01,0.0,1.0,head
h01_19_02,0.0,1.0,head
h01_19_03,0.0,1.0,head
h01_19_04,0.0,1.0,head
h01_19_05,0.0,1.0,head
h01_19_06,0.0,1.0,head
h01_19_07,0.0,1.0,head
h01_19_08,0.0,1.0,head
h01_19_09,0.0,1.0,head
h01_19_10,0.0,1.0,head
h01_19_11,0.0,1.0,head
h01_19_12,0.0,1.0,head
h01_19_13,0.0,1.0,head
h01_19_14,0.0,1.0,head
h01_19_15,0.0,1.0,head
h01_19_16,0.0,1.0,head
h01_19_17,0.0,1.0,head
h01_19_18,0.0,1.0,head
h01_19_19,0.0,1.0,head
h01_19_20,0.0,1.0,head
h01_19_21,0.0,1.0,head
h01_19_22,0.0,1.0,head
h01_19_23,0.0,1.0,head
h01_20_00,0.0,1.0,head
h01_20_01,0.0,1.0,head
h01_20_02,0.0,1.0,head
h01_20_03,0.0,1.0,head
h01_20_04,0.0,1.0,head
h01_20_05,0.0,1.0,head
h01_20_06,0.0,1.0,head
h01_20_07,0.0,1.0,head
h01_20_08,0.0,1.0,head
h01_20_09,0.0,1.0,head
h01_20_10,0.0,1.0,head
h01_20_11,0.0,1.0,head
h01_20_12,0.0,1.0,head
h01_20_13,0.0,1.0,head
h01_20_14,0.0,1.0,head
h01_20_15,0.0,1.0,head
h01_20_16,0.0,1.0,head
h01_20_17,0.0,1.0,head
h01_20_18,0.0,1.0,head
h01_20_19,0.0,1.0,head
h01_20_20,0.0,1.0,head
h01_20_21,0.0,1.0,head
h01_20_22,0.0,1.0,head
h01_20_23,0.0,1.0,head
h01_21_00,0.0,1.0,head
h01_21_01,0.0,1.0,head
h01_21_02,0.0,1.0,head
h01_21_03,0.0,1.0,head
h01_21_04,0.0,1.0,head
h01_21_05,0.0,1.0,head
h01_21_06,0.0,1.0,head
h01_21_07,0.0,1.0,head
h01_21_08,0.0,1.0,head
h01_21_09,0.0,1.0,head
h01_21_10,0.0,1.0,head
h01_21_11,0.0,1.0,head
h01_21_12,0.0,1.0,head
h01_21_13,0.0,1.0,head
h01_21_14,0.0,1.0,head
h01_21_15,0.0,1.0,head
h01_21_16,0.0,1.0,head
h01_21_17,0.0,1.0,head
h01_21_18,0.0,1.0,head
h01_21_19,0.0,1.0,head
h01_21_20,0.0,1.0,head
h01_21_21,0.0,1.0,head
h01_21_22,0.0,1.0,head
h01_21_23,0.0,1.0,head
h01_22_00,0.0,1.0,head
h01_22_01,0.0,1.0,head
h01_22_02,0.0,1.0,head
h01_22_03,0.0,1.0,head
h01_22_04,0.0,1.0,head
h01_22_05,0.0,1.0,head
h01_22_06,0.0,1.0,head
h01_22_07,0.0,1.0,head
h01_22_08,0.0,1.0,head
h01_22_09,0.0,1.0,head
h01_22_10,0.0,1.0,head
h01_22_11,0.0,1.0,head
h01_22_12,0.0,1.0,head
h01_22_13,0.0,1.0,head
h01_22_14,0.0,1.0,head
h01_22_15,0.0,1.0,head
h01_22_16,0.0,1.0,head
h01_22_17,0.0,1.0,head
h01_22_18,0.0,1.0,head
h01_22_19,0.0,1.0,head
h01_22_20,0.0,1.0,head
h01_22_21,0.0,1.0,head
h01_22_22,0.0,1.0,head
h01_22_23,0.0,1.0,head
h01_23_00,0.0,1.0,head
h01_23_01,0.0,1.0,head
h01_23_02,0.0,1.0,head
h01_23_03,0.0,1.0,head
h01_23_04,0.0,1.0,head
h01_23_05,0.0,1.0,head
h01_23_06,0.0,1.0,head
h01_23_07,0.0,1.0,head
h01_23_08,0.0,1.0,head
h01_23_09,0.0,1.0,head
h01_23_10,0.0,1.0,head
h01_23_11,0.0,1.0,head
h01_23_12,0.0,1.0,head
h01_23_13,0.0,1.0,head
h01_23_14,0.0,1.0,head
h01_23_15,0.0,1.0,head
h01_23_16,0.0,1.0,head
h01_23_17,0.0,1.0,head
h01_23_18,0.0,1.0,head
h01_23_19,0.0,1.0,head
h01_23_20,0.0,1.0,head
h01_23_21,0.0,1.0,head
h01_23_22,0.0,1.0,head
h01_23_23,0.0,1.0,head
h01_24_00,0.0,1.0,head
h01_24_01,0.0,1.0,head
h01_24_02,0.0,1.0,head
h01_24_03,0.0,1.0,head
h01_24_04,0.0,1.0,head
h01_24_05,0.0,1.0,head
h01_24_06,0.0,1.0,head
h01_24_07,0.0,1.0,head
h01_24_08,0.0,1.0,head
h01_24_09,0.0,1.0,head
h01_24_10,0.0,1.0,head
h01_24_11,0.0,1.0,head
h01_24_12,0.0,1.0,head
h01_24_13,0.0,1.0,head
h01_24_14,0.0,1.0,head
h01_24_15,0.0,1.0,head
h01_24_16,0.0,1.0,head
h01_24_17,0.0,1.0,head
h01_24_18,0.0,1.0,head
h01_24_19,0.0,1.0,head
h01_24_20,0.0,1.0,head
h01_24_21,0.0,1.0,head
h01_24_22,0.0,1.0,head
h01_24_23,0.0,1.0,head
h01_25_00,0.0,1.0,head
h01_25_01,0.0,1.0,head
h01_25_02,0.0,1.0,head
h01_25_03,0.0,1.0,head
h01_25_04,0.0,1.0,head
h01_25_05,0.0,1.0,head
h01_25_06,0.0,1.0,head
h01_25_07,0.0,1.0,head
h01_25_08,0.0,1.0,head
h01_25_09,0.0,1.0,head
h01_25_10,0.0,1.0,head
h01_25_11,0.0,1.0,head
h01_25_12,0.0,1.0,head
h01_25_13,0.0,1.0,head
h01_25_14,0.0,1.0,head
h01_25_15,0.0,1.0,head
h01_25_16,0.0,1.0,head
h01_25_17,0.0,1.0,head
h01_25_18,0.0,1.0,head
h01_25_19,0.0,1.0,head
h01_25_20,0.0,1.0,head
h01_25_21,0.0,1.0,head
h01_25_22,0.0,1.0,head
h01_25_23,0.0,1.0,head
h01_26_00,0.0,1.0,head
h01_26_01,0.0,1.0,head
h01_26_02,0.0,1.0,head
h01_26_03,0.0,1.0,head
h01_26_04,0.0,1.0,head
h01_26_05,0.0,1.0,head
h01_26_06,0.0,1.0,head
h01_26_07,0.0,1.0,head
h01_26_08,0.0,1.0,head
h01_26_09,0.0,1.0,head
h01_26_10,0.0,1.0,head
h01_26_11,0.0,1.0,head
h01_26_12,0.0,1.0,head
h01_26_13,0.0,1.0,head
h01_26_14,0.0,1.0,head
h01_26_15,0.0,1.0,head
h01_26_16,0.0,1.0,head
h01_26_17,0.0,1.0,head
h01_26_18,0.0,1.0,head
h01_26_19,0.0,1.0,head
h01_26_20,0.0,1.0,head
h01_26_21,0.0,1.0,head
h01_26_22,0.0,1.0,head
h01_26_23,0.0,1.0,head
h01_27_00,0.0,1.0,head
h01_27_01,0.0,1.0,head
h01_27_02,0.0,1.0,head
h01_27_03,0.0,1.0,head
h01_27_04,0.0,1.0,head
h01_27_05,0.0,1.0,head
h01_27_06,0.0,1.0,head
h01_27_07,0.0,1.0,head
h01_27_08,0.0,1.0,head
h01_27_09,0.0,1.0,head
h01_27_10,0.0,1.0,head
h01_27_11,0.0,1.0,head
h01_27_12,0.0,1.0,head
h01_27_13,0.0,1.0,head
h01_27_14,0.0,1.0,head
h01_27_15,0.0,1.0,head
h01_27_16,0.0,1.0,head
h01_27_17,0.0,1.0,head
h01_27_18,0.0,1.0,head
h01_27_19,0.0,1.0,head
h01_27_20,0.0,1.0,head
h01_27_21,0.0,1.0,head
h01_27_22,0.0,1.0,head
h01_27_23,0.0,1.0,head
h01_28_00,0.0,1.0,head
h01_28_01,0.0,1.0,head
h01_28_02,0.0,1.0,head
h01_28_03,0.0,1.0,head
h01_28_04,0.0,1.0,head
h01_28_05,0.0,1.0,head
h01_28_06,0.0,1.0,head
h01_28_07,0.0,1.0,head
h01_28_08,0.0,1.0,head
h01_28_09,0.0,1.0,head
h01_28_10,0.0,1.0,head
h01_28_11,0.0,1.0,head
h01_28_12,0.0,1.0,head
h01_28_13,0.0,1.0,head
h01_28_14,0.0,1.0,head
h01_28_15,0.0,1.0,head
h01_28_16,0.0,1.0,head
h01_28_17,0.0,1.0,head
h01_28_18,0.0,1.0,head
h01_28_19,0.0,1.0,head
h01_28_20,0.0,1.0,head
h01_28_21,0.0,1.0,head
h01_28_22,0.0,1.0,head
h01_28_23,0.0,1.0,head
h01_29_00,0.0,1.0,head
h01_29_01,0.0,1.0,head
h01_29_02,0.0,1.0,head
h01_29_03,0.0,1.0,head
h01_29_04,0.0,1.0,head
h01_29_05,0.0,1.0,head
h01_29_06,0.0,1.0,head
h01_29_07,0.0,1.0,head
h01_29_08,0.0,1.0,head
h01_29_09,0.0,1.0,head
h01_29_10,0.0,1.0,head
h01_29_11,0.0,1.0,head
h01_29_12,0.0,1.0,head
h01_29_13,0.0,1.0,head
h01_29_14,0.0,1.0,head
h01_29_15,0.0,1.0,head
h01_29_16,0.0,1.0,head
h01_29_17,0.0,1.0,head
h01_29_18,0.0,1.0,head
h01_29_19,0.0,1.0,head
h01_29_20,0.0,1.0,head
h01_29_21,0.0,1.0,head
h01_29_22,0.0,1.0,head
h01_29_23,0.0,1.0,head
h02_00_00,0.0,1.0,head
h02_00_01,0.0,1.0,head
h02_00_02,0.0,1.0,head
h02_00_03,0.0,1.0,head
h02_00_04,0.0,1.0,head
h02_00_05,0.0,1.0,head
h02_00_06,0.0,1.0,head
h02_00_07,0.0,1.0,head
h02_00_08,0.0,1.0,head
h02_00_09,0.0,1.0,head
h02_00_10,0.0,1.0,head
h02_00_11,0.0,1.0,head
h02_00_12,0.0,1.0,head
h02_00_13,0.0,1.0,head
h02_00_14,0.0,1.0,head
h02_00_15,0.0,1.0,head
h02_00_16,0.0,1.0,head
h02_00_17,0.0,1.0,head
h02_00_18,0.0,1.0,head
h02_00_19,0.0,1.0,head
h02_00_20,0.0,1.0,head
h02_00_21,0.0,1.0,head
h02_00_22,0.0,1.0,head
h02_00_23,0.0,1.0,head
h02_01_00,0.0,1.0,head
h02_01_01,0.0,1.0,head
h02_01_02,0.0,1.0,head
h02_01_03,0.0,1.0,head
h02_01_04,0.0,1.0,head
h02_01_05,0.0,1.0,head
h02_01_06,0.0,1.0,head
h02_01_07,0.0,1.0,head
h02_01_08,0.0,1.0,head
h02_01_09,0.0,1.0,head
h02_01_10,0.0,1.0,head
h02_01_11,0.0,1.0,head
h02_01_12,0.0,1.0,head
h02_01_13,0.0,1.0,head
h02_01_14,0.0,1.0,head
h02_01_15,0.0,1.0,head
h02_01_16,0.0,1.0,head
h02_01_17,0.0,1.0,head
h02_01_18,0.0,1.0,head
h02_01_19,0.0,1.0,head
h02_01_20,0.0,1.0,head
h02_01_21,0.0,1.0,head
h02_01_22,0.0,1.0,head
h02_01_23,0.0,1.0,head
h02_02_00,0.0,1.0,head
h02_02_01,0.0,1.0,head
h02_02_02,0.0,1.0,head
h02_02_03,0.0,1.0,head
h02_02_04,0.0,1.0,head
h02_02_05,0.0,1.0,head
h02_02_06,0.0,1.0,head
h02_02_07,0.0,1.0,head
h02_02_08,0.0,1.0,head
h02_02_09,0.0,1.0,head
h02_02_10,0.0,1.0,head
h02_02_11,0.0,1.0,head
h02_02_12,0.0,1.0,head
h02_02_13,0.0,1.0,head
h02_02_14,0.0,1.0,head
h02_02_15,0.0,1.0,head
h02_02_16,0.0,1.0,head
h02_02_17,0.0,1.0,head
h02_02_18,0.0,1.0,head
h02_02_19,0.0,1.0,head
h02_02_20,0.0,1.0,head
h02_02_21,0.0,1.0,head
h02_02_22,0.0,1.0,head
h02_02_23,0.0,1.0,head
h02_03_00,0.0,1.0,head
h02_03_01,0.0,1.0,head
h02_03_02,0.0,1.0,head
h02_03_03,0.0,1.0,head
h02_03_04,0.0,1.0,head
h02_03_05,0.0,1.0,head
h02_03_06,0.0,1.0,head
h02_03_07,0.0,1.0,head
h02_03_08,0.0,1.0,head
h02_03_09,0.0,1.0,head
h02_03_10,0.0,1.0,head
h02_03_11,0.0,1.0,head
h02_03_12,0.0,1.0,head
h02_03_13,0.0,1.0,head
h02_03_14,0.0,1.0,head
h02_03_15,0.0,1.0,head
h02_03_16,0.0,1.0,head
h02_03_17,0.0,1.0,head
h02_03_18,0.0,1.0,head
h02_03_19,0.0,1.0,head
h02_03_20,0.0,1.0,head
h02_03_21,0.0,1.0,head
h02_03_22,0.0,1.0,head
h02_03_23,0.0,1.0,head
h02_04_00,0.0,1.0,head
h02_04_01,0.0,1.0,head
h02_04_02,0.0,1.0,head
h02_04_03,0.0,1.0,head
h02_04_04,0.0,1.0,head
h02_04_05,0.0,1.0,head
h02_04_06,0.0,1.0,head
h02_04_07,0.0,1.0,head
h02_04_08,0.0,1.0,head
h02_04_09,0.0,1.0,head
h02_04_10,0.0,1.0,head
h02_04_11,0.0,1.0,head
h02_04_12,0.0,1.0,head
h02_04_13,0.0,1.0,head
h02_04_14,0.0,1.0,head
h02_04_15,0.0,1.0,head
h02_04_16,0.0,1.0,head
h02_04_17,0.0,1.0,head
h02_04_18,0.0,1.0,head
h02_04_19,0.0,1.0,head
h02_04_20,0.0,1.0,head
h02_04_21,0.0,1.0,head
h02_04_22,0.0,1.0,head
h02_04_23,0.0,1.0,head
h02_05_00,0.0,1.0,head
h02_05_01,0.0,1.0,head
h02_05_02,0.0,1.0,head
h02_05_03,0.0,1.0,head
h02_05_04,0.0,1.0,head
h02_05_05,0.0,1.0,head
h02_05_06,0.0,1.0,head
h02_05_07,0.0,1.0,head
h02_05_08,0.0,1.0,head
h02_05_09,0.0,1.0,head
h02_05_10,0.0,1.0,head
h02_05_11,0.0,1.0,head
h02_05_12,0.0,1.0,head
h02_05_13,0.0,1.0,head
h02_05_14,0.0,1.0,head
h02_05_15,0.0,1.0,head
h02_05_16,0.0,1.0,head
h02_05_17,0.0,1.0,head
h02_05_18,0.0,1.0,head
h02_05_19,0.0,1.0,head
h02_05_20,0.0,1.0,head
h02_05_21,0.0,1.0,head
h02_05_22,0.0,1.0,head
h02_05_23,0.0,1.0,head
h02_06_00,0.0,1.0,head
h02_06_01,0.0,1.0,head
h02_06_02,0.0,1.0,head
h02_06_03,0.0,1.0,head
h02_06_04,0.0,1.0,head
h02_06_05,0.0,1.0,head
h02_06_06,0.0,1.0,head
h02_06_07,0.0,1.0,head
h02_06_08,0.0,1.0,head
h02_06_09,0.0,1.0,head
h02_06_10,0.0,1.0,head
h02_06_11,0.0,1.0,head
h02_06_12,0.0,1.0,head
h02_06_13,0.0,1.0,head
h02_06_14,0.0,1.0,head
h02_06_15,0.0,1.0,head
h02_06_16,0.0,1.0,head
h02_06_17,0.0,1.0,head
h02_06_18,0.0,1.0,head
h02_06_19,0.0,1.0,head
h02_06_20,0.0,1.0,head
h02_06_21,0.0,1.0,head
h02_06_22,0.0,1.0,head
h02_06_23,0.0,1.0,head
h02_07_00,0.0,1.0,head
h02_07_01,0.0,1.0,head
h02_07_02,0.0,1.0,head
h02_07_03,0.0,1.0,head
h02_07_04,0.0,1.0,head
h02_07_05,0.0,1.0,head
h02_07_06,0.0,1.0,head
h02_07_07,0.0,1.0,head
h02_07_08,0.0,1.0,head
h02_07_09,0.0,1.0,head
h02_07_10,0.0,1.0,head
h02_07_11,0.0,1.0,head
h02_07_12,0.0,1.0,head
h02_07_13,0.0,1.0,head
h02_07_14,0.0,1.0,head
h02_07_15,0.0,1.0,head
h02_07_16,0.0,1.0,head
h02_07_17,0.0,1.0,head
h02_07_18,0.0,1.0,head
h02_07_19,0.0,1.0,head
h02_07_20,0.0,1.0,head
h02_07_21,0.0,1.0,head
h02_07_22,0.0,1.0,head
h02_07_23,0.0,1.0,head
h02_08_00,0.0,1.0,head
h02_08_01,0.0,1.0,head
h02_08_02,0.0,1.0,head
h02_08_03,0.0,1.0,head
h02_08_04,0.0,1.0,head
h02_08_05,0.0,1.0,head
h02_08_06,0.0,1.0,head
h02_08_07,0.0,1.0,head
h02_08_08,0.0,1.0,head
h02_08_09,0.0,1.0,head
h02_08_10,0.0,1.0,head
h02_08_11,0.0,1.0,head
h02_08_12,0.0,1.0,head
h02_08_13,0.0,1.0,head
h02_08_14,0.0,1.0,head
h02_08_15,0.0,1.0,head
h02_08_16,0.0,1.0,head
h02_08_17,0.0,1.0,head
h02_08_18,0.0,1.0,head
h02_08_19,0.0,1.0,head
h02_08_20,0.0,1.0,head
h02_08_21,0.0,1.0,head
h02_08_22,0.0,1.0,head
h02_08_23,0.0,1.0,head
h02_09_00,0.0,1.0,head
h02_09_01,0.0,1.0,head
h02_09_02,0.0,1.0,head
h02_09_03,0.0,1.0,head
h02_09_04,0.0,1.0,head
h02_09_05,0.0,1.0,head
h02_09_06,0.0,1.0,head
h02_09_07,0.0,1.0,head
h02_09_08,0.0,1.0,head
h02_09_09,0.0,1.0,head
h02_09_10,0.0,1.0,head
h02_09_11,0.0,1.0,head
h02_09_12,0.0,1.0,head
h02_09_13,0.0,1.0,head
h02_09_14,0.0,1.0,head
h02_09_15,0.0,1.0,head
h02_09_16,0.0,1.0,head
h02_09_17,0.0,1.0,head
h02_09_18,0.0,1.0,head
h02_09_19,0.0,1.0,head
h02_09_20,0.0,1.0,head
h02_09_21,0.0,1.0,head
h02_09_22,0.0,1.0,head
h02_09_23,0.0,1.0,head
h02_10_00,0.0,1.0,head
h02_10_01,0.0,1.0,head
h02_10_02,0.0,1.0,head
h02_10_03,0.0,1.0,head
h02_10_04,0.0,1.0,head
h02_10_05,0.0,1.0,head
h02_10_06,0.0,1.0,head
h02_10_07,0.0,1.0,head
h02_10_08,0.0,1.0,head
h02_10_09,0.0,1.0,head
h02_10_10,0.0,1.0,head
h02_10_11,0.0,1.0,head
h02_10_12,0.0,1.0,head
h02_10_13,0.0,1.0,head
h02_10_14,0.0,1.0,head
h02_10_15,0.0,1.0,head
h02_10_16,0.0,1.0,head
h02_10_17,0.0,1.0,head
h02_10_18,0.0,1.0,head
h02_10_19,0.0,1.0,head
h02_10_20,0.0,1.0,head
h02_10_21,0.0,1.0,head
h02_10_22,0.0,1.0,head
h02_10_23,0.0,1.0,head
h02_11_00,0.0,1.0,head
h02_11_01,0.0,1.0,head
h02_11_02,0.0,1.0,head
h02_11_03,0.0,1.0,head
h02_11_04,0.0,1.0,head
h02_11_05,0.0,1.0,head
h02_11_06,0.0,1.0,head
h02_11_07,0.0,1.0,head
h02_11_08,0.0,1.0,head
h02_11_09,0.0,1.0,head
h02_11_10,0.0,1.0,head
h02_11_11,0.0,1.0,head
h02_11_12,0.0,1.0,head
h02_11_13,0.0,1.0,head
h02_11_14,0.0,1.0,head
h02_11_15,0.0,1.0,head
h02_11_16,0.0,1.0,head
h02_11_17,0.0,1.0,head
h02_11_18,0.0,1.0,head
h02_11_19,0.0,1.0,head
h02_11_20,0.0,1.0,head
h02_11_21,0.0,1.0,head
h02_11_22,0.0,1.0,head
h02_11_23,0.0,1.0,head
h02_12_00,0.0,1.0,head
h02_12_01,0.0,1.0,head
h02_12_02,0.0,1.0,head
h02_12_03,0.0,1.0,head
h02_12_04,0.0,1.0,head
h02_12_05,0.0,1.0,head
h02_12_06,0.0,1.0,head
h02_12_07,0.0,1.0,head
h02_12_08,0.0,1.0,head
h02_12_09,0.0,1.0,head
h02_12_10,0.0,1.0,head
h02_12_11,0.0,1.0,head
h02_12_12,0.0,1.0,head
h02_12_13,0.0,1.0,head
h02_12_14,0.0,1.0,head
h02_12_15,0.0,1.0,head
h02_12_16,0.0,1.0,head
h02_12_17,0.0,1.0,head
h02_12_18,0.0,1.0,head
h02_12_19,0.0,1.0,head
h02_12_20,0.0,1.0,head
h02_12_21,0.0,1.0,head
h02_12_22,0.0,1.0,head
h02_12_23,0.0,1.0,head
h02_13_00,0.0,1.0,head
h02_13_01,0.0,1.0,head
h02_13_02,0.0,1.0,head
h02_13_03,0.0,1.0,head
h02_13_04,0.0,1.0,head
h02_13_05,0.0,1.0,head
h02_13_06,0.0,1.0,head
h02_13_07,0.0,1.0,head
h02_13_08,0.0,1.0,head
h02_13_09,0.0,1.0,head
h02_13_10,0.0,1.0,head
h02_13_11,0.0,1.0,head
h02_13_12,0.0,1.0,head
h02_13_13,0.0,1.0,head
h02_13_14,0.0,1.0,head
h02_13_15,0.0,1.0,head
h02_13_16,0.0,1.0,head
h02_13_17,0.0,1.0,head
h02_13_18,0.0,1.0,head
h02_13_19,0.0,1.0,head
h02_13_20,0.0,1.0,head
h02_13_21,0.0,1.0,head
h02_13_22,0.0,1.0,head
h02_13_23,0.0,1.0,head
h02_14_00,0.0,1.0,head
h02_14_01,0.0,1.0,head
h02_14_02,0.0,1.0,head
h02_14_03,0.0,1.0,head
h02_14_04,0.0,1.0,head
h02_14_05,0.0,1.0,head
h02_14_06,0.0,1.0,head
h02_14_07,0.0,1.0,head
h02_14_08,0.0,1.0,head
h02_14_09,0.0,1.0,head
h02_14_10,0.0,1.0,head
h02_14_11,0.0,1.0,head
h02_14_12,0.0,1.0,head
h02_14_13,0.0,1.0,head
h02_14_14,0.0,1.0,head
h02_14_15,0.0,1.0,head
h02_14_16,0.0,1.0,head
h02_14_17,0.0,1.0,head
h02_14_18,0.0,1.0,head
h02_14_19,0.0,1.0,head
h02_14_20,0.0,1.0,head
h02_14_21,0.0,1.0,head
h02_14_22,0.0,1.0,head
h02_14_23,0.0,1.0,head
h02_15_00,0.0,1.0,head
h02_15_01,0.0,1.0,head
h02_15_02,0.0,1.0,head
h02_15_03,0.0,1.0,head
h02_15_04,0.0,1.0,head
h02_15_05,0.0,1.0,head
h02_15_06,0.0,1.0,head
h02_15_07,0.0,1.0,head
h02_15_08,0.0,1.0,head
h02_15_09,0.0,1.0,head
h02_15_10,0.0,1.0,head
h02_15_11,0.0,1.0,head
h02_15_12,0.0,1.0,head
h02_15_13,0.0,1.0,head
h02_15_14,0.0,1.0,head
h02_15_15,0.0,1.0,head
h02_15_16,0.0,1.0,head
h02_15_17,0.0,1.0,head
h02_15_18,0.0,1.0,head
h02_15_19,0.0,1.0,head
h02_15_20,0.0,1.0,head
h02_15_21,0.0,1.0,head
h02_15_22,0.0,1.0,head
h02_15_23,0.0,1.0,head
h02_16_00,0.0,1.0,head
h02_16_01,0.0,1.0,head
h02_16_02,0.0,1.0,head
h02_16_03,0.0,1.0,head
h02_16_04,0.0,1.0,head
h02_16_05,0.0,1.0,head
h02_16_06,0.0,1.0,head
h02_16_07,0.0,1.0,head
h02_16_08,0.0,1.0,head
h02_16_09,0.0,1.0,head
h02_16_10,0.0,1.0,head
h02_16_11,0.0,1.0,head
h02_16_12,0.0,1.0,head
h02_16_13,0.0,1.0,head
h02_16_14,0.0,1.0,head
h02_16_15,0.0,1.0,head
h02_16_16,0.0,1.0,head
h02_16_17,0.0,1.0,head
h02_16_18,0.0,1.0,head
h02_16_19,0.0,1.0,head
h02_16_20,0.0,1.0,head
h02_16_21,0.0,1.0,head
h02_16_22,0.0,1.0,head
h02_16_23,0.0,1.0,head
h02_17_00,0.0,1.0,head
h02_17_01,0.0,1.0,head
h02_17_02,0.0,1.0,head
h02_17_03,0.0,1.0,head
h02_17_04,0.0,1.0,head
h02_17_05,0.0,1.0,head
h02_17_06,0.0,1.0,head
h02_17_07,0.0,1.0,head
h02_17_08,0.0,1.0,head
h02_17_09,0.0,1.0,head
h02_17_10,0.0,1.0,head
h02_17_11,0.0,1.0,head
h02_17_12,0.0,1.0,head
h02_17_13,0.0,1.0,head
h02_17_14,0.0,1.0,head
h02_17_15,0.0,1.0,head
h02_17_16,0.0,1.0,head
h02_17_17,0.0,1.0,head
h02_17_18,0.0,1.0,head
h02_17_19,0.0,1.0,head
h02_17_20,0.0,1.0,head
h02_17_21,0.0,1.0,head
h02_17_22,0.0,1.0,head
h02_17_23,0.0,1.0,head
h02_18_00,0.0,1.0,head
h02_18_01,0.0,1.0,head
h02_18_02,0.0,1.0,head
h02_18_03,0.0,1.0,head
h02_18_04,0.0,1.0,head
h02_18_05,0.0,1.0,head
h02_18_06,0.0,1.0,head
h02_18_07,0.0,1.0,head
h02_18_08,0.0,1.0,head
h02_18_09,0.0,1.0,head
h02_18_10,0.0,1.0,head
h02_18_11,0.0,1.0,head
h02_18_12,0.0,1.0,head
h02_18_13,0.0,1.0,head
h02_18_14,0.0,1.0,head
h02_18_15,0.0,1.0,head
h02_18_16,0.0,1.0,head
h02_18_17,0.0,1.0,head
h02_18_18,0.0,1.0,head
h02_18_19,0.0,1.0,head
h02_18_20,0.0,1.0,head
h02_18_21,0.0,1.0,head
h02_18_22,0.0,1.0,head
h02_18_23,0.0,1.0,head
h02_19_00,0.0,1.0,head
h02_19_01,0.0,1.0,head
h02_19_02,0.0,1.0,head
h02_19_03,0.0,1.0,head
h02_19_04,0.0,1.0,head
h02_19_05,0.0,1.0,head
h02_19_06,0.0,1.0,head
h02_19_07,0.0,1.0,head
h02_19_08,0.0,1.0,head
h02_19_09,0.0,1.0,head
h02_19_10,0.0,1.0,head
h02_19_11,0.0,1.0,head
h02_19_12,0.0,1.0,head
h02_19_13,0.0,1.0,head
h02_19_14,0.0,1.0,head
h02_19_15,0.0,1.0,head
h02_19_16,0.0,1.0,head
h02_19_17,0.0,1.0,head
h02_19_18,0.0,1.0,head
h02_19_19,0.0,1.0,head
h02_19_20,0.0,1.0,head
h02_19_21,0.0,1.0,head
h02_19_22,0.0,1.0,head
h02_19_23,0.0,1.0,head
h02_20_00,0.0,1.0,head
h02_20_01,0.0,1.0,head
h02_20_02,0.0,1.0,head
h02_20_03,0.0,1.0,head
h02_20_04,0.0,1.0,head
h02_20_05,0.0,1.0,head
h02_20_06,0.0,1.0,head
h02_20_07,0.0,1.0,head
h02_20_08,0.0,1.0,head
h02_20_09,0.0,1.0,head
h02_20_10,0.0,1.0,head
h02_20_11,0.0,1.0,head
h02_20_12,0.0,1.0,head
h02_20_13,0.0,1.0,head
h02_20_14,0.0,1.0,head
h02_20_15,0.0,1.0,head
h02_20_16,0.0,1.0,head
h02_20_17,0.0,1.0,head
h02_20_18,0.0,1.0,head
h02_20_19,0.0,1.0,head
h02_20_20,0.0,1.0,head
h02_20_21,0.0,1.0,head
h02_20_22,0.0,1.0,head
h02_20_23,0.0,1.0,head
h02_21_00,0.0,1.0,head
h02_21_01,0.0,1.0,head
h02_21_02,0.0,1.0,head
h02_21_03,0.0,1.0,head
h02_21_04,0.0,1.0,head
h02_21_05,0.0,1.0,head
h02_21_06,0.0,1.0,head
h02_21_07,0.0,1.0,head
h02_21_08,0.0,1.0,head
h02_21_09,0.0,1.0,head
h02_21_10,0.0,1.0,head
h02_21_11,0.0,1.0,head
h02_21_12,0.0,1.0,head
h02_21_13,0.0,1.0,head
h02_21_14,0.0,1.0,head
h02_21_15,0.0,1.0,head
h02_21_16,0.0,1.0,head
h02_21_17,0.0,1.0,head
h02_21_18,0.0,1.0,head
h02_21_19,0.0,1.0,head
h02_21_20,0.0,1.0,head
h02_21_21,0.0,1.0,head
h02_21_22,0.0,1.0,head
h02_21_23,0.0,1.0,head
h02_22_00,0.0,1.0,head
h02_22_01,0.0,1.0,head
h02_22_02,0.0,1.0,head
h02_22_03,0.0,1.0,head
h02_22_04,0.0,1.0,head
h02_22_05,0.0,1.0,head
h02_22_06,0.0,1.0,head
h02_22_07,0.0,1.0,head
h02_22_08,0.0,1.0,head
h02_22_09,0.0,1.0,head
h02_22_10,0.0,1.0,head
h02_22_11,0.0,1.0,head
h02_22_12,0.0,1.0,head
h02_22_13,0.0,1.0,head
h02_22_14,0.0,1.0,head
h02_22_15,0.0,1.0,head
h02_22_16,0.0,1.0,head
h02_22_17,0.0,1.0,head
h02_22_18,0.0,1.0,head
h02_22_19,0.0,1.0,head
h02_22_20,0.0,1.0,head
h02_22_21,0.0,1.0,head
h02_22_22,0.0,1.0,head
h02_22_23,0.0,1.0,head
h02_23_00,0.0,1.0,head
h02_23_01,0.0,1.0,head
h02_23_02,0.0,1.0,head
h02_23_03,0.0,1.0,head
h02_23_04,0.0,1.0,head
h02_23_05,0.0,1.0,head
h02_23_06,0.0,1.0,head
h02_23_07,0.0,1.0,head
h02_23_08,0.0,1.0,head
h02_23_09,0.0,1.0,head
h02_23_10,0.0,1.0,head
h02_23_11,0.0,1.0,head
h02_23_12,0.0,1.0,head
h02_23_13,0.0,1.0,head
h02_23_14,0.0,1.0,head
h02_23_15,0.0,1.0,head
h02_23_16,0.0,1.0,head
h02_23_17,0.0,1.0,head
h02_23_18,0.0,1.0,head
h02_23_19,0.0,1.0,head
h02_23_20,0.0,1.0,head
h02_23_21,0.0,1.0,head
h02_23_22,0.0,1.0,head
h02_23_23,0.0,1.0,head
h02_24_00,0.0,1.0,head
h02_24_01,0.0,1.0,head
h02_24_02,0.0,1.0,head
h02_24_03,0.0,1.0,head
h02_24_04,0.0,1.0,head
h02_24_05,0.0,1.0,head
h02_24_06,0.0,1.0,head
h02_24_07,0.0,1.0,head
h02_24_08,0.0,1.0,head
h02_24_09,0.0,1.0,head
h02_24_10,0.0,1.0,head
h02_24_11,0.0,1.0,head
h02_24_12,0.0,1.0,head
h02_24_13,0.0,1.0,head
h02_24_14,0.0,1.0,head
h02_24_15,0.0,1.0,head
h02_24_16,0.0,1.0,head
h02_24_17,0.0,1.0,head
h02_24_18,0.0,1.0,head
h02_24_19,0.0,1.0,head
h02_24_20,0.0,1.0,head
h02_24_21,0.0,1.0,head
h02_24_22,0.0,1.0,head
h02_24_23,0.0,1.0,head
h02_25_00,0.0,1.0,head
h02_25_01,0.0,1.0,head
h02_25_02,0.0,1.0,head
h02_25_03,0.0,1.0,head
h02_25_04,0.0,1.0,head
h02_25_05,0.0,1.0,head
h02_25_06,0.0,1.0,head
h02_25_07,0.0,1.0,head
h02_25_08,0.0,1.0,head
h02_25_09,0.0,1.0,head
h02_25_10,0.0,1.0,head
h02_25_11,0.0,1.0,head
h02_25_12,0.0,1.0,head
h02_25_13,0.0,1.0,head
h02_25_14,0.0,1.0,head
h02_25_15,0.0,1.0,head
h02_25_16,0.0,1.0,head
h02_25_17,0.0,1.0,head
h02_25_18,0.0,1.0,head
h02_25_19,0.0,1.0,head
h02_25_20,0.0,1.0,head
h02_25_21,0.0,1.0,head
h02_25_22,0.0,1.0,head
h02_25_23,0.0,1.0,head
h02_26_00,0.0,1.0,head
h02_26_01,0.0,1.0,head
h02_26_02,0.0,1.0,head
h02_26_03,0.0,1.0,head
h02_26_04,0.0,1.0,head
h02_26_05,0.0,1.0,head
h02_26_06,0.0,1.0,head
h02_26_07,0.0,1.0,head
h02_26_08,0.0,1.0,head
h02_26_09,0.0,1.0,head
h02_26_10,0.0,1.0,head
h02_26_11,0.0,1.0,head
h02_26_12,0.0,1.0,head
h02_26_13,0.0,1.0,head
h02_26_14,0.0,1.0,head
h02_26_15,0.0,1.0,head
h02_26_16,0.0,1.0,head
h02_26_17,0.0,1.0,head
h02_26_18,0.0,1.0,head
h02_26_19,0.0,1.0,head
h02_26_20,0.0,1.0,head
h02_26_21,0.0,1.0,head
h02_26_22,0.0,1.0,head
h02_26_23,0.0,1.0,head
h02_27_00,0.0,1.0,head
h02_27_01,0.0,1.0,head
h02_27_02,0.0,1.0,head
h02_27_03,0.0,1.0,head
h02_27_04,0.0,1.0,head
h02_27_05,0.0,1.0,head
h02_27_06,0.0,1.0,head
h02_27_07,0.0,1.0,head
h02_27_08,0.0,1.0,head
h02_27_09,0.0,1.0,head
h02_27_10,0.0,1.0,head
h02_27_11,0.0,1.0,head
h02_27_12,0.0,1.0,head
h02_27_13,0.0,1.0,head
h02_27_14,0.0,1.0,head
h02_27_15,0.0,1.0,head
h02_27_16,0.0,1.0,head
h02_27_17,0.0,1.0,head
h02_27_18,0.0,1.0,head
h02_27_19,0.0,1.0,head
h02_27_20,0.0,1.0,head
h02_27_21,0.0,1.0,head
h02_27_22,0.0,1.0,head
h02_27_23,0.0,1.0,head
h02_28_00,0.0,1.0,head
h02_28_01,0.0,1.0,head
h02_28_02,0.0,1.0,head
h02_28_03,0.0,1.0,head
h02_28_04,0.0,1.0,head
h02_28_05,0.0,1.0,head
h02_28_06,0.0,1.0,head
h02_28_07,0.0,1.0,head
h02_28_08,0.0,1.0,head
h02_28_09,0.0,1.0,head
h02_28_10,0.0,1.0,head
h02_28_11,0.0,1.0,head
h02_28_12,0.0,1.0,head
h02_28_13,0.0,1.0,head
h02_28_14,0.0,1.0,head
h02_28_15,0.0,1.0,head
h02_28_16,0.0,1.0,head
h02_28_17,0.0,1.0,head
h02_28_18,0.0,1.0,head
h02_28_19,0.0,1.0,head
h02_28_20,0.0,1.0,head
h02_28_21,0.0,1.0,head
h02_28_22,0.0,1.0,head
h02_28_23,0.0,1.0,head
h02_29_00,0.0,1.0,head
h02_29_01,0.0,1.0,head
h02_29_02,0.0,1.0,head
h02_29_03,0.0,1.0,head
h02_29_04,0.0,1.0,head
h02_29_05,0.0,1.0,head
h02_29_06,0.0,1.0,head
h02_29_07,0.0,1.0,head
h02_29_08,0.0,1.0,head
h02_29_09,0.0,1.0,head
h02_29_10,0.0,1.0,head
h02_29_11,0.0,1.0,head
h02_29_12,0.0,1.0,head
h02_29_13,0.0,1.0,head
h02_29_14,0.0,1.0,head
h02_29_15,0.0,1.0,head
h02_29_16,0.0,1.0,head
h02_29_17,0.0,1.0,head
h02_29_18,0.0,1.0,head
h02_29_19,0.0,1.0,head
h02_29_20,0.0,1.0,head
h02_29_21,0.0,1.0,head
h02_29_22,0.0,1.0,head
h02_29_23,0.0,1.0,head
h03_00_00,0.0,1.0,head
h03_00_01,0.0,1.0,head
h03_00_02,0.0,1.0,head
h03_00_03,0.0,1.0,head
h03_00_04,0.0,1.0,head
h03_00_05,0.0,1.0,head
h03_00_06,0.0,1.0,head
h03_00_07,0.0,1.0,head
h03_00_08,0.0,1.0,head
h03_00_09,0.0,1.0,head
h03_00_10,0.0,1.0,head
h03_00_11,0.0,1.0,head
h03_00_12,0.0,1.0,head
h03_00_13,0.0,1.0,head
h03_00_14,0.0,1.0,head
h03_00_15,0.0,1.0,head
h03_00_16,0.0,1.0,head
h03_00_17,0.0,1.0,head
h03_00_18,0.0,1.0,head
h03_00_19,0.0,1.0,head
h03_00_20,0.0,1.0,head
h03_00_21,0.0,1.0,head
h03_00_22,0.0,1.0,head
h03_00_23,0.0,1.0,head
h03_01_00,0.0,1.0,head
h03_01_01,0.0,1.0,head
h03_01_02,0.0,1.0,head
h03_01_03,0.0,1.0,head
h03_01_04,0.0,1.0,head
h03_01_05,0.0,1.0,head
h03_01_06,0.0,1.0,head
h03_01_07,0.0,1.0,head
h03_01_08,0.0,1.0,head
h03_01_09,0.0,1.0,head
h03_01_10,0.0,1.0,head
h03_01_11,0.0,1.0,head
h03_01_12,0.0,1.0,head
h03_01_13,0.0,1.0,head
h03_01_14,0.0,1.0,head
h03_01_15,0.0,1.0,head
h03_01_16,0.0,1.0,head
h03_01_17,0.0,1.0,head
h03_01_18,0.0,1.0,head
h03_01_19,0.0,1.0,head
h03_01_20,0.0,1.0,head
h03_01_21,0.0,1.0,head
h03_01_22,0.0,1.0,head
h03_01_23,0.0,1.0,head
h03_02_00,0.0,1.0,head
h03_02_01,0.0,1.0,head
h03_02_02,0.0,1.0,head
h03_02_03,0.0,1.0,head
h03_02_04,0.0,1.0,head
h03_02_05,0.0,1.0,head
h03_02_06,0.0,1.0,head
h03_02_07,0.0,1.0,head
h03_02_08,0.0,1.0,head
h03_02_09,0.0,1.0,head
h03_02_10,0.0,1.0,head
h03_02_11,0.0,1.0,head
h03_02_12,0.0,1.0,head
h03_02_13,0.0,1.0,head
h03_02_14,0.0,1.0,head
h03_02_15,0.0,1.0,head
h03_02_16,0.0,1.0,head
h03_02_17,0.0,1.0,head
h03_02_18,0.0,1.0,head
h03_02_19,0.0,1.0,head
h03_02_20,0.0,1.0,head
h03_02_21,0.0,1.0,head
h03_02_22,0.0,1.0,head
h03_02_23,0.0,1.0,head
h03_03_00,0.0,1.0,head
h03_03_01,0.0,1.0,head
h03_03_02,0.0,1.0,head
h03_03_03,0.0,1.0,head
h03_03_04,0.0,1.0,head
h03_03_05,0.0,1.0,head
h03_03_06,0.0,1.0,head
h03_03_07,0.0,1.0,head
h03_03_08,0.0,1.0,head
h03_03_09,0.0,1.0,head
h03_03_10,0.0,1.0,head
h03_03_11,0.0,1.0,head
h03_03_12,0.0,1.0,head
h03_03_13,0.0,1.0,head
h03_03_14,0.0,1.0,head
h03_03_15,0.0,1.0,head
h03_03_16,0.0,1.0,head
h03_03_17,0.0,1.0,head
h03_03_18,0.0,1.0,head
h03_03_19,0.0,1.0,head
h03_03_20,0.0,1.0,head
h03_03_21,0.0,1.0,head
h03_03_22,0.0,1.0,head
h03_03_23,0.0,1.0,head
h03_04_00,0.0,1.0,head
h03_04_01,0.0,1.0,head
h03_04_02,0.0,1.0,head
h03_04_03,0.0,1.0,head
h03_04_04,0.0,1.0,head
h03_04_05,0.0,1.0,head
h03_04_06,0.0,1.0,head
h03_04_07,0.0,1.0,head
h03_04_08,0.0,1.0,head
h03_04_09,0.0,1.0,head
h03_04_10,0.0,1.0,head
h03_04_11,0.0,1.0,head
h03_04_12,0.0,1.0,head
h03_04_13,0.0,1.0,head
h03_04_14,0.0,1.0,head
h03_04_15,0.0,1.0,head
h03_04_16,0.0,1.0,head
h03_04_17,0.0,1.0,head
h03_04_18,0.0,1.0,head
h03_04_19,0.0,1.0,head
h03_04_20,0.0,1.0,head
h03_04_21,0.0,1.0,head
h03_04_22,0.0,1.0,head
h03_04_23,0.0,1.0,head
h03_05_00,0.0,1.0,head
h03_05_01,0.0,1.0,head
h03_05_02,0.0,1.0,head
h03_05_03,0.0,1.0,head
h03_05_04,0.0,1.0,head
h03_05_05,0.0,1.0,head
h03_05_06,0.0,1.0,head
h03_05_07,0.0,1.0,head
h03_05_08,0.0,1.0,head
h03_05_09,0.0,1.0,head
h03_05_10,0.0,1.0,head
h03_05_11,0.0,1.0,head
h03_05_12,0.0,1.0,head
h03_05_13,0.0,1.0,head
h03_05_14,0.0,1.0,head
h03_05_15,0.0,1.0,head
h03_05_16,0.0,1.0,head
h03_05_17,0.0,1.0,head
h03_05_18,0.0,1.0,head
h03_05_19,0.0,1.0,head
h03_05_20,0.0,1.0,head
h03_05_21,0.0,1.0,head
h03_05_22,0.0,1.0,head
h03_05_23,0.0,1.0,head
h03_06_00,0.0,1.0,head
h03_06_01,0.0,1.0,head
h03_06_02,0.0,1.0,head
h03_06_03,0.0,1.0,head
h03_06_04,0.0,1.0,head
h03_06_05,0.0,1.0,head
h03_06_06,0.0,1.0,head
h03_06_07,0.0,1.0,head
h03_06_08,0.0,1.0,head
h03_06_09,0.0,1.0,head
h03_06_10,0.0,1.0,head
h03_06_11,0.0,1.0,head
h03_06_12,0.0,1.0,head
h03_06_13,0.0,1.0,head
h03_06_14,0.0,1.0,head
h03_06_15,0.0,1.0,head
h03_06_16,0.0,1.0,head
h03_06_17,0.0,1.0,head
h03_06_18,0.0,1.0,head
h03_06_19,0.0,1.0,head
h03_06_20,0.0,1.0,head
h03_06_21,0.0,1.0,head
h03_06_22,0.0,1.0,head
h03_06_23,0.0,1.0,head
h03_07_00,0.0,1.0,head
h03_07_01,0.0,1.0,head
h03_07_02,0.0,1.0,head
h03_07_03,0.0,1.0,head
h03_07_04,0.0,1.0,head
h03_07_05,0.0,1.0,head
h03_07_06,0.0,1.0,head
h03_07_07,0.0,1.0,head
h03_07_08,0.0,1.0,head
h03_07_09,0.0,1.0,head
h03_07_10,0.0,1.0,head
h03_07_11,0.0,1.0,head
h03_07_12,0.0,1.0,head
h03_07_13,0.0,1.0,head
h03_07_14,0.0,1.0,head
h03_07_15,0.0,1.0,head
h03_07_16,0.0,1.0,head
h03_07_17,0.0,1.0,head
h03_07_18,0.0,1.0,head
h03_07_19,0.0,1.0,head
h03_07_20,0.0,1.0,head
h03_07_21,0.0,1.0,head
h03_07_22,0.0,1.0,head
h03_07_23,0.0,1.0,head
h03_08_00,0.0,1.0,head
h03_08_01,0.0,1.0,head
h03_08_02,0.0,1.0,head
h03_08_03,0.0,1.0,head
h03_08_04,0.0,1.0,head
h03_08_05,0.0,1.0,head
h03_08_06,0.0,1.0,head
h03_08_07,0.0,1.0,head
h03_08_08,0.0,1.0,head
h03_08_09,0.0,1.0,head
h03_08_10,0.0,1.0,head
h03_08_11,0.0,1.0,head
h03_08_12,0.0,1.0,head
h03_08_13,0.0,1.0,head
h03_08_14,0.0,1.0,head
h03_08_15,0.0,1.0,head
h03_08_16,0.0,1.0,head
h03_08_17,0.0,1.0,head
h03_08_18,0.0,1.0,head
h03_08_19,0.0,1.0,head
h03_08_20,0.0,1.0,head
h03_08_21,0.0,1.0,head
h03_08_22,0.0,1.0,head
h03_08_23,0.0,1.0,head
h03_09_00,0.0,1.0,head
h03_09_01,0.0,1.0,head
h03_09_02,0.0,1.0,head
h03_09_03,0.0,1.0,head
h03_09_04,0.0,1.0,head
h03_09_05,0.0,1.0,head
h03_09_06,0.0,1.0,head
h03_09_07,0.0,1.0,head
h03_09_08,0.0,1.0,head
h03_09_09,0.0,1.0,head
h03_09_10,0.0,1.0,head
h03_09_11,0.0,1.0,head
h03_09_12,0.0,1.0,head
h03_09_13,0.0,1.0,head
h03_09_14,0.0,1.0,head
h03_09_15,0.0,1.0,head
h03_09_16,0.0,1.0,head
h03_09_17,0.0,1.0,head
h03_09_18,0.0,1.0,head
h03_09_19,0.0,1.0,head
h03_09_20,0.0,1.0,head
h03_09_21,0.0,1.0,head
h03_09_22,0.0,1.0,head
h03_09_23,0.0,1.0,head
h03_10_00,0.0,1.0,head
h03_10_01,0.0,1.0,head
h03_10_02,0.0,1.0,head
h03_10_03,0.0,1.0,head
h03_10_04,0.0,1.0,head
h03_10_05,0.0,1.0,head
h03_10_06,0.0,1.0,head
h03_10_07,0.0,1.0,head
h03_10_08,0.0,1.0,head
h03_10_09,0.0,1.0,head
h03_10_10,0.0,1.0,head
h03_10_11,0.0,1.0,head
h03_10_12,0.0,1.0,head
h03_10_13,0.0,1.0,head
h03_10_14,0.0,1.0,head
h03_10_15,0.0,1.0,head
h03_10_16,0.0,1.0,head
h03_10_17,0.0,1.0,head
h03_10_18,0.0,1.0,head
h03_10_19,0.0,1.0,head
h03_10_20,0.0,1.0,head
h03_10_21,0.0,1.0,head
h03_10_22,0.0,1.0,head
h03_10_23,0.0,1.0,head
h03_11_00,0.0,1.0,head
h03_11_01,0.0,1.0,head
h03_11_02,0.0,1.0,head
h03_11_03,0.0,1.0,head
h03_11_04,0.0,1.0,head
h03_11_05,0.0,1.0,head
h03_11_06,0.0,1.0,head
h03_11_07,0.0,1.0,head
h03_11_08,0.0,1.0,head
h03_11_09,0.0,1.0,head
h03_11_10,0.0,1.0,head
h03_11_11,0.0,1.0,head
h03_11_12,0.0,1.0,head
h03_11_13,0.0,1.0,head
h03_11_14,0.0,1.0,head
h03_11_15,0.0,1.0,head
h03_11_16,0.0,1.0,head
h03_11_17,0.0,1.0,head
h03_11_18,0.0,1.0,head
h03_11_19,0.0,1.0,head
h03_11_20,0.0,1.0,head
h03_11_21,0.0,1.0,head
h03_11_22,0.0,1.0,head
h03_11_23,0.0,1.0,head
h03_12_00,0.0,1.0,head
h03_12_01,0.0,1.0,head
h03_12_02,0.0,1.0,head
h03_12_03,0.0,1.0,head
h03_12_04,0.0,1.0,head
h03_12_05,0.0,1.0,head
h03_12_06,0.0,1.0,head
h03_12_07,0.0,1.0,head
h03_12_08,0.0,1.0,head
h03_12_09,0.0,1.0,head
h03_12_10,0.0,1.0,head
h03_12_11,0.0,1.0,head
h03_12_12,0.0,1.0,head
h03_12_13,0.0,1.0,head
h03_12_14,0.0,1.0,head
h03_12_15,0.0,1.0,head
h03_12_16,0.0,1.0,head
h03_12_17,0.0,1.0,head
h03_12_18,0.0,1.0,head
h03_12_19,0.0,1.0,head
h03_12_20,0.0,1.0,head
h03_12_21,0.0,1.0,head
h03_12_22,0.0,1.0,head
h03_12_23,0.0,1.0,head
h03_13_00,0.0,1.0,head
h03_13_01,0.0,1.0,head
h03_13_02,0.0,1.0,head
h03_13_03,0.0,1.0,head
h03_13_04,0.0,1.0,head
h03_13_05,0.0,1.0,head
h03_13_06,0.0,1.0,head
h03_13_07,0.0,1.0,head
h03_13_08,0.0,1.0,head
h03_13_09,0.0,1.0,head
h03_13_10,0.0,1.0,head
h03_13_11,0.0,1.0,head
h03_13_12,0.0,1.0,head
h03_13_13,0.0,1.0,head
h03_13_14,0.0,1.0,head
h03_13_15,0.0,1.0,head
h03_13_16,0.0,1.0,head
h03_13_17,0.0,1.0,head
h03_13_18,0.0,1.0,head
h03_13_19,0.0,1.0,head
h03_13_20,0.0,1.0,head
h03_13_21,0.0,1.0,head
h03_13_22,0.0,1.0,head
h03_13_23,0.0,1.0,head
h03_14_00,0.0,1.0,head
h03_14_01,0.0,1.0,head
h03_14_02,0.0,1.0,head
h03_14_03,0.0,1.0,head
h03_14_04,0.0,1.0,head
h03_14_05,0.0,1.0,head
h03_14_06,0.0,1.0,head
h03_14_07,0.0,1.0,head
h03_14_08,0.0,1.0,head
h03_14_09,0.0,1.0,head
h03_14_10,0.0,1.0,head
h03_14_11,0.0,1.0,head
h03_14_12,0.0,1.0,head
h03_14_13,0.0,1.0,head
h03_14_14,0.0,1.0,head
h03_14_15,0.0,1.0,head
h03_14_16,0.0,1.0,head
h03_14_17,0.0,1.0,head
h03_14_18,0.0,1.0,head
h03_14_19,0.0,1.0,head
h03_14_20,0.0,1.0,head
h03_14_21,0.0,1.0,head
h03_14_22,0.0,1.0,head
h03_14_23,0.0,1.0,head
h03_15_00,0.0,1.0,head
h03_15_01,0.0,1.0,head
h03_15_02,0.0,1.0,head
h03_15_03,0.0,1.0,head
h03_15_04,0.0,1.0,head
h03_15_05,0.0,1.0,head
h03_15_06,0.0,1.0,head
h03_15_07,0.0,1.0,head
h03_15_08,0.0,1.0,head
h03_15_09,0.0,1.0,head
h03_15_10,0.0,1.0,head
h03_15_11,0.0,1.0,head
h03_15_12,0.0,1.0,head
h03_15_13,0.0,1.0,head
h03_15_14,0.0,1.0,head
h03_15_15,0.0,1.0,head
h03_15_16,0.0,1.0,head
h03_15_17,0.0,1.0,head
h03_15_18,0.0,1.0,head
h03_15_19,0.0,1.0,head
h03_15_20,0.0,1.0,head
h03_15_21,0.0,1.0,head
h03_15_22,0.0,1.0,head
h03_15_23,0.0,1.0,head
h03_16_00,0.0,1.0,head
h03_16_01,0.0,1.0,head
h03_16_02,0.0,1.0,head
h03_16_03,0.0,1.0,head
h03_16_04,0.0,1.0,head
h03_16_05,0.0,1.0,head
h03_16_06,0.0,1.0,head
h03_16_07,0.0,1.0,head
h03_16_08,0.0,1.0,head
h03_16_09,0.0,1.0,head
h03_16_10,0.0,1.0,head
h03_16_11,0.0,1.0,head
h03_16_12,0.0,1.0,head
h03_16_13,0.0,1.0,head
h03_16_14,0.0,1.0,head
h03_16_15,0.0,1.0,head
h03_16_16,0.0,1.0,head
h03_16_17,0.0,1.0,head
h03_16_18,0.0,1.0,head
h03_16_19,0.0,1.0,head
h03_16_20,0.0,1.0,head
h03_16_21,0.0,1.0,head
h03_16_22,0.0,1.0,head
h03_16_23,0.0,1.0,head
h03_17_00,0.0,1.0,head
h03_17_01,0.0,1.0,head
h03_17_02,0.0,1.0,head
h03_17_03,0.0,1.0,head
h03_17_04,0.0,1.0,head
h03_17_05,0.0,1.0,head
h03_17_06,0.0,1.0,head
h03_17_07,0.0,1.0,head
h03_17_08,0.0,1.0,head
h03_17_09,0.0,1.0,head
h03_17_10,0.0,1.0,head
h03_17_11,0.0,1.0,head
h03_17_12,0.0,1.0,head
h03_17_13,0.0,1.0,head
h03_17_14,0.0,1.0,head
h03_17_15,0.0,1.0,head
h03_17_16,0.0,1.0,head
h03_17_17,0.0,1.0,head
h03_17_18,0.0,1.0,head
h03_17_19,0.0,1.0,head
h03_17_20,0.0,1.0,head
h03_17_21,0.0,1.0,head
h03_17_22,0.0,1.0,head
h03_17_23,0.0,1.0,head
h03_18_00,0.0,1.0,head
h03_18_01,0.0,1.0,head
h03_18_02,0.0,1.0,head
h03_18_03,0.0,1.0,head
h03_18_04,0.0,1.0,head
h03_18_05,0.0,1.0,head
h03_18_06,0.0,1.0,head
h03_18_07,0.0,1.0,head
h03_18_08,0.0,1.0,head
h03_18_09,0.0,1.0,head
h03_18_10,0.0,1.0,head
h03_18_11,0.0,1.0,head
h03_18_12,0.0,1.0,head
h03_18_13,0.0,1.0,head
h03_18_14,0.0,1.0,head
h03_18_15,0.0,1.0,head
h03_18_16,0.0,1.0,head
h03_18_17,0.0,1.0,head
h03_18_18,0.0,1.0,head
h03_18_19,0.0,1.0,head
h03_18_20,0.0,1.0,head
h03_18_21,0.0,1.0,head
h03_18_22,0.0,1.0,head
h03_18_23,0.0,1.0,head
h03_19_00,0.0,1.0,head
h03_19_01,0.0,1.0,head
h03_19_02,0.0,1.0,head
h03_19_03,0.0,1.0,head
h03_19_04,0.0,1.0,head
h03_19_05,0.0,1.0,head
h03_19_06,0.0,1.0,head
h03_19_07,0.0,1.0,head
h03_19_08,0.0,1.0,head
h03_19_09,0.0,1.0,head
h03_19_10,0.0,1.0,head
h03_19_11,0.0,1.0,head
h03_19_12,0.0,1.0,head
h03_19_13,0.0,1.0,head
h03_19_14,0.0,1.0,head
h03_19_15,0.0,1.0,head
h03_19_16,0.0,1.0,head
h03_19_17,0.0,1.0,head
h03_19_18,0.0,1.0,head
h03_19_19,0.0,1.0,head
h03_19_20,0.0,1.0,head
h03_19_21,0.0,1.0,head
h03_19_22,0.0,1.0,head
h03_19_23,0.0,1.0,head
h03_20_00,0.0,1.0,head
h03_20_01,0.0,1.0,head
h03_20_02,0.0,1.0,head
h03_20_03,0.0,1.0,head
h03_20_04,0.0,1.0,head
h03_20_05,0.0,1.0,head
h03_20_06,0.0,1.0,head
h03_20_07,0.0,1.0,head
h03_20_08,0.0,1.0,head
h03_20_09,0.0,1.0,head
h03_20_10,0.0,1.0,head
h03_20_11,0.0,1.0,head
h03_20_12,0.0,1.0,head
h03_20_13,0.0,1.0,head
h03_20_14,0.0,1.0,head
h03_20_15,0.0,1.0,head
h03_20_16,0.0,1.0,head
h03_20_17,0.0,1.0,head
h03_20_18,0.0,1.0,head
h03_20_19,0.0,1.0,head
h03_20_20,0.0,1.0,head
h03_20_21,0.0,1.0,head
h03_20_22,0.0,1.0,head
h03_20_23,0.0,1.0,head
h03_21_00,0.0,1.0,head
h03_21_01,0.0,1.0,head
h03_21_02,0.0,1.0,head
h03_21_03,0.0,1.0,head
h03_21_04,0.0,1.0,head
h03_21_05,0.0,1.0,head
h03_21_06,0.0,1.0,head
h03_21_07,0.0,1.0,head
h03_21_08,0.0,1.0,head
h03_21_09,0.0,1.0,head
h03_21_10,0.0,1.0,head
h03_21_11,0.0,1.0,head
h03_21_12,0.0,1.0,head
h03_21_13,0.0,1.0,head
h03_21_14,0.0,1.0,head
h03_21_15,0.0,1.0,head
h03_21_16,0.0,1.0,head
h03_21_17,0.0,1.0,head
h03_21_18,0.0,1.0,head
h03_21_19,0.0,1.0,head
h03_21_20,0.0,1.0,head
h03_21_21,0.0,1.0,head
h03_21_22,0.0,1.0,head
h03_21_23,0.0,1.0,head
h03_22_00,0.0,1.0,head
h03_22_01,0.0,1.0,head
h03_22_02,0.0,1.0,head
h03_22_03,0.0,1.0,head
h03_22_04,0.0,1.0,head
h03_22_05,0.0,1.0,head
h03_22_06,0.0,1.0,head
h03_22_07,0.0,1.0,head
h03_22_08,0.0,1.0,head
h03_22_09,0.0,1.0,head
h03_22_10,0.0,1.0,head
h03_22_11,0.0,1.0,head
h03_22_12,0.0,1.0,head
h03_22_13,0.0,1.0,head
h03_22_14,0.0,1.0,head
h03_22_15,0.0,1.0,head
h03_22_16,0.0,1.0,head
h03_22_17,0.0,1.0,head
h03_22_18,0.0,1.0,head
h03_22_19,0.0,1.0,head
h03_22_20,0.0,1.0,head
h03_22_21,0.0,1.0,head
h03_22_22,0.0,1.0,head
h03_22_23,0.0,1.0,head
h03_23_00,0.0,1.0,head
h03_23_01,0.0,1.0,head
h03_23_02,0.0,1.0,head
h03_23_03,0.0,1.0,head
h03_23_04,0.0,1.0,head
h03_23_05,0.0,1.0,head
h03_23_06,0.0,1.0,head
h03_23_07,0.0,1.0,head
h03_23_08,0.0,1.0,head
h03_23_09,0.0,1.0,head
h03_23_10,0.0,1.0,head
h03_23_11,0.0,1.0,head
h03_23_12,0.0,1.0,head
h03_23_13,0.0,1.0,head
h03_23_14,0.0,1.0,head
h03_23_15,0.0,1.0,head
h03_23_16,0.0,1.0,head
h03_23_17,0.0,1.0,head
h03_23_18,0.0,1.0,head
h03_23_19,0.0,1.0,head
h03_23_20,0.0,1.0,head
h03_23_21,0.0,1.0,head
h03_23_22,0.0,1.0,head
h03_23_23,0.0,1.0,head
h03_24_00,0.0,1.0,head
h03_24_01,0.0,1.0,head
h03_24_02,0.0,1.0,head
h03_24_03,0.0,1.0,head
h03_24_04,0.0,1.0,head
h03_24_05,0.0,1.0,head
h03_24_06,0.0,1.0,head
h03_24_07,0.0,1.0,head
h03_24_08,0.0,1.0,head
h03_24_09,0.0,1.0,head
h03_24_10,0.0,1.0,head
h03_24_11,0.0,1.0,head
h03_24_12,0.0,1.0,head
h03_24_13,0.0,1.0,head
h03_24_14,0.0,1.0,head
h03_24_15,0.0,1.0,head
h03_24_16,0.0,1.0,head
h03_24_17,0.0,1.0,head
h03_24_18,0.0,1.0,head
h03_24_19,0.0,1.0,head
h03_24_20,0.0,1.0,head
h03_24_21,0.0,1.0,head
h03_24_22,0.0,1.0,head
h03_24_23,0.0,1.0,head
h03_25_00,0.0,1.0,head
h03_25_01,0.0,1.0,head
h03_25_02,0.0,1.0,head
h03_25_03,0.0,1.0,head
h03_25_04,0.0,1.0,head
h03_25_05,0.0,1.0,head
h03_25_06,0.0,1.0,head
h03_25_07,0.0,1.0,head
h03_25_08,0.0,1.0,head
h03_25_09,0.0,1.0,head
h03_25_10,0.0,1.0,head
h03_25_11,0.0,1.0,head
h03_25_12,0.0,1.0,head
h03_25_13,0.0,1.0,head
h03_25_14,0.0,1.0,head
h03_25_15,0.0,1.0,head
h03_25_16,0.0,1.0,head
h03_25_17,0.0,1.0,head
h03_25_18,0.0,1.0,head
h03_25_19,0.0,1.0,head
h03_25_20,0.0,1.0,head
h03_25_21,0.0,1.0,head
h03_25_22,0.0,1.0,head
h03_25_23,0.0,1.0,head
h03_26_00,0.0,1.0,head
h03_26_01,0.0,1.0,head
h03_26_02,0.0,1.0,head
h03_26_03,0.0,1.0,head
h03_26_04,0.0,1.0,head
h03_26_05,0.0,1.0,head
h03_26_06,0.0,1.0,head
h03_26_07,0.0,1.0,head
h03_26_08,0.0,1.0,head
h03_26_09,0.0,1.0,head
h03_26_10,0.0,1.0,head
h03_26_11,0.0,1.0,head
h03_26_12,0.0,1.0,head
h03_26_13,0.0,1.0,head
h03_26_14,0.0,1.0,head
h03_26_15,0.0,1.0,head
h03_26_16,0.0,1.0,head
h03_26_17,0.0,1.0,head
h03_26_18,0.0,1.0,head
h03_26_19,0.0,1.0,head
h03_26_20,0.0,1.0,head
h03_26_21,0.0,1.0,head
h03_26_22,0.0,1.0,head
h03_26_23,0.0,1.0,head
h03_27_00,0.0,1.0,head
h03_27_01,0.0,1.0,head
h03_27_02,0.0,1.0,head
h03_27_03,0.0,1.0,head
h03_27_04,0.0,1.0,head
h03_27_05,0.0,1.0,head
h03_27_06,0.0,1.0,head
h03_27_07,0.0,1.0,head
h03_27_08,0.0,1.0,head
h03_27_09,0.0,1.0,head
h03_27_10,0.0,1.0,head
h03_27_11,0.0,1.0,head
h03_27_12,0.0,1.0,head
h03_27_13,0.0,1.0,head
h03_27_14,0.0,1.0,head
h03_27_15,0.0,1.0,head
h03_27_16,0.0,1.0,head
h03_27_17,0.0,1.0,head
h03_27_18,0.0,1.0,head
h03_27_19,0.0,1.0,head
h03_27_20,0.0,1.0,head
h03_27_21,0.0,1.0,head
h03_27_22,0.0,1.0,head
h03_27_23,0.0,1.0,head
h03_28_00,0.0,1.0,head
h03_28_01,0.0,1.0,head
h03_28_02,0.0,1.0,head
h03_28_03,0.0,1.0,head
h03_28_04,0.0,1.0,head
h03_28_05,0.0,1.0,head
h03_28_06,0.0,1.0,head
h03_28_07,0.0,1.0,head
h03_28_08,0.0,1.0,head
h03_28_09,0.0,1.0,head
h03_28_10,0.0,1.0,head
h03_28_11,0.0,1.0,head
h03_28_12,0.0,1.0,head
h03_28_13,0.0,1.0,head
h03_28_14,0.0,1.0,head
h03_28_15,0.0,1.0,head
h03_28_16,0.0,1.0,head
h03_28_17,0.0,1.0,head
h03_28_18,0.0,1.0,head
h03_28_19,0.0,1.0,head
h03_28_20,0.0,1.0,head
h03_28_21,0.0,1.0,head
h03_28_22,0.0,1.0,head
h03_28_23,0.0,1.0,head
h03_29_00,0.0,1.0,head
h03_29_01,0.0,1.0,head
h03_29_02,0.0,1.0,head
h03_29_03,0.0,1.0,head
h03_29_04,0.0,1.0,head
h03_29_05,0.0,1.0,head
h03_29_06,0.0,1.0,head
h03_29_07,0.0,1.0,head
h03_29_08,0.0,1.0,head
h03_29_09,0.0,1.0,head
h03_29_10,0.0,1.0,head
h03_29_11,0.0,1.0,head
h03_29_12,0.0,1.0,head
h03_29_13,0.0,1.0,head
h03_29_14,0.0,1.0,head
h03_29_15,0.0,1.0,head
h03_29_16,0.0,1.0,head
h03_29_17,0.0,1.0,head
h03_29_18,0.0,1.0,head
h03_29_19,0.0,1.0,head
h03_29_20,0.0,1.0,head
h03_29_21,0.0,1.0,head
h03_29_22,0.0,1.0,head
h03_29_23,0.0,1.0,head
h04_00_00,0.0,1.0,head
h04_00_01,0.0,1.0,head
h04_00_02,0.0,1.0,head
h04_00_03,0.0,1.0,head
h04_00_04,0.0,1.0,head
h04_00_05,0.0,1.0,head
h04_00_06,0.0,1.0,head
h04_00_07,0.0,1.0,head
h04_00_08,0.0,1.0,head
h04_00_09,0.0,1.0,head
h04_00_10,0.0,1.0,head
h04_00_11,0.0,1.0,head
h04_00_12,0.0,1.0,head
h04_00_13,0.0,1.0,head
h04_00_14,0.0,1.0,head
h04_00_15,0.0,1.0,head
h04_00_16,0.0,1.0,head
h04_00_17,0.0,1.0,head
h04_00_18,0.0,1.0,head
h04_00_19,0.0,1.0,head
h04_00_20,0.0,1.0,head
h04_00_21,0.0,1.0,head
h04_00_22,0.0,1.0,head
h04_00_23,0.0,1.0,head
h04_01_00,0.0,1.0,head
h04_01_01,0.0,1.0,head
h04_01_02,0.0,1.0,head
h04_01_03,0.0,1.0,head
h04_01_04,0.0,1.0,head
h04_01_05,0.0,1.0,head
h04_01_06,0.0,1.0,head
h04_01_07,0.0,1.0,head
h04_01_08,0.0,1.0,head
h04_01_09,0.0,1.0,head
h04_01_10,0.0,1.0,head
h04_01_11,0.0,1.0,head
h04_01_12,0.0,1.0,head
h04_01_13,0.0,1.0,head
h04_01_14,0.0,1.0,head
h04_01_15,0.0,1.0,head
h04_01_16,0.0,1.0,head
h04_01_17,0.0,1.0,head
h04_01_18,0.0,1.0,head
h04_01_19,0.0,1.0,head
h04_01_20,0.0,1.0,head
h04_01_21,0.0,1.0,head
h04_01_22,0.0,1.0,head
h04_01_23,0.0,1.0,head
h04_02_00,0.0,1.0,head
h04_02_01,0.0,1.0,head
h04_02_02,0.0,1.0,head
h04_02_03,0.0,1.0,head
h04_02_04,0.0,1.0,head
h04_02_05,0.0,1.0,head
h04_02_06,0.0,1.0,head
h04_02_07,0.0,1.0,head
h04_02_08,0.0,1.0,head
h04_02_09,0.0,1.0,head
h04_02_10,0.0,1.0,head
h04_02_11,0.0,1.0,head
h04_02_12,0.0,1.0,head
h04_02_13,0.0,1.0,head
h04_02_14,0.0,1.0,head
h04_02_15,0.0,1.0,head
h04_02_16,0.0,1.0,head
h04_02_17,0.0,1.0,head
h04_02_18,0.0,1.0,head
h04_02_19,0.0,1.0,head
h04_02_20,0.0,1.0,head
h04_02_21,0.0,1.0,head
h04_02_22,0.0,1.0,head
h04_02_23,0.0,1.0,head
h04_03_00,0.0,1.0,head
h04_03_01,0.0,1.0,head
h04_03_02,0.0,1.0,head
h04_03_03,0.0,1.0,head
h04_03_04,0.0,1.0,head
h04_03_05,0.0,1.0,head
h04_03_06,0.0,1.0,head
h04_03_07,0.0,1.0,head
h04_03_08,0.0,1.0,head
h04_03_09,0.0,1.0,head
h04_03_10,0.0,1.0,head
h04_03_11,0.0,1.0,head
h04_03_12,0.0,1.0,head
h04_03_13,0.0,1.0,head
h04_03_14,0.0,1.0,head
h04_03_15,0.0,1.0,head
h04_03_16,0.0,1.0,head
h04_03_17,0.0,1.0,head
h04_03_18,0.0,1.0,head
h04_03_19,0.0,1.0,head
h04_03_20,0.0,1.0,head
h04_03_21,0.0,1.0,head
h04_03_22,0.0,1.0,head
h04_03_23,0.0,1.0,head
h04_04_00,0.0,1.0,head
h04_04_01,0.0,1.0,head
h04_04_02,0.0,1.0,head
h04_04_03,0.0,1.0,head
h04_04_04,0.0,1.0,head
h04_04_05,0.0,1.0,head
h04_04_06,0.0,1.0,head
h04_04_07,0.0,1.0,head
h04_04_08,0.0,1.0,head
h04_04_09,0.0,1.0,head
h04_04_10,0.0,1.0,head
h04_04_11,0.0,1.0,head
h04_04_12,0.0,1.0,head
h04_04_13,0.0,1.0,head
h04_04_14,0.0,1.0,head
h04_04_15,0.0,1.0,head
h04_04_16,0.0,1.0,head
h04_04_17,0.0,1.0,head
h04_04_18,0.0,1.0,head
h04_04_19,0.0,1.0,head
h04_04_20,0.0,1.0,head
h04_04_21,0.0,1.0,head
h04_04_22,0.0,1.0,head
h04_04_23,0.0,1.0,head
h04_05_00,0.0,1.0,head
h04_05_01,0.0,1.0,head
h04_05_02,0.0,1.0,head
h04_05_03,0.0,1.0,head
h04_05_04,0.0,1.0,head
h04_05_05,0.0,1.0,head
h04_05_06,0.0,1.0,head
h04_05_07,0.0,1.0,head
h04_05_08,0.0,1.0,head
h04_05_09,0.0,1.0,head
h04_05_10,0.0,1.0,head
h04_05_11,0.0,1.0,head
h04_05_12,0.0,1.0,head
h04_05_13,0.0,1.0,head
h04_05_14,0.0,1.0,head
h04_05_15,0.0,1.0,head
h04_05_16,0.0,1.0,head
h04_05_17,0.0,1.0,head
h04_05_18,0.0,1.0,head
h04_05_19,0.0,1.0,head
h04_05_20,0.0,1.0,head
h04_05_21,0.0,1.0,head
h04_05_22,0.0,1.0,head
h04_05_23,0.0,1.0,head
h04_06_00,0.0,1.0,head
h04_06_01,0.0,1.0,head
h04_06_02,0.0,1.0,head
h04_06_03,0.0,1.0,head
h04_06_04,0.0,1.0,head
h04_06_05,0.0,1.0,head
h04_06_06,0.0,1.0,head
h04_06_07,0.0,1.0,head
h04_06_08,0.0,1.0,head
h04_06_09,0.0,1.0,head
h04_06_10,0.0,1.0,head
h04_06_11,0.0,1.0,head
h04_06_12,0.0,1.0,head
h04_06_13,0.0,1.0,head
h04_06_14,0.0,1.0,head
h04_06_15,0.0,1.0,head
h04_06_16,0.0,1.0,head
h04_06_17,0.0,1.0,head
h04_06_18,0.0,1.0,head
h04_06_19,0.0,1.0,head
h04_06_20,0.0,1.0,head
h04_06_21,0.0,1.0,head
h04_06_22,0.0,1.0,head
h04_06_23,0.0,1.0,head
h04_07_00,0.0,1.0,head
h04_07_01,0.0,1.0,head
h04_07_02,0.0,1.0,head
h04_07_03,0.0,1.0,head
h04_07_04,0.0,1.0,head
h04_07_05,0.0,1.0,head
h04_07_06,0.0,1.0,head
h04_07_07,0.0,1.0,head
h04_07_08,0.0,1.0,head
h04_07_09,0.0,1.0,head
h04_07_10,0.0,1.0,head
h04_07_11,0.0,1.0,head
h04_07_12,0.0,1.0,head
h04_07_13,0.0,1.0,head
h04_07_14,0.0,1.0,head
h04_07_15,0.0,1.0,head
h04_07_16,0.0,1.0,head
h04_07_17,0.0,1.0,head
h04_07_18,0.0,1.0,head
h04_07_19,0.0,1.0,head
h04_07_20,0.0,1.0,head
h04_07_21,0.0,1.0,head
h04_07_22,0.0,1.0,head
h04_07_23,0.0,1.0,head
h04_08_00,0.0,1.0,head
h04_08_01,0.0,1.0,head
h04_08_02,0.0,1.0,head
h04_08_03,0.0,1.0,head
h04_08_04,0.0,1.0,head
h04_08_05,0.0,1.0,head
h04_08_06,0.0,1.0,head
h04_08_07,0.0,1.0,head
h04_08_08,0.0,1.0,head
h04_08_09,0.0,1.0,head
h04_08_10,0.0,1.0,head
h04_08_11,0.0,1.0,head
h04_08_12,0.0,1.0,head
h04_08_13,0.0,1.0,head
h04_08_14,0.0,1.0,head
h04_08_15,0.0,1.0,head
h04_08_16,0.0,1.0,head
h04_08_17,0.0,1.0,head
h04_08_18,0.0,1.0,head
h04_08_19,0.0,1.0,head
h04_08_20,0.0,1.0,head
h04_08_21,0.0,1.0,head
h04_08_22,0.0,1.0,head
h04_08_23,0.0,1.0,head
h04_09_00,0.0,1.0,head
h04_09_01,0.0,1.0,head
h04_09_02,0.0,1.0,head
h04_09_03,0.0,1.0,head
h04_09_04,0.0,1.0,head
h04_09_05,0.0,1.0,head
h04_09_06,0.0,1.0,head
h04_09_07,0.0,1.0,head
h04_09_08,0.0,1.0,head
h04_09_09,0.0,1.0,head
h04_09_10,0.0,1.0,head
h04_09_11,0.0,1.0,head
h04_09_12,0.0,1.0,head
h04_09_13,0.0,1.0,head
h04_09_14,0.0,1.0,head
h04_09_15,0.0,1.0,head
h04_09_16,0.0,1.0,head
h04_09_17,0.0,1.0,head
h04_09_18,0.0,1.0,head
h04_09_19,0.0,1.0,head
h04_09_20,0.0,1.0,head
h04_09_21,0.0,1.0,head
h04_09_22,0.0,1.0,head
h04_09_23,0.0,1.0,head
h04_10_00,0.0,1.0,head
h04_10_01,0.0,1.0,head
h04_10_02,0.0,1.0,head
h04_10_03,0.0,1.0,head
h04_10_04,0.0,1.0,head
h04_10_05,0.0,1.0,head
h04_10_06,0.0,1.0,head
h04_10_07,0.0,1.0,head
h04_10_08,0.0,1.0,head
h04_10_09,0.0,1.0,head
h04_10_10,0.0,1.0,head
h04_10_11,0.0,1.0,head
h04_10_12,0.0,1.0,head
h04_10_13,0.0,1.0,head
h04_10_14,0.0,1.0,head
h04_10_15,0.0,1.0,head
h04_10_16,0.0,1.0,head
h04_10_17,0.0,1.0,head
h04_10_18,0.0,1.0,head
h04_10_19,0.0,1.0,head
h04_10_20,0.0,1.0,head
h04_10_21,0.0,1.0,head
h04_10_22,0.0,1.0,head
h04_10_23,0.0,1.0,head
h04_11_00,0.0,1.0,head
h04_11_01,0.0,1.0,head
h04_11_02,0.0,1.0,head
h04_11_03,0.0,1.0,head
h04_11_04,0.0,1.0,head
h04_11_05,0.0,1.0,head
h04_11_06,0.0,1.0,head
h04_11_07,0.0,1.0,head
h04_11_08,0.0,1.0,head
h04_11_09,0.0,1.0,head
h04_11_10,0.0,1.0,head
h04_11_11,0.0,1.0,head
h04_11_12,0.0,1.0,head
h04_11_13,0.0,1.0,head
h04_11_14,0.0,1.0,head
h04_11_15,0.0,1.0,head
h04_11_16,0.0,1.0,head
h04_11_17,0.0,1.0,head
h04_11_18,0.0,1.0,head
h04_11_19,0.0,1.0,head
h04_11_20,0.0,1.0,head
h04_11_21,0.0,1.0,head
h04_11_22,0.0,1.0,head
h04_11_23,0.0,1.0,head
h04_12_00,0.0,1.0,head
h04_12_01,0.0,1.0,head
h04_12_02,0.0,1.0,head
h04_12_03,0.0,1.0,head
h04_12_04,0.0,1.0,head
h04_12_05,0.0,1.0,head
h04_12_06,0.0,1.0,head
h04_12_07,0.0,1.0,head
h04_12_08,0.0,1.0,head
h04_12_09,0.0,1.0,head
h04_12_10,0.0,1.0,head
h04_12_11,0.0,1.0,head
h04_12_12,0.0,1.0,head
h04_12_13,0.0,1.0,head
h04_12_14,0.0,1.0,head
h04_12_15,0.0,1.0,head
h04_12_16,0.0,1.0,head
h04_12_17,0.0,1.0,head
h04_12_18,0.0,1.0,head
h04_12_19,0.0,1.0,head
h04_12_20,0.0,1.0,head
h04_12_21,0.0,1.0,head
h04_12_22,0.0,1.0,head
h04_12_23,0.0,1.0,head
h04_13_00,0.0,1.0,head
h04_13_01,0.0,1.0,head
h04_13_02,0.0,1.0,head
h04_13_03,0.0,1.0,head
h04_13_04,0.0,1.0,head
h04_13_05,0.0,1.0,head
h04_13_06,0.0,1.0,head
h04_13_07,0.0,1.0,head
h04_13_08,0.0,1.0,head
h04_13_09,0.0,1.0,head
h04_13_10,0.0,1.0,head
h04_13_11,0.0,1.0,head
h04_13_12,0.0,1.0,head
h04_13_13,0.0,1.0,head
h04_13_14,0.0,1.0,head
h04_13_15,0.0,1.0,head
h04_13_16,0.0,1.0,head
h04_13_17,0.0,1.0,head
h04_13_18,0.0,1.0,head
h04_13_19,0.0,1.0,head
h04_13_20,0.0,1.0,head
h04_13_21,0.0,1.0,head
h04_13_22,0.0,1.0,head
h04_13_23,0.0,1.0,head
h04_14_00,0.0,1.0,head
h04_14_01,0.0,1.0,head
h04_14_02,0.0,1.0,head
h04_14_03,0.0,1.0,head
h04_14_04,0.0,1.0,head
h04_14_05,0.0,1.0,head
h04_14_06,0.0,1.0,head
h04_14_07,0.0,1.0,head
h04_14_08,0.0,1.0,head
h04_14_09,0.0,1.0,head
h04_14_10,0.0,1.0,head
h04_14_11,0.0,1.0,head
h04_14_12,0.0,1.0,head
h04_14_13,0.0,1.0,head
h04_14_14,0.0,1.0,head
h04_14_15,0.0,1.0,head
h04_14_16,0.0,1.0,head
h04_14_17,0.0,1.0,head
h04_14_18,0.0,1.0,head
h04_14_19,0.0,1.0,head
h04_14_20,0.0,1.0,head
h04_14_21,0.0,1.0,head
h04_14_22,0.0,1.0,head
h04_14_23,0.0,1.0,head
h04_15_00,0.0,1.0,head
h04_15_01,0.0,1.0,head
h04_15_02,0.0,1.0,head
h04_15_03,0.0,1.0,head
h04_15_04,0.0,1.0,head
h04_15_05,0.0,1.0,head
h04_15_06,0.0,1.0,head
h04_15_07,0.0,1.0,head
h04_15_08,0.0,1.0,head
h04_15_09,0.0,1.0,head
h04_15_10,0.0,1.0,head
h04_15_11,0.0,1.0,head
h04_15_12,0.0,1.0,head
h04_15_13,0.0,1.0,head
h04_15_14,0.0,1.0,head
h04_15_15,0.0,1.0,head
h04_15_16,0.0,1.0,head
h04_15_17,0.0,1.0,head
h04_15_18,0.0,1.0,head
h04_15_19,0.0,1.0,head
h04_15_20,0.0,1.0,head
h04_15_21,0.0,1.0,head
h04_15_22,0.0,1.0,head
h04_15_23,0.0,1.0,head
h04_16_00,0.0,1.0,head
h04_16_01,0.0,1.0,head
h04_16_02,0.0,1.0,head
h04_16_03,0.0,1.0,head
h04_16_04,0.0,1.0,head
h04_16_05,0.0,1.0,head
h04_16_06,0.0,1.0,head
h04_16_07,0.0,1.0,head
h04_16_08,0.0,1.0,head
h04_16_09,0.0,1.0,head
h04_16_10,0.0,1.0,head
h04_16_11,0.0,1.0,head
h04_16_12,0.0,1.0,head
h04_16_13,0.0,1.0,head
h04_16_14,0.0,1.0,head
h04_16_15,0.0,1.0,head
h04_16_16,0.0,1.0,head
h04_16_17,0.0,1.0,head
h04_16_18,0.0,1.0,head
h04_16_19,0.0,1.0,head
h04_16_20,0.0,1.0,head
h04_16_21,0.0,1.0,head
h04_16_22,0.0,1.0,head
h04_16_23,0.0,1.0,head
h04_17_00,0.0,1.0,head
h04_17_01,0.0,1.0,head
h04_17_02,0.0,1.0,head
h04_17_03,0.0,1.0,head
h04_17_04,0.0,1.0,head
h04_17_05,0.0,1.0,head
h04_17_06,0.0,1.0,head
h04_17_07,0.0,1.0,head
h04_17_08,0.0,1.0,head
h04_17_09,0.0,1.0,head
h04_17_10,0.0,1.0,head
h04_17_11,0.0,1.0,head
h04_17_12,0.0,1.0,head
h04_17_13,0.0,1.0,head
h04_17_14,0.0,1.0,head
h04_17_15,0.0,1.0,head
h04_17_16,0.0,1.0,head
h04_17_17,0.0,1.0,head
h04_17_18,0.0,1.0,head
h04_17_19,0.0,1.0,head
h04_17_20,0.0,1.0,head
h04_17_21,0.0,1.0,head
h04_17_22,0.0,1.0,head
h04_17_23,0.0,1.0,head
h04_18_00,0.0,1.0,head
h04_18_01,0.0,1.0,head
h04_18_02,0.0,1.0,head
h04_18_03,0.0,1.0,head
h04_18_04,0.0,1.0,head
h04_18_05,0.0,1.0,head
h04_18_06,0.0,1.0,head
h04_18_07,0.0,1.0,head
h04_18_08,0.0,1.0,head
h04_18_09,0.0,1.0,head
h04_18_10,0.0,1.0,head
h04_18_11,0.0,1.0,head
h04_18_12,0.0,1.0,head
h04_18_13,0.0,1.0,head
h04_18_14,0.0,1.0,head
h04_18_15,0.0,1.0,head
h04_18_16,0.0,1.0,head
h04_18_17,0.0,1.0,head
h04_18_18,0.0,1.0,head
h04_18_19,0.0,1.0,head
h04_18_20,0.0,1.0,head
h04_18_21,0.0,1.0,head
h04_18_22,0.0,1.0,head
h04_18_23,0.0,1.0,head
h04_19_00,0.0,1.0,head
h04_19_01,0.0,1.0,head
h04_19_02,0.0,1.0,head
h04_19_03,0.0,1.0,head
h04_19_04,0.0,1.0,head
h04_19_05,0.0,1.0,head
h04_19_06,0.0,1.0,head
h04_19_07,0.0,1.0,head
h04_19_08,0.0,1.0,head
h04_19_09,0.0,1.0,head
h04_19_10,0.0,1.0,head
h04_19_11,0.0,1.0,head
h04_19_12,0.0,1.0,head
h04_19_13,0.0,1.0,head
h04_19_14,0.0,1.0,head
h04_19_15,0.0,1.0,head
h04_19_16,0.0,1.0,head
h04_19_17,0.0,1.0,head
h04_19_18,0.0,1.0,head
h04_19_19,0.0,1.0,head
h04_19_20,0.0,1.0,head
h04_19_21,0.0,1.0,head
h04_19_22,0.0,1.0,head
h04_19_23,0.0,1.0,head
h04_20_00,0.0,1.0,head
h04_20_01,0.0,1.0,head
h04_20_02,0.0,1.0,head
h04_20_03,0.0,1.0,head
h04_20_04,0.0,1.0,head
h04_20_05,0.0,1.0,head
h04_20_06,0.0,1.0,head
h04_20_07,0.0,1.0,head
h04_20_08,0.0,1.0,head
h04_20_09,0.0,1.0,head
h04_20_10,0.0,1.0,head
h04_20_11,0.0,1.0,head
h04_20_12,0.0,1.0,head
h04_20_13,0.0,1.0,head
h04_20_14,0.0,1.0,head
h04_20_15,0.0,1.0,head
h04_20_16,0.0,1.0,head
h04_20_17,0.0,1.0,head
h04_20_18,0.0,1.0,head
h04_20_19,0.0,1.0,head
h04_20_20,0.0,1.0,head
h04_20_21,0.0,1.0,head
h04_20_22,0.0,1.0,head
h04_20_23,0.0,1.0,head
h04_21_00,0.0,1.0,head
h04_21_01,0.0,1.0,head
h04_21_02,0.0,1.0,head
h04_21_03,0.0,1.0,head
h04_21_04,0.0,1.0,head
h04_21_05,0.0,1.0,head
h04_21_06,0.0,1.0,head
h04_21_07,0.0,1.0,head
h04_21_08,0.0,1.0,head
h04_21_09,0.0,1.0,head
h04_21_10,0.0,1.0,head
h04_21_11,0.0,1.0,head
h04_21_12,0.0,1.0,head
h04_21_13,0.0,1.0,head
h04_21_14,0.0,1.0,head
h04_21_15,0.0,1.0,head
h04_21_16,0.0,1.0,head
h04_21_17,0.0,1.0,head
h04_21_18,0.0,1.0,head
h04_21_19,0.0,1.0,head
h04_21_20,0.0,1.0,head
h04_21_21,0.0,1.0,head
h04_21_22,0.0,1.0,head
h04_21_23,0.0,1.0,head
h04_22_00,0.0,1.0,head
h04_22_01,0.0,1.0,head
h04_22_02,0.0,1.0,head
h04_22_03,0.0,1.0,head
h04_22_04,0.0,1.0,head
h04_22_05,0.0,1.0,head
h04_22_06,0.0,1.0,head
h04_22_07,0.0,1.0,head
h04_22_08,0.0,1.0,head
h04_22_09,0.0,1.0,head
h04_22_10,0.0,1.0,head
h04_22_11,0.0,1.0,head
h04_22_12,0.0,1.0,head
h04_22_13,0.0,1.0,head
h04_22_14,0.0,1.0,head
h04_22_15,0.0,1.0,head
h04_22_16,0.0,1.0,head
h04_22_17,0.0,1.0,head
h04_22_18,0.0,1.0,head
h04_22_19,0.0,1.0,head
h04_22_20,0.0,1.0,head
h04_22_21,0.0,1.0,head
h04_22_22,0.0,1.0,head
h04_22_23,0.0,1.0,head
h04_23_00,0.0,1.0,head
h04_23_01,0.0,1.0,head
h04_23_02,0.0,1.0,head
h04_23_03,0.0,1.0,head
h04_23_04,0.0,1.0,head
h04_23_05,0.0,1.0,head
h04_23_06,0.0,1.0,head
h04_23_07,0.0,1.0,head
h04_23_08,0.0,1.0,head
h04_23_09,0.0,1.0,head
h04_23_10,0.0,1.0,head
h04_23_11,0.0,1.0,head
h04_23_12,0.0,1.0,head
h04_23_13,0.0,1.0,head
h04_23_14,0.0,1.0,head
h04_23_15,0.0,1.0,head
h04_23_16,0.0,1.0,head
h04_23_17,0.0,1.0,head
h04_23_18,0.0,1.0,head
h04_23_19,0.0,1.0,head
h04_23_20,0.0,1.0,head
h04_23_21,0.0,1.0,head
h04_23_22,0.0,1.0,head
h04_23_23,0.0,1.0,head
h04_24_00,0.0,1.0,head
h04_24_01,0.0,1.0,head
h04_24_02,0.0,1.0,head
h04_24_03,0.0,1.0,head
h04_24_04,0.0,1.0,head
h04_24_05,0.0,1.0,head
h04_24_06,0.0,1.0,head
h04_24_07,0.0,1.0,head
h04_24_08,0.0,1.0,head
h04_24_09,0.0,1.0,head
h04_24_10,0.0,1.0,head
h04_24_11,0.0,1.0,head
h04_24_12,0.0,1.0,head
h04_24_13,0.0,1.0,head
h04_24_14,0.0,1.0,head
h04_24_15,0.0,1.0,head
h04_24_16,0.0,1.0,head
h04_24_17,0.0,1.0,head
h04_24_18,0.0,1.0,head
h04_24_19,0.0,1.0,head
h04_24_20,0.0,1.0,head
h04_24_21,0.0,1.0,head
h04_24_22,0.0,1.0,head
h04_24_23,0.0,1.0,head
h04_25_00,0.0,1.0,head
h04_25_01,0.0,1.0,head
h04_25_02,0.0,1.0,head
h04_25_03,0.0,1.0,head
h04_25_04,0.0,1.0,head
h04_25_05,0.0,1.0,head
h04_25_06,0.0,1.0,head
h04_25_07,0.0,1.0,head
h04_25_08,0.0,1.0,head
h04_25_09,0.0,1.0,head
h04_25_10,0.0,1.0,head
h04_25_11,0.0,1.0,head
h04_25_12,0.0,1.0,head
h04_25_13,0.0,1.0,head
h04_25_14,0.0,1.0,head
h04_25_15,0.0,1.0,head
h04_25_16,0.0,1.0,head
h04_25_17,0.0,1.0,head
h04_25_18,0.0,1.0,head
h04_25_19,0.0,1.0,head
h04_25_20,0.0,1.0,head
h04_25_21,0.0,1.0,head
h04_25_22,0.0,1.0,head
h04_25_23,0.0,1.0,head
h04_26_00,0.0,1.0,head
h04_26_01,0.0,1.0,head
h04_26_02,0.0,1.0,head
h04_26_03,0.0,1.0,head
h04_26_04,0.0,1.0,head
h04_26_05,0.0,1.0,head
h04_26_06,0.0,1.0,head
h04_26_07,0.0,1.0,head
h04_26_08,0.0,1.0,head
h04_26_09,0.0,1.0,head
h04_26_10,0.0,1.0,head
h04_26_11,0.0,1.0,head
h04_26_12,0.0,1.0,head
h04_26_13,0.0,1.0,head
h04_26_14,0.0,1.0,head
h04_26_15,0.0,1.0,head
h04_26_16,0.0,1.0,head
h04_26_17,0.0,1.0,head
h04_26_18,0.0,1.0,head
h04_26_19,0.0,1.0,head
h04_26_20,0.0,1.0,head
h04_26_21,0.0,1.0,head
h04_26_22,0.0,1.0,head
h04_26_23,0.0,1.0,head
h04_27_00,0.0,1.0,head
h04_27_01,0.0,1.0,head
h04_27_02,0.0,1.0,head
h04_27_03,0.0,1.0,head
h04_27_04,0.0,1.0,head
h04_27_05,0.0,1.0,head
h04_27_06,0.0,1.0,head
h04_27_07,0.0,1.0,head
h04_27_08,0.0,1.0,head
h04_27_09,0.0,1.0,head
h04_27_10,0.0,1.0,head
h04_27_11,0.0,1.0,head
h04_27_12,0.0,1.0,head
h04_27_13,0.0,1.0,head
h04_27_14,0.0,1.0,head
h04_27_15,0.0,1.0,head
h04_27_16,0.0,1.0,head
h04_27_17,0.0,1.0,head
h04_27_18,0.0,1.0,head
h04_27_19,0.0,1.0,head
h04_27_20,0.0,1.0,head
h04_27_21,0.0,1.0,head
h04_27_22,0.0,1.0,head
h04_27_23,0.0,1.0,head
h04_28_00,0.0,1.0,head
h04_28_01,0.0,1.0,head
h04_28_02,0.0,1.0,head
h04_28_03,0.0,1.0,head
h04_28_04,0.0,1.0,head
h04_28_05,0.0,1.0,head
h04_28_06,0.0,1.0,head
h04_28_07,0.0,1.0,head
h04_28_08,0.0,1.0,head
h04_28_09,0.0,1.0,head
h04_28_10,0.0,1.0,head
h04_28_11,0.0,1.0,head
h04_28_12,0.0,1.0,head
h04_28_13,0.0,1.0,head
h04_28_14,0.0,1.0,head
h04_28_15,0.0,1.0,head
h04_28_16,0.0,1.0,head
h04_28_17,0.0,1.0,head
h04_28_18,0.0,1.0,head
h04_28_19,0.0,1.0,head
h04_28_20,0.0,1.0,head
h04_28_21,0.0,1.0,head
h04_28_22,0.0,1.0,head
h04_28_23,0.0,1.0,head
h04_29_00,0.0,1.0,head
h04_29_01,0.0,1.0,head
h04_29_02,0.0,1.0,head
h04_29_03,0.0,1.0,head
h04_29_04,0.0,1.0,head
h04_29_05,0.0,1.0,head
h04_29_06,0.0,1.0,head
h04_29_07,0.0,1.0,head
h04_29_08,0.0,1.0,head
h04_29_09,0.0,1.0,head
h04_29_10,0.0,1.0,head
h04_29_11,0.0,1.0,head
h04_29_12,0.0,1.0,head
h04_29_13,0.0,1.0,head
h04_29_14,0.0,1.0,head
h04_29_15,0.0,1.0,head
h04_29_16,0.0,1.0,head
h04_29_17,0.0,1.0,head
h04_29_18,0.0,1.0,head
h04_29_19,0.0,1.0,head
h04_29_20,0.0,1.0,head
h04_29_21,0.0,1.0,head
h04_29_22,0.0,1.0,head
h04_29_23,0.0,1.0,head
h05_00_00,0.0,1.0,head
h05_00_01,0.0,1.0,head
h05_00_02,0.0,1.0,head
h05_00_03,0.0,1.0,head
h05_00_04,0.0,1.0,head
h05_00_05,0.0,1.0,head
h05_00_06,0.0,1.0,head
h05_00_07,0.0,1.0,head
h05_00_08,0.0,1.0,head
h05_00_09,0.0,1.0,head
h05_00_10,0.0,1.0,head
h05_00_11,0.0,1.0,head
h05_00_12,0.0,1.0,head
h05_00_13,0.0,1.0,head
h05_00_14,0.0,1.0,head
h05_00_15,0.0,1.0,head
h05_00_16,0.0,1.0,head
h05_00_17,0.0,1.0,head
h05_00_18,0.0,1.0,head
h05_00_19,0.0,1.0,head
h05_00_20,0.0,1.0,head
h05_00_21,0.0,1.0,head
h05_00_22,0.0,1.0,head
h05_00_23,0.0,1.0,head
h05_01_00,0.0,1.0,head
h05_01_01,0.0,1.0,head
h05_01_02,0.0,1.0,head
h05_01_03,0.0,1.0,head
h05_01_04,0.0,1.0,head
h05_01_05,0.0,1.0,head
h05_01_06,0.0,1.0,head
h05_01_07,0.0,1.0,head
h05_01_08,0.0,1.0,head
h05_01_09,0.0,1.0,head
h05_01_10,0.0,1.0,head
h05_01_11,0.0,1.0,head
h05_01_12,0.0,1.0,head
h05_01_13,0.0,1.0,head
h05_01_14,0.0,1.0,head
h05_01_15,0.0,1.0,head
h05_01_16,0.0,1.0,head
h05_01_17,0.0,1.0,head
h05_01_18,0.0,1.0,head
h05_01_19,0.0,1.0,head
h05_01_20,0.0,1.0,head
h05_01_21,0.0,1.0,head
h05_01_22,0.0,1.0,head
h05_01_23,0.0,1.0,head
h05_02_00,0.0,1.0,head
h05_02_01,0.0,1.0,head
h05_02_02,0.0,1.0,head
h05_02_03,0.0,1.0,head
h05_02_04,0.0,1.0,head
h05_02_05,0.0,1.0,head
h05_02_06,0.0,1.0,head
h05_02_07,0.0,1.0,head
h05_02_08,0.0,1.0,head
h05_02_09,0.0,1.0,head
h05_02_10,0.0,1.0,head
h05_02_11,0.0,1.0,head
h05_02_12,0.0,1.0,head
h05_02_13,0.0,1.0,head
h05_02_14,0.0,1.0,head
h05_02_15,0.0,1.0,head
h05_02_16,0.0,1.0,head
h05_02_17,0.0,1.0,head
h05_02_18,0.0,1.0,head
h05_02_19,0.0,1.0,head
h05_02_20,0.0,1.0,head
h05_02_21,0.0,1.0,head
h05_02_22,0.0,1.0,head
h05_02_23,0.0,1.0,head
h05_03_00,0.0,1.0,head
h05_03_01,0.0,1.0,head
h05_03_02,0.0,1.0,head
h05_03_03,0.0,1.0,head
h05_03_04,0.0,1.0,head
h05_03_05,0.0,1.0,head
h05_03_06,0.0,1.0,head
h05_03_07,0.0,1.0,head
h05_03_08,0.0,1.0,head
h05_03_09,0.0,1.0,head
h05_03_10,0.0,1.0,head
h05_03_11,0.0,1.0,head
h05_03_12,0.0,1.0,head
h05_03_13,0.0,1.0,head
h05_03_14,0.0,1.0,head
h05_03_15,0.0,1.0,head
h05_03_16,0.0,1.0,head
h05_03_17,0.0,1.0,head
h05_03_18,0.0,1.0,head
h05_03_19,0.0,1.0,head
h05_03_20,0.0,1.0,head
h05_03_21,0.0,1.0,head
h05_03_22,0.0,1.0,head
h05_03_23,0.0,1.0,head
h05_04_00,0.0,1.0,head
h05_04_01,0.0,1.0,head
h05_04_02,0.0,1.0,head
h05_04_03,0.0,1.0,head
h05_04_04,0.0,1.0,head
h05_04_05,0.0,1.0,head
h05_04_06,0.0,1.0,head
h05_04_07,0.0,1.0,head
h05_04_08,0.0,1.0,head
h05_04_09,0.0,1.0,head
h05_04_10,0.0,1.0,head
h05_04_11,0.0,1.0,head
h05_04_12,0.0,1.0,head
h05_04_13,0.0,1.0,head
h05_04_14,0.0,1.0,head
h05_04_15,0.0,1.0,head
h05_04_16,0.0,1.0,head
h05_04_17,0.0,1.0,head
h05_04_18,0.0,1.0,head
h05_04_19,0.0,1.0,head
h05_04_20,0.0,1.0,head
h05_04_21,0.0,1.0,head
h05_04_22,0.0,1.0,head
h05_04_23,0.0,1.0,head
h05_05_00,0.0,1.0,head
h05_05_01,0.0,1.0,head
h05_05_02,0.0,1.0,head
h05_05_03,0.0,1.0,head
h05_05_04,0.0,1.0,head
h05_05_05,0.0,1.0,head
h05_05_06,0.0,1.0,head
h05_05_07,0.0,1.0,head
h05_05_08,0.0,1.0,head
h05_05_09,0.0,1.0,head
h05_05_10,0.0,1.0,head
h05_05_11,0.0,1.0,head
h05_05_12,0.0,1.0,head
h05_05_13,0.0,1.0,head
h05_05_14,0.0,1.0,head
h05_05_15,0.0,1.0,head
h05_05_16,0.0,1.0,head
h05_05_17,0.0,1.0,head
h05_05_18,0.0,1.0,head
h05_05_19,0.0,1.0,head
h05_05_20,0.0,1.0,head
h05_05_21,0.0,1.0,head
h05_05_22,0.0,1.0,head
h05_05_23,0.0,1.0,head
h05_06_00,0.0,1.0,head
h05_06_01,0.0,1.0,head
h05_06_02,0.0,1.0,head
h05_06_03,0.0,1.0,head
h05_06_04,0.0,1.0,head
h05_06_05,0.0,1.0,head
h05_06_06,0.0,1.0,head
h05_06_07,0.0,1.0,head
h05_06_08,0.0,1.0,head
h05_06_09,0.0,1.0,head
h05_06_10,0.0,1.0,head
h05_06_11,0.0,1.0,head
h05_06_12,0.0,1.0,head
h05_06_13,0.0,1.0,head
h05_06_14,0.0,1.0,head
h05_06_15,0.0,1.0,head
h05_06_16,0.0,1.0,head
h05_06_17,0.0,1.0,head
h05_06_18,0.0,1.0,head
h05_06_19,0.0,1.0,head
h05_06_20,0.0,1.0,head
h05_06_21,0.0,1.0,head
h05_06_22,0.0,1.0,head
h05_06_23,0.0,1.0,head
h05_07_00,0.0,1.0,head
h05_07_01,0.0,1.0,head
h05_07_02,0.0,1.0,head
h05_07_03,0.0,1.0,head
h05_07_04,0.0,1.0,head
h05_07_05,0.0,1.0,head
h05_07_06,0.0,1.0,head
h05_07_07,0.0,1.0,head
h05_07_08,0.0,1.0,head
h05_07_09,0.0,1.0,head
h05_07_10,0.0,1.0,head
h05_07_11,0.0,1.0,head
h05_07_12,0.0,1.0,head
h05_07_13,0.0,1.0,head
h05_07_14,0.0,1.0,head
h05_07_15,0.0,1.0,head
h05_07_16,0.0,1.0,head
h05_07_17,0.0,1.0,head
h05_07_18,0.0,1.0,head
h05_07_19,0.0,1.0,head
h05_07_20,0.0,1.0,head
h05_07_21,0.0,1.0,head
h05_07_22,0.0,1.0,head
h05_07_23,0.0,1.0,head
h05_08_00,0.0,1.0,head
h05_08_01,0.0,1.0,head
h05_08_02,0.0,1.0,head
h05_08_03,0.0,1.0,head
h05_08_04,0.0,1.0,head
h05_08_05,0.0,1.0,head
h05_08_06,0.0,1.0,head
h05_08_07,0.0,1.0,head
h05_08_08,0.0,1.0,head
h05_08_09,0.0,1.0,head
h05_08_10,0.0,1.0,head
h05_08_11,0.0,1.0,head
h05_08_12,0.0,1.0,head
h05_08_13,0.0,1.0,head
h05_08_14,0.0,1.0,head
h05_08_15,0.0,1.0,head
h05_08_16,0.0,1.0,head
h05_08_17,0.0,1.0,head
h05_08_18,0.0,1.0,head
h05_08_19,0.0,1.0,head
h05_08_20,0.0,1.0,head
h05_08_21,0.0,1.0,head
h05_08_22,0.0,1.0,head
h05_08_23,0.0,1.0,head
h05_09_00,0.0,1.0,head
h05_09_01,0.0,1.0,head
h05_09_02,0.0,1.0,head
h05_09_03,0.0,1.0,head
h05_09_04,0.0,1.0,head
h05_09_05,0.0,1.0,head
h05_09_06,0.0,1.0,head
h05_09_07,0.0,1.0,head
h05_09_08,0.0,1.0,head
h05_09_09,0.0,1.0,head
h05_09_10,0.0,1.0,head
h05_09_11,0.0,1.0,head
h05_09_12,0.0,1.0,head
h05_09_13,0.0,1.0,head
h05_09_14,0.0,1.0,head
h05_09_15,0.0,1.0,head
h05_09_16,0.0,1.0,head
h05_09_17,0.0,1.0,head
h05_09_18,0.0,1.0,head
h05_09_19,0.0,1.0,head
h05_09_20,0.0,1.0,head
h05_09_21,0.0,1.0,head
h05_09_22,0.0,1.0,head
h05_09_23,0.0,1.0,head
h05_10_00,0.0,1.0,head
h05_10_01,0.0,1.0,head
h05_10_02,0.0,1.0,head
h05_10_03,0.0,1.0,head
h05_10_04,0.0,1.0,head
h05_10_05,0.0,1.0,head
h05_10_06,0.0,1.0,head
h05_10_07,0.0,1.0,head
h05_10_08,0.0,1.0,head
h05_10_09,0.0,1.0,head
h05_10_10,0.0,1.0,head
h05_10_11,0.0,1.0,head
h05_10_12,0.0,1.0,head
h05_10_13,0.0,1.0,head
h05_10_14,0.0,1.0,head
h05_10_15,0.0,1.0,head
h05_10_16,0.0,1.0,head
h05_10_17,0.0,1.0,head
h05_10_18,0.0,1.0,head
h05_10_19,0.0,1.0,head
h05_10_20,0.0,1.0,head
h05_10_21,0.0,1.0,head
h05_10_22,0.0,1.0,head
h05_10_23,0.0,1.0,head
h05_11_00,0.0,1.0,head
h05_11_01,0.0,1.0,head
h05_11_02,0.0,1.0,head
h05_11_03,0.0,1.0,head
h05_11_04,0.0,1.0,head
h05_11_05,0.0,1.0,head
h05_11_06,0.0,1.0,head
h05_11_07,0.0,1.0,head
h05_11_08,0.0,1.0,head
h05_11_09,0.0,1.0,head
h05_11_10,0.0,1.0,head
h05_11_11,0.0,1.0,head
h05_11_12,0.0,1.0,head
h05_11_13,0.0,1.0,head
h05_11_14,0.0,1.0,head
h05_11_15,0.0,1.0,head
h05_11_16,0.0,1.0,head
h05_11_17,0.0,1.0,head
h05_11_18,0.0,1.0,head
h05_11_19,0.0,1.0,head
h05_11_20,0.0,1.0,head
h05_11_21,0.0,1.0,head
h05_11_22,0.0,1.0,head
h05_11_23,0.0,1.0,head
h05_12_00,0.0,1.0,head
h05_12_01,0.0,1.0,head
h05_12_02,0.0,1.0,head
h05_12_03,0.0,1.0,head
h05_12_04,0.0,1.0,head
h05_12_05,0.0,1.0,head
h05_12_06,0.0,1.0,head
h05_12_07,0.0,1.0,head
h05_12_08,0.0,1.0,head
h05_12_09,0.0,1.0,head
h05_12_10,0.0,1.0,head
h05_12_11,0.0,1.0,head
h05_12_12,0.0,1.0,head
h05_12_13,0.0,1.0,head
h05_12_14,0.0,1.0,head
h05_12_15,0.0,1.0,head
h05_12_16,0.0,1.0,head
h05_12_17,0.0,1.0,head
h05_12_18,0.0,1.0,head
h05_12_19,0.0,1.0,head
h05_12_20,0.0,1.0,head
h05_12_21,0.0,1.0,head
h05_12_22,0.0,1.0,head
h05_12_23,0.0,1.0,head
h05_13_00,0.0,1.0,head
h05_13_01,0.0,1.0,head
h05_13_02,0.0,1.0,head
h05_13_03,0.0,1.0,head
h05_13_04,0.0,1.0,head
h05_13_05,0.0,1.0,head
h05_13_06,0.0,1.0,head
h05_13_07,0.0,1.0,head
h05_13_08,0.0,1.0,head
h05_13_09,0.0,1.0,head
h05_13_10,0.0,1.0,head
h05_13_11,0.0,1.0,head
h05_13_12,0.0,1.0,head
h05_13_13,0.0,1.0,head
h05_13_14,0.0,1.0,head
h05_13_15,0.0,1.0,head
h05_13_16,0.0,1.0,head
h05_13_17,0.0,1.0,head
h05_13_18,0.0,1.0,head
h05_13_19,0.0,1.0,head
h05_13_20,0.0,1.0,head
h05_13_21,0.0,1.0,head
h05_13_22,0.0,1.0,head
h05_13_23,0.0,1.0,head
h05_14_00,0.0,1.0,head
h05_14_01,0.0,1.0,head
h05_14_02,0.0,1.0,head
h05_14_03,0.0,1.0,head
h05_14_04,0.0,1.0,head
h05_14_05,0.0,1.0,head
h05_14_06,0.0,1.0,head
h05_14_07,0.0,1.0,head
h05_14_08,0.0,1.0,head
h05_14_09,0.0,1.0,head
h05_14_10,0.0,1.0,head
h05_14_11,0.0,1.0,head
h05_14_12,0.0,1.0,head
h05_14_13,0.0,1.0,head
h05_14_14,0.0,1.0,head
h05_14_15,0.0,1.0,head
h05_14_16,0.0,1.0,head
h05_14_17,0.0,1.0,head
h05_14_18,0.0,1.0,head
h05_14_19,0.0,1.0,head
h05_14_20,0.0,1.0,head
h05_14_21,0.0,1.0,head
h05_14_22,0.0,1.0,head
h05_14_23,0.0,1.0,head
h05_15_00,0.0,1.0,head
h05_15_01,0.0,1.0,head
h05_15_02,0.0,1.0,head
h05_15_03,0.0,1.0,head
h05_15_04,0.0,1.0,head
h05_15_05,0.0,1.0,head
h05_15_06,0.0,1.0,head
h05_15_07,0.0,1.0,head
h05_15_08,0.0,1.0,head
h05_15_09,0.0,1.0,head
h05_15_10,0.0,1.0,head
h05_15_11,0.0,1.0,head
h05_15_12,0.0,1.0,head
h05_15_13,0.0,1.0,head
h05_15_14,0.0,1.0,head
h05_15_15,0.0,1.0,head
h05_15_16,0.0,1.0,head
h05_15_17,0.0,1.0,head
h05_15_18,0.0,1.0,head
h05_15_19,0.0,1.0,head
h05_15_20,0.0,1.0,head
h05_15_21,0.0,1.0,head
h05_15_22,0.0,1.0,head
h05_15_23,0.0,1.0,head
h05_16_00,0.0,1.0,head
h05_16_01,0.0,1.0,head
h05_16_02,0.0,1.0,head
h05_16_03,0.0,1.0,head
h05_16_04,0.0,1.0,head
h05_16_05,0.0,1.0,head
h05_16_06,0.0,1.0,head
h05_16_07,0.0,1.0,head
h05_16_08,0.0,1.0,head
h05_16_09,0.0,1.0,head
h05_16_10,0.0,1.0,head
h05_16_11,0.0,1.0,head
h05_16_12,0.0,1.0,head
h05_16_13,0.0,1.0,head
h05_16_14,0.0,1.0,head
h05_16_15,0.0,1.0,head
h05_16_16,0.0,1.0,head
h05_16_17,0.0,1.0,head
h05_16_18,0.0,1.0,head
h05_16_19,0.0,1.0,head
h05_16_20,0.0,1.0,head
h05_16_21,0.0,1.0,head
h05_16_22,0.0,1.0,head
h05_16_23,0.0,1.0,head
h05_17_00,0.0,1.0,head
h05_17_01,0.0,1.0,head
h05_17_02,0.0,1.0,head
h05_17_03,0.0,1.0,head
h05_17_04,0.0,1.0,head
h05_17_05,0.0,1.0,head
h05_17_06,0.0,1.0,head
h05_17_07,0.0,1.0,head
h05_17_08,0.0,1.0,head
h05_17_09,0.0,1.0,head
h05_17_10,0.0,1.0,head
h05_17_11,0.0,1.0,head
h05_17_12,0.0,1.0,head
h05_17_13,0.0,1.0,head
h05_17_14,0.0,1.0,head
h05_17_15,0.0,1.0,head
h05_17_16,0.0,1.0,head
h05_17_17,0.0,1.0,head
h05_17_18,0.0,1.0,head
h05_17_19,0.0,1.0,head
h05_17_20,0.0,1.0,head
h05_17_21,0.0,1.0,head
h05_17_22,0.0,1.0,head
h05_17_23,0.0,1.0,head
h05_18_00,0.0,1.0,head
h05_18_01,0.0,1.0,head
h05_18_02,0.0,1.0,head
h05_18_03,0.0,1.0,head
h05_18_04,0.0,1.0,head
h05_18_05,0.0,1.0,head
h05_18_06,0.0,1.0,head
h05_18_07,0.0,1.0,head
h05_18_08,0.0,1.0,head
h05_18_09,0.0,1.0,head
h05_18_10,0.0,1.0,head
h05_18_11,0.0,1.0,head
h05_18_12,0.0,1.0,head
h05_18_13,0.0,1.0,head
h05_18_14,0.0,1.0,head
h05_18_15,0.0,1.0,head
h05_18_16,0.0,1.0,head
h05_18_17,0.0,1.0,head
h05_18_18,0.0,1.0,head
h05_18_19,0.0,1.0,head
h05_18_20,0.0,1.0,head
h05_18_21,0.0,1.0,head
h05_18_22,0.0,1.0,head
h05_18_23,0.0,1.0,head
h05_19_00,0.0,1.0,head
h05_19_01,0.0,1.0,head
h05_19_02,0.0,1.0,head
h05_19_03,0.0,1.0,head
h05_19_04,0.0,1.0,head
h05_19_05,0.0,1.0,head
h05_19_06,0.0,1.0,head
h05_19_07,0.0,1.0,head
h05_19_08,0.0,1.0,head
h05_19_09,0.0,1.0,head
h05_19_10,0.0,1.0,head
h05_19_11,0.0,1.0,head
h05_19_12,0.0,1.0,head
h05_19_13,0.0,1.0,head
h05_19_14,0.0,1.0,head
h05_19_15,0.0,1.0,head
h05_19_16,0.0,1.0,head
h05_19_17,0.0,1.0,head
h05_19_18,0.0,1.0,head
h05_19_19,0.0,1.0,head
h05_19_20,0.0,1.0,head
h05_19_21,0.0,1.0,head
h05_19_22,0.0,1.0,head
h05_19_23,0.0,1.0,head
h05_20_00,0.0,1.0,head
h05_20_01,0.0,1.0,head
h05_20_02,0.0,1.0,head
h05_20_03,0.0,1.0,head
h05_20_04,0.0,1.0,head
h05_20_05,0.0,1.0,head
h05_20_06,0.0,1.0,head
h05_20_07,0.0,1.0,head
h05_20_08,0.0,1.0,head
h05_20_09,0.0,1.0,head
h05_20_10,0.0,1.0,head
h05_20_11,0.0,1.0,head
h05_20_12,0.0,1.0,head
h05_20_13,0.0,1.0,head
h05_20_14,0.0,1.0,head
h05_20_15,0.0,1.0,head
h05_20_16,0.0,1.0,head
h05_20_17,0.0,1.0,head
h05_20_18,0.0,1.0,head
h05_20_19,0.0,1.0,head
h05_20_20,0.0,1.0,head
h05_20_21,0.0,1.0,head
h05_20_22,0.0,1.0,head
h05_20_23,0.0,1.0,head
h05_21_00,0.0,1.0,head
h05_21_01,0.0,1.0,head
h05_21_02,0.0,1.0,head
h05_21_03,0.0,1.0,head
h05_21_04,0.0,1.0,head
h05_21_05,0.0,1.0,head
h05_21_06,0.0,1.0,head
h05_21_07,0.0,1.0,head
h05_21_08,0.0,1.0,head
h05_21_09,0.0,1.0,head
h05_21_10,0.0,1.0,head
h05_21_11,0.0,1.0,head
h05_21_12,0.0,1.0,head
h05_21_13,0.0,1.0,head
h05_21_14,0.0,1.0,head
h05_21_15,0.0,1.0,head
h05_21_16,0.0,1.0,head
h05_21_17,0.0,1.0,head
h05_21_18,0.0,1.0,head
h05_21_19,0.0,1.0,head
h05_21_20,0.0,1.0,head
h05_21_21,0.0,1.0,head
h05_21_22,0.0,1.0,head
h05_21_23,0.0,1.0,head
h05_22_00,0.0,1.0,head
h05_22_01,0.0,1.0,head
h05_22_02,0.0,1.0,head
h05_22_03,0.0,1.0,head
h05_22_04,0.0,1.0,head
h05_22_05,0.0,1.0,head
h05_22_06,0.0,1.0,head
h05_22_07,0.0,1.0,head
h05_22_08,0.0,1.0,head
h05_22_09,0.0,1.0,head
h05_22_10,0.0,1.0,head
h05_22_11,0.0,1.0,head
h05_22_12,0.0,1.0,head
h05_22_13,0.0,1.0,head
h05_22_14,0.0,1.0,head
h05_22_15,0.0,1.0,head
h05_22_16,0.0,1.0,head
h05_22_17,0.0,1.0,head
h05_22_18,0.0,1.0,head
h05_22_19,0.0,1.0,head
h05_22_20,0.0,1.0,head
h05_22_21,0.0,1.0,head
h05_22_22,0.0,1.0,head
h05_22_23,0.0,1.0,head
h05_23_00,0.0,1.0,head
h05_23_01,0.0,1.0,head
h05_23_02,0.0,1.0,head
h05_23_03,0.0,1.0,head
h05_23_04,0.0,1.0,head
h05_23_05,0.0,1.0,head
h05_23_06,0.0,1.0,head
h05_23_07,0.0,1.0,head
h05_23_08,0.0,1.0,head
h05_23_09,0.0,1.0,head
h05_23_10,0.0,1.0,head
h05_23_11,0.0,1.0,head
h05_23_12,0.0,1.0,head
h05_23_13,0.0,1.0,head
h05_23_14,0.0,1.0,head
h05_23_15,0.0,1.0,head
h05_23_16,0.0,1.0,head
h05_23_17,0.0,1.0,head
h05_23_18,0.0,1.0,head
h05_23_19,0.0,1.0,head
h05_23_20,0.0,1.0,head
h05_23_21,0.0,1.0,head
h05_23_22,0.0,1.0,head
h05_23_23,0.0,1.0,head
h05_24_00,0.0,1.0,head
h05_24_01,0.0,1.0,head
h05_24_02,0.0,1.0,head
h05_24_03,0.0,1.0,head
h05_24_04,0.0,1.0,head
h05_24_05,0.0,1.0,head
h05_24_06,0.0,1.0,head
h05_24_07,0.0,1.0,head
h05_24_08,0.0,1.0,head
h05_24_09,0.0,1.0,head
h05_24_10,0.0,1.0,head
h05_24_11,0.0,1.0,head
h05_24_12,0.0,1.0,head
h05_24_13,0.0,1.0,head
h05_24_14,0.0,1.0,head
h05_24_15,0.0,1.0,head
h05_24_16,0.0,1.0,head
h05_24_17,0.0,1.0,head
h05_24_18,0.0,1.0,head
h05_24_19,0.0,1.0,head
h05_24_20,0.0,1.0,head
h05_24_21,0.0,1.0,head
h05_24_22,0.0,1.0,head
h05_24_23,0.0,1.0,head
h05_25_00,0.0,1.0,head
h05_25_01,0.0,1.0,head
h05_25_02,0.0,1.0,head
h05_25_03,0.0,1.0,head
h05_25_04,0.0,1.0,head
h05_25_05,0.0,1.0,head
h05_25_06,0.0,1.0,head
h05_25_07,0.0,1.0,head
h05_25_08,0.0,1.0,head
h05_25_09,0.0,1.0,head
h05_25_10,0.0,1.0,head
h05_25_11,0.0,1.0,head
h05_25_12,0.0,1.0,head
h05_25_13,0.0,1.0,head
h05_25_14,0.0,1.0,head
h05_25_15,0.0,1.0,head
h05_25_16,0.0,1.0,head
h05_25_17,0.0,1.0,head
h05_25_18,0.0,1.0,head
h05_25_19,0.0,1.0,head
h05_25_20,0.0,1.0,head
h05_25_21,0.0,1.0,head
h05_25_22,0.0,1.0,head
h05_25_23,0.0,1.0,head
h05_26_00,0.0,1.0,head
h05_26_01,0.0,1.0,head
h05_26_02,0.0,1.0,head
h05_26_03,0.0,1.0,head
h05_26_04,0.0,1.0,head
h05_26_05,0.0,1.0,head
h05_26_06,0.0,1.0,head
h05_26_07,0.0,1.0,head
h05_26_08,0.0,1.0,head
h05_26_09,0.0,1.0,head
h05_26_10,0.0,1.0,head
h05_26_11,0.0,1.0,head
h05_26_12,0.0,1.0,head
h05_26_13,0.0,1.0,head
h05_26_14,0.0,1.0,head
h05_26_15,0.0,1.0,head
h05_26_16,0.0,1.0,head
h05_26_17,0.0,1.0,head
h05_26_18,0.0,1.0,head
h05_26_19,0.0,1.0,head
h05_26_20,0.0,1.0,head
h05_26_21,0.0,1.0,head
h05_26_22,0.0,1.0,head
h05_26_23,0.0,1.0,head
h05_27_00,0.0,1.0,head
h05_27_01,0.0,1.0,head
h05_27_02,0.0,1.0,head
h05_27_03,0.0,1.0,head
h05_27_04,0.0,1.0,head
h05_27_05,0.0,1.0,head
h05_27_06,0.0,1.0,head
h05_27_07,0.0,1.0,head
h05_27_08,0.0,1.0,head
h05_27_09,0.0,1.0,head
h05_27_10,0.0,1.0,head
h05_27_11,0.0,1.0,head
h05_27_12,0.0,1.0,head
h05_27_13,0.0,1.0,head
h05_27_14,0.0,1.0,head
h05_27_15,0.0,1.0,head
h05_27_16,0.0,1.0,head
h05_27_17,0.0,1.0,head
h05_27_18,0.0,1.0,head
h05_27_19,0.0,1.0,head
h05_27_20,0.0,1.0,head
h05_27_21,0.0,1.0,head
h05_27_22,0.0,1.0,head
h05_27_23,0.0,1.0,head
h05_28_00,0.0,1.0,head
h05_28_01,0.0,1.0,head
h05_28_02,0.0,1.0,head
h05_28_03,0.0,1.0,head
h05_28_04,0.0,1.0,head
h05_28_05,0.0,1.0,head
h05_28_06,0.0,1.0,head
h05_28_07,0.0,1.0,head
h05_28_08,0.0,1.0,head
h05_28_09,0.0,1.0,head
h05_28_10,0.0,1.0,head
h05_28_11,0.0,1.0,head
h05_28_12,0.0,1.0,head
h05_28_13,0.0,1.0,head
h05_28_14,0.0,1.0,head
h05_28_15,0.0,1.0,head
h05_28_16,0.0,1.0,head
h05_28_17,0.0,1.0,head
h05_28_18,0.0,1.0,head
h05_28_19,0.0,1.0,head
h05_28_20,0.0,1.0,head
h05_28_21,0.0,1.0,head
h05_28_22,0.0,1.0,head
h05_28_23,0.0,1.0,head
h05_29_00,0.0,1.0,head
h05_29_01,0.0,1.0,head
h05_29_02,0.0,1.0,head
h05_29_03,0.0,1.0,head
h05_29_04,0.0,1.0,head
h05_29_05,0.0,1.0,head
h05_29_06,0.0,1.0,head
h05_29_07,0.0,1.0,head
h05_29_08,0.0,1.0,head
h05_29_09,0.0,1.0,head
h05_29_10,0.0,1.0,head
h05_29_11,0.0,1.0,head
h05_29_12,0.0,1.0,head
h05_29_13,0.0,1.0,head
h05_29_14,0.0,1.0,head
h05_29_15,0.0,1.0,head
h05_29_16,0.0,1.0,head
h05_29_17,0.0,1.0,head
h05_29_18,0.0,1.0,head
h05_29_19,0.0,1.0,head
h05_29_20,0.0,1.0,head
h05_29_21,0.0,1.0,head
h05_29_22,0.0,1.0,head
h05_29_23,0.0,1.0,head
h06_00_00,0.0,1.0,head
h06_00_01,0.0,1.0,head
h06_00_02,0.0,1.0,head
h06_00_03,0.0,1.0,head
h06_00_04,0.0,1.0,head
h06_00_05,0.0,1.0,head
h06_00_06,0.0,1.0,head
h06_00_07,0.0,1.0,head
h06_00_08,0.0,1.0,head
h06_00_09,0.0,1.0,head
h06_00_10,0.0,1.0,head
h06_00_11,0.0,1.0,head
h06_00_12,0.0,1.0,head
h06_00_13,0.0,1.0,head
h06_00_14,0.0,1.0,head
h06_00_15,0.0,1.0,head
h06_00_16,0.0,1.0,head
h06_00_17,0.0,1.0,head
h06_00_18,0.0,1.0,head
h06_00_19,0.0,1.0,head
h06_00_20,0.0,1.0,head
h06_00_21,0.0,1.0,head
h06_00_22,0.0,1.0,head
h06_00_23,0.0,1.0,head
h06_01_00,0.0,1.0,head
h06_01_01,0.0,1.0,head
h06_01_02,0.0,1.0,head
h06_01_03,0.0,1.0,head
h06_01_04,0.0,1.0,head
h06_01_05,0.0,1.0,head
h06_01_06,0.0,1.0,head
h06_01_07,0.0,1.0,head
h06_01_08,0.0,1.0,head
h06_01_09,0.0,1.0,head
h06_01_10,0.0,1.0,head
h06_01_11,0.0,1.0,head
h06_01_12,0.0,1.0,head
h06_01_13,0.0,1.0,head
h06_01_14,0.0,1.0,head
h06_01_15,0.0,1.0,head
h06_01_16,0.0,1.0,head
h06_01_17,0.0,1.0,head
h06_01_18,0.0,1.0,head
h06_01_19,0.0,1.0,head
h06_01_20,0.0,1.0,head
h06_01_21,0.0,1.0,head
h06_01_22,0.0,1.0,head
h06_01_23,0.0,1.0,head
h06_02_00,0.0,1.0,head
h06_02_01,0.0,1.0,head
h06_02_02,0.0,1.0,head
h06_02_03,0.0,1.0,head
h06_02_04,0.0,1.0,head
h06_02_05,0.0,1.0,head
h06_02_06,0.0,1.0,head
h06_02_07,0.0,1.0,head
h06_02_08,0.0,1.0,head
h06_02_09,0.0,1.0,head
h06_02_10,0.0,1.0,head
h06_02_11,0.0,1.0,head
h06_02_12,0.0,1.0,head
h06_02_13,0.0,1.0,head
h06_02_14,0.0,1.0,head
h06_02_15,0.0,1.0,head
h06_02_16,0.0,1.0,head
h06_02_17,0.0,1.0,head
h06_02_18,0.0,1.0,head
h06_02_19,0.0,1.0,head
h06_02_20,0.0,1.0,head
h06_02_21,0.0,1.0,head
h06_02_22,0.0,1.0,head
h06_02_23,0.0,1.0,head
h06_03_00,0.0,1.0,head
h06_03_01,0.0,1.0,head
h06_03_02,0.0,1.0,head
h06_03_03,0.0,1.0,head
h06_03_04,0.0,1.0,head
h06_03_05,0.0,1.0,head
h06_03_06,0.0,1.0,head
h06_03_07,0.0,1.0,head
h06_03_08,0.0,1.0,head
h06_03_09,0.0,1.0,head
h06_03_10,0.0,1.0,head
h06_03_11,0.0,1.0,head
h06_03_12,0.0,1.0,head
h06_03_13,0.0,1.0,head
h06_03_14,0.0,1.0,head
h06_03_15,0.0,1.0,head
h06_03_16,0.0,1.0,head
h06_03_17,0.0,1.0,head
h06_03_18,0.0,1.0,head
h06_03_19,0.0,1.0,head
h06_03_20,0.0,1.0,head
h06_03_21,0.0,1.0,head
h06_03_22,0.0,1.0,head
h06_03_23,0.0,1.0,head
h06_04_00,0.0,1.0,head
h06_04_01,0.0,1.0,head
h06_04_02,0.0,1.0,head
h06_04_03,0.0,1.0,head
h06_04_04,0.0,1.0,head
h06_04_05,0.0,1.0,head
h06_04_06,0.0,1.0,head
h06_04_07,0.0,1.0,head
h06_04_08,0.0,1.0,head
h06_04_09,0.0,1.0,head
h06_04_10,0.0,1.0,head
h06_04_11,0.0,1.0,head
h06_04_12,0.0,1.0,head
h06_04_13,0.0,1.0,head
h06_04_14,0.0,1.0,head
h06_04_15,0.0,1.0,head
h06_04_16,0.0,1.0,head
h06_04_17,0.0,1.0,head
h06_04_18,0.0,1.0,head
h06_04_19,0.0,1.0,head
h06_04_20,0.0,1.0,head
h06_04_21,0.0,1.0,head
h06_04_22,0.0,1.0,head
h06_04_23,0.0,1.0,head
h06_05_00,0.0,1.0,head
h06_05_01,0.0,1.0,head
h06_05_02,0.0,1.0,head
h06_05_03,0.0,1.0,head
h06_05_04,0.0,1.0,head
h06_05_05,0.0,1.0,head
h06_05_06,0.0,1.0,head
h06_05_07,0.0,1.0,head
h06_05_08,0.0,1.0,head
h06_05_09,0.0,1.0,head
h06_05_10,0.0,1.0,head
h06_05_11,0.0,1.0,head
h06_05_12,0.0,1.0,head
h06_05_13,0.0,1.0,head
h06_05_14,0.0,1.0,head
h06_05_15,0.0,1.0,head
h06_05_16,0.0,1.0,head
h06_05_17,0.0,1.0,head
h06_05_18,0.0,1.0,head
h06_05_19,0.0,1.0,head
h06_05_20,0.0,1.0,head
h06_05_21,0.0,1.0,head
h06_05_22,0.0,1.0,head
h06_05_23,0.0,1.0,head
h06_06_00,0.0,1.0,head
h06_06_01,0.0,1.0,head
h06_06_02,0.0,1.0,head
h06_06_03,0.0,1.0,head
h06_06_04,0.0,1.0,head
h06_06_05,0.0,1.0,head
h06_06_06,0.0,1.0,head
h06_06_07,0.0,1.0,head
h06_06_08,0.0,1.0,head
h06_06_09,0.0,1.0,head
h06_06_10,0.0,1.0,head
h06_06_11,0.0,1.0,head
h06_06_12,0.0,1.0,head
h06_06_13,0.0,1.0,head
h06_06_14,0.0,1.0,head
h06_06_15,0.0,1.0,head
h06_06_16,0.0,1.0,head
h06_06_17,0.0,1.0,head
h06_06_18,0.0,1.0,head
h06_06_19,0.0,1.0,head
h06_06_20,0.0,1.0,head
h06_06_21,0.0,1.0,head
h06_06_22,0.0,1.0,head
h06_06_23,0.0,1.0,head
h06_07_00,0.0,1.0,head
h06_07_01,0.0,1.0,head
h06_07_02,0.0,1.0,head
h06_07_03,0.0,1.0,head
h06_07_04,0.0,1.0,head
h06_07_05,0.0,1.0,head
h06_07_06,0.0,1.0,head
h06_07_07,0.0,1.0,head
h06_07_08,0.0,1.0,head
h06_07_09,0.0,1.0,head
h06_07_10,0.0,1.0,head
h06_07_11,0.0,1.0,head
h06_07_12,0.0,1.0,head
h06_07_13,0.0,1.0,head
h06_07_14,0.0,1.0,head
h06_07_15,0.0,1.0,head
h06_07_16,0.0,1.0,head
h06_07_17,0.0,1.0,head
h06_07_18,0.0,1.0,head
h06_07_19,0.0,1.0,head
h06_07_20,0.0,1.0,head
h06_07_21,0.0,1.0,head
h06_07_22,0.0,1.0,head
h06_07_23,0.0,1.0,head
h06_08_00,0.0,1.0,head
h06_08_01,0.0,1.0,head
h06_08_02,0.0,1.0,head
h06_08_03,0.0,1.0,head
h06_08_04,0.0,1.0,head
h06_08_05,0.0,1.0,head
h06_08_06,0.0,1.0,head
h06_08_07,0.0,1.0,head
h06_08_08,0.0,1.0,head
h06_08_09,0.0,1.0,head
h06_08_10,0.0,1.0,head
h06_08_11,0.0,1.0,head
h06_08_12,0.0,1.0,head
h06_08_13,0.0,1.0,head
h06_08_14,0.0,1.0,head
h06_08_15,0.0,1.0,head
h06_08_16,0.0,1.0,head
h06_08_17,0.0,1.0,head
h06_08_18,0.0,1.0,head
h06_08_19,0.0,1.0,head
h06_08_20,0.0,1.0,head
h06_08_21,0.0,1.0,head
h06_08_22,0.0,1.0,head
h06_08_23,0.0,1.0,head
h06_09_00,0.0,1.0,head
h06_09_01,0.0,1.0,head
h06_09_02,0.0,1.0,head
h06_09_03,0.0,1.0,head
h06_09_04,0.0,1.0,head
h06_09_05,0.0,1.0,head
h06_09_06,0.0,1.0,head
h06_09_07,0.0,1.0,head
h06_09_08,0.0,1.0,head
h06_09_09,0.0,1.0,head
h06_09_10,0.0,1.0,head
h06_09_11,0.0,1.0,head
h06_09_12,0.0,1.0,head
h06_09_13,0.0,1.0,head
h06_09_14,0.0,1.0,head
h06_09_15,0.0,1.0,head
h06_09_16,0.0,1.0,head
h06_09_17,0.0,1.0,head
h06_09_18,0.0,1.0,head
h06_09_19,0.0,1.0,head
h06_09_20,0.0,1.0,head
h06_09_21,0.0,1.0,head
h06_09_22,0.0,1.0,head
h06_09_23,0.0,1.0,head
h06_10_00,0.0,1.0,head
h06_10_01,0.0,1.0,head
h06_10_02,0.0,1.0,head
h06_10_03,0.0,1.0,head
h06_10_04,0.0,1.0,head
h06_10_05,0.0,1.0,head
h06_10_06,0.0,1.0,head
h06_10_07,0.0,1.0,head
h06_10_08,0.0,1.0,head
h06_10_09,0.0,1.0,head
h06_10_10,0.0,1.0,head
h06_10_11,0.0,1.0,head
h06_10_12,0.0,1.0,head
h06_10_13,0.0,1.0,head
h06_10_14,0.0,1.0,head
h06_10_15,0.0,1.0,head
h06_10_16,0.0,1.0,head
h06_10_17,0.0,1.0,head
h06_10_18,0.0,1.0,head
h06_10_19,0.0,1.0,head
h06_10_20,0.0,1.0,head
h06_10_21,0.0,1.0,head
h06_10_22,0.0,1.0,head
h06_10_23,0.0,1.0,head
h06_11_00,0.0,1.0,head
h06_11_01,0.0,1.0,head
h06_11_02,0.0,1.0,head
h06_11_03,0.0,1.0,head
h06_11_04,0.0,1.0,head
h06_11_05,0.0,1.0,head
h06_11_06,0.0,1.0,head
h06_11_07,0.0,1.0,head
h06_11_08,0.0,1.0,head
h06_11_09,0.0,1.0,head
h06_11_10,0.0,1.0,head
h06_11_11,0.0,1.0,head
h06_11_12,0.0,1.0,head
h06_11_13,0.0,1.0,head
h06_11_14,0.0,1.0,head
h06_11_15,0.0,1.0,head
h06_11_16,0.0,1.0,head
h06_11_17,0.0,1.0,head
h06_11_18,0.0,1.0,head
h06_11_19,0.0,1.0,head
h06_11_20,0.0,1.0,head
h06_11_21,0.0,1.0,head
h06_11_22,0.0,1.0,head
h06_11_23,0.0,1.0,head
h06_12_00,0.0,1.0,head
h06_12_01,0.0,1.0,head
h06_12_02,0.0,1.0,head
h06_12_03,0.0,1.0,head
h06_12_04,0.0,1.0,head
h06_12_05,0.0,1.0,head
h06_12_06,0.0,1.0,head
h06_12_07,0.0,1.0,head
h06_12_08,0.0,1.0,head
h06_12_09,0.0,1.0,head
h06_12_10,0.0,1.0,head
h06_12_11,0.0,1.0,head
h06_12_12,0.0,1.0,head
h06_12_13,0.0,1.0,head
h06_12_14,0.0,1.0,head
h06_12_15,0.0,1.0,head
h06_12_16,0.0,1.0,head
h06_12_17,0.0,1.0,head
h06_12_18,0.0,1.0,head
h06_12_19,0.0,1.0,head
h06_12_20,0.0,1.0,head
h06_12_21,0.0,1.0,head
h06_12_22,0.0,1.0,head
h06_12_23,0.0,1.0,head
h06_13_00,0.0,1.0,head
h06_13_01,0.0,1.0,head
h06_13_02,0.0,1.0,head
h06_13_03,0.0,1.0,head
h06_13_04,0.0,1.0,head
h06_13_05,0.0,1.0,head
h06_13_06,0.0,1.0,head
h06_13_07,0.0,1.0,head
h06_13_08,0.0,1.0,head
h06_13_09,0.0,1.0,head
h06_13_10,0.0,1.0,head
h06_13_11,0.0,1.0,head
h06_13_12,0.0,1.0,head
h06_13_13,0.0,1.0,head
h06_13_14,0.0,1.0,head
h06_13_15,0.0,1.0,head
h06_13_16,0.0,1.0,head
h06_13_17,0.0,1.0,head
h06_13_18,0.0,1.0,head
h06_13_19,0.0,1.0,head
h06_13_20,0.0,1.0,head
h06_13_21,0.0,1.0,head
h06_13_22,0.0,1.0,head
h06_13_23,0.0,1.0,head
h06_14_00,0.0,1.0,head
h06_14_01,0.0,1.0,head
h06_14_02,0.0,1.0,head
h06_14_03,0.0,1.0,head
h06_14_04,0.0,1.0,head
h06_14_05,0.0,1.0,head
h06_14_06,0.0,1.0,head
h06_14_07,0.0,1.0,head
h06_14_08,0.0,1.0,head
h06_14_09,0.0,1.0,head
h06_14_10,0.0,1.0,head
h06_14_11,0.0,1.0,head
h06_14_12,0.0,1.0,head
h06_14_13,0.0,1.0,head
h06_14_14,0.0,1.0,head
h06_14_15,0.0,1.0,head
h06_14_16,0.0,1.0,head
h06_14_17,0.0,1.0,head
h06_14_18,0.0,1.0,head
h06_14_19,0.0,1.0,head
h06_14_20,0.0,1.0,head
h06_14_21,0.0,1.0,head
h06_14_22,0.0,1.0,head
h06_14_23,0.0,1.0,head
h06_15_00,0.0,1.0,head
h06_15_01,0.0,1.0,head
h06_15_02,0.0,1.0,head
h06_15_03,0.0,1.0,head
h06_15_04,0.0,1.0,head
h06_15_05,0.0,1.0,head
h06_15_06,0.0,1.0,head
h06_15_07,0.0,1.0,head
h06_15_08,0.0,1.0,head
h06_15_09,0.0,1.0,head
h06_15_10,0.0,1.0,head
h06_15_11,0.0,1.0,head
h06_15_12,0.0,1.0,head
h06_15_13,0.0,1.0,head
h06_15_14,0.0,1.0,head
h06_15_15,0.0,1.0,head
h06_15_16,0.0,1.0,head
h06_15_17,0.0,1.0,head
h06_15_18,0.0,1.0,head
h06_15_19,0.0,1.0,head
h06_15_20,0.0,1.0,head
h06_15_21,0.0,1.0,head
h06_15_22,0.0,1.0,head
h06_15_23,0.0,1.0,head
h06_16_00,0.0,1.0,head
h06_16_01,0.0,1.0,head
h06_16_02,0.0,1.0,head
h06_16_03,0.0,1.0,head
h06_16_04,0.0,1.0,head
h06_16_05,0.0,1.0,head
h06_16_06,0.0,1.0,head
h06_16_07,0.0,1.0,head
h06_16_08,0.0,1.0,head
h06_16_09,0.0,1.0,head
h06_16_10,0.0,1.0,head
h06_16_11,0.0,1.0,head
h06_16_12,0.0,1.0,head
h06_16_13,0.0,1.0,head
h06_16_14,0.0,1.0,head
h06_16_15,0.0,1.0,head
h06_16_16,0.0,1.0,head
h06_16_17,0.0,1.0,head
h06_16_18,0.0,1.0,head
h06_16_19,0.0,1.0,head
h06_16_20,0.0,1.0,head
h06_16_21,0.0,1.0,head
h06_16_22,0.0,1.0,head
h06_16_23,0.0,1.0,head
h06_17_00,0.0,1.0,head
h06_17_01,0.0,1.0,head
h06_17_02,0.0,1.0,head
h06_17_03,0.0,1.0,head
h06_17_04,0.0,1.0,head
h06_17_05,0.0,1.0,head
h06_17_06,0.0,1.0,head
h06_17_07,0.0,1.0,head
h06_17_08,0.0,1.0,head
h06_17_09,0.0,1.0,head
h06_17_10,0.0,1.0,head
h06_17_11,0.0,1.0,head
h06_17_12,0.0,1.0,head
h06_17_13,0.0,1.0,head
h06_17_14,0.0,1.0,head
h06_17_15,0.0,1.0,head
h06_17_16,0.0,1.0,head
h06_17_17,0.0,1.0,head
h06_17_18,0.0,1.0,head
h06_17_19,0.0,1.0,head
h06_17_20,0.0,1.0,head
h06_17_21,0.0,1.0,head
h06_17_22,0.0,1.0,head
h06_17_23,0.0,1.0,head
h06_18_00,0.0,1.0,head
h06_18_01,0.0,1.0,head
h06_18_02,0.0,1.0,head
h06_18_03,0.0,1.0,head
h06_18_04,0.0,1.0,head
h06_18_05,0.0,1.0,head
h06_18_06,0.0,1.0,head
h06_18_07,0.0,1.0,head
h06_18_08,0.0,1.0,head
h06_18_09,0.0,1.0,head
h06_18_10,0.0,1.0,head
h06_18_11,0.0,1.0,head
h06_18_12,0.0,1.0,head
h06_18_13,0.0,1.0,head
h06_18_14,0.0,1.0,head
h06_18_15,0.0,1.0,head
h06_18_16,0.0,1.0,head
h06_18_17,0.0,1.0,head
h06_18_18,0.0,1.0,head
h06_18_19,0.0,1.0,head
h06_18_20,0.0,1.0,head
h06_18_21,0.0,1.0,head
h06_18_22,0.0,1.0,head
h06_18_23,0.0,1.0,head
h06_19_00,0.0,1.0,head
h06_19_01,0.0,1.0,head
h06_19_02,0.0,1.0,head
h06_19_03,0.0,1.0,head
h06_19_04,0.0,1.0,head
h06_19_05,0.0,1.0,head
h06_19_06,0.0,1.0,head
h06_19_07,0.0,1.0,head
h06_19_08,0.0,1.0,head
h06_19_09,0.0,1.0,head
h06_19_10,0.0,1.0,head
h06_19_11,0.0,1.0,head
h06_19_12,0.0,1.0,head
h06_19_13,0.0,1.0,head
h06_19_14,0.0,1.0,head
h06_19_15,0.0,1.0,head
h06_19_16,0.0,1.0,head
h06_19_17,0.0,1.0,head
h06_19_18,0.0,1.0,head
h06_19_19,0.0,1.0,head
h06_19_20,0.0,1.0,head
h06_19_21,0.0,1.0,head
h06_19_22,0.0,1.0,head
h06_19_23,0.0,1.0,head
h06_20_00,0.0,1.0,head
h06_20_01,0.0,1.0,head
h06_20_02,0.0,1.0,head
h06_20_03,0.0,1.0,head
h06_20_04,0.0,1.0,head
h06_20_05,0.0,1.0,head
h06_20_06,0.0,1.0,head
h06_20_07,0.0,1.0,head
h06_20_08,0.0,1.0,head
h06_20_09,0.0,1.0,head
h06_20_10,0.0,1.0,head
h06_20_11,0.0,1.0,head
h06_20_12,0.0,1.0,head
h06_20_13,0.0,1.0,head
h06_20_14,0.0,1.0,head
h06_20_15,0.0,1.0,head
h06_20_16,0.0,1.0,head
h06_20_17,0.0,1.0,head
h06_20_18,0.0,1.0,head
h06_20_19,0.0,1.0,head
h06_20_20,0.0,1.0,head
h06_20_21,0.0,1.0,head
h06_20_22,0.0,1.0,head
h06_20_23,0.0,1.0,head
h06_21_00,0.0,1.0,head
h06_21_01,0.0,1.0,head
h06_21_02,0.0,1.0,head
h06_21_03,0.0,1.0,head
h06_21_04,0.0,1.0,head
h06_21_05,0.0,1.0,head
h06_21_06,0.0,1.0,head
h06_21_07,0.0,1.0,head
h06_21_08,0.0,1.0,head
h06_21_09,0.0,1.0,head
h06_21_10,0.0,1.0,head
h06_21_11,0.0,1.0,head
h06_21_12,0.0,1.0,head
h06_21_13,0.0,1.0,head
h06_21_14,0.0,1.0,head
h06_21_15,0.0,1.0,head
h06_21_16,0.0,1.0,head
h06_21_17,0.0,1.0,head
h06_21_18,0.0,1.0,head
h06_21_19,0.0,1.0,head
h06_21_20,0.0,1.0,head
h06_21_21,0.0,1.0,head
h06_21_22,0.0,1.0,head
h06_21_23,0.0,1.0,head
h06_22_00,0.0,1.0,head
h06_22_01,0.0,1.0,head
h06_22_02,0.0,1.0,head
h06_22_03,0.0,1.0,head
h06_22_04,0.0,1.0,head
h06_22_05,0.0,1.0,head
h06_22_06,0.0,1.0,head
h06_22_07,0.0,1.0,head
h06_22_08,0.0,1.0,head
h06_22_09,0.0,1.0,head
h06_22_10,0.0,1.0,head
h06_22_11,0.0,1.0,head
h06_22_12,0.0,1.0,head
h06_22_13,0.0,1.0,head
h06_22_14,0.0,1.0,head
h06_22_15,0.0,1.0,head
h06_22_16,0.0,1.0,head
h06_22_17,0.0,1.0,head
h06_22_18,0.0,1.0,head
h06_22_19,0.0,1.0,head
h06_22_20,0.0,1.0,head
h06_22_21,0.0,1.0,head
h06_22_22,0.0,1.0,head
h06_22_23,0.0,1.0,head
h06_23_00,0.0,1.0,head
h06_23_01,0.0,1.0,head
h06_23_02,0.0,1.0,head
h06_23_03,0.0,1.0,head
h06_23_04,0.0,1.0,head
h06_23_05,0.0,1.0,head
h06_23_06,0.0,1.0,head
h06_23_07,0.0,1.0,head
h06_23_08,0.0,1.0,head
h06_23_09,0.0,1.0,head
h06_23_10,0.0,1.0,head
h06_23_11,0.0,1.0,head
h06_23_12,0.0,1.0,head
h06_23_13,0.0,1.0,head
h06_23_14,0.0,1.0,head
h06_23_15,0.0,1.0,head
h06_23_16,0.0,1.0,head
h06_23_17,0.0,1.0,head
h06_23_18,0.0,1.0,head
h06_23_19,0.0,1.0,head
h06_23_20,0.0,1.0,head
h06_23_21,0.0,1.0,head
h06_23_22,0.0,1.0,head
h06_23_23,0.0,1.0,head
h06_24_00,0.0,1.0,head
h06_24_01,0.0,1.0,head
h06_24_02,0.0,1.0,head
h06_24_03,0.0,1.0,head
h06_24_04,0.0,1.0,head
h06_24_05,0.0,1.0,head
h06_24_06,0.0,1.0,head
h06_24_07,0.0,1.0,head
h06_24_08,0.0,1.0,head
h06_24_09,0.0,1.0,head
h06_24_10,0.0,1.0,head
h06_24_11,0.0,1.0,head
h06_24_12,0.0,1.0,head
h06_24_13,0.0,1.0,head
h06_24_14,0.0,1.0,head
h06_24_15,0.0,1.0,head
h06_24_16,0.0,1.0,head
h06_24_17,0.0,1.0,head
h06_24_18,0.0,1.0,head
h06_24_19,0.0,1.0,head
h06_24_20,0.0,1.0,head
h06_24_21,0.0,1.0,head
h06_24_22,0.0,1.0,head
h06_24_23,0.0,1.0,head
h06_25_00,0.0,1.0,head
h06_25_01,0.0,1.0,head
h06_25_02,0.0,1.0,head
h06_25_03,0.0,1.0,head
h06_25_04,0.0,1.0,head
h06_25_05,0.0,1.0,head
h06_25_06,0.0,1.0,head
h06_25_07,0.0,1.0,head
h06_25_08,0.0,1.0,head
h06_25_09,0.0,1.0,head
h06_25_10,0.0,1.0,head
h06_25_11,0.0,1.0,head
h06_25_12,0.0,1.0,head
h06_25_13,0.0,1.0,head
h06_25_14,0.0,1.0,head
h06_25_15,0.0,1.0,head
h06_25_16,0.0,1.0,head
h06_25_17,0.0,1.0,head
h06_25_18,0.0,1.0,head
h06_25_19,0.0,1.0,head
h06_25_20,0.0,1.0,head
h06_25_21,0.0,1.0,head
h06_25_22,0.0,1.0,head
h06_25_23,0.0,1.0,head
h06_26_00,0.0,1.0,head
h06_26_01,0.0,1.0,head
h06_26_02,0.0,1.0,head
h06_26_03,0.0,1.0,head
h06_26_04,0.0,1.0,head
h06_26_05,0.0,1.0,head
h06_26_06,0.0,1.0,head
h06_26_07,0.0,1.0,head
h06_26_08,0.0,1.0,head
h06_26_09,0.0,1.0,head
h06_26_10,0.0,1.0,head
h06_26_11,0.0,1.0,head
h06_26_12,0.0,1.0,head
h06_26_13,0.0,1.0,head
h06_26_14,0.0,1.0,head
h06_26_15,0.0,1.0,head
h06_26_16,0.0,1.0,head
h06_26_17,0.0,1.0,head
h06_26_18,0.0,1.0,head
h06_26_19,0.0,1.0,head
h06_26_20,0.0,1.0,head
h06_26_21,0.0,1.0,head
h06_26_22,0.0,1.0,head
h06_26_23,0.0,1.0,head
h06_27_00,0.0,1.0,head
h06_27_01,0.0,1.0,head
h06_27_02,0.0,1.0,head
h06_27_03,0.0,1.0,head
h06_27_04,0.0,1.0,head
h06_27_05,0.0,1.0,head
h06_27_06,0.0,1.0,head
h06_27_07,0.0,1.0,head
h06_27_08,0.0,1.0,head
h06_27_09,0.0,1.0,head
h06_27_10,0.0,1.0,head
h06_27_11,0.0,1.0,head
h06_27_12,0.0,1.0,head
h06_27_13,0.0,1.0,head
h06_27_14,0.0,1.0,head
h06_27_15,0.0,1.0,head
h06_27_16,0.0,1.0,head
h06_27_17,0.0,1.0,head
h06_27_18,0.0,1.0,head
h06_27_19,0.0,1.0,head
h06_27_20,0.0,1.0,head
h06_27_21,0.0,1.0,head
h06_27_22,0.0,1.0,head
h06_27_23,0.0,1.0,head
h06_28_00,0.0,1.0,head
h06_28_01,0.0,1.0,head
h06_28_02,0.0,1.0,head
h06_28_03,0.0,1.0,head
h06_28_04,0.0,1.0,head
h06_28_05,0.0,1.0,head
h06_28_06,0.0,1.0,head
h06_28_07,0.0,1.0,head
h06_28_08,0.0,1.0,head
h06_28_09,0.0,1.0,head
h06_28_10,0.0,1.0,head
h06_28_11,0.0,1.0,head
h06_28_12,0.0,1.0,head
h06_28_13,0.0,1.0,head
h06_28_14,0.0,1.0,head
h06_28_15,0.0,1.0,head
h06_28_16,0.0,1.0,head
h06_28_17,0.0,1.0,head
h06_28_18,0.0,1.0,head
h06_28_19,0.0,1.0,head
h06_28_20,0.0,1.0,head
h06_28_21,0.0,1.0,head
h06_28_22,0.0,1.0,head
h06_28_23,0.0,1.0,head
h06_29_00,0.0,1.0,head
h06_29_01,0.0,1.0,head
h06_29_02,0.0,1.0,head
h06_29_03,0.0,1.0,head
h06_29_04,0.0,1.0,head
h06_29_05,0.0,1.0,head
h06_29_06,0.0,1.0,head
h06_29_07,0.0,1.0,head
h06_29_08,0.0,1.0,head
h06_29_09,0.0,1.0,head
h06_29_10,0.0,1.0,head
h06_29_11,0.0,1.0,head
h06_29_12,0.0,1.0,head
h06_29_13,0.0,1.0,head
h06_29_14,0.0,1.0,head
h06_29_15,0.0,1.0,head
h06_29_16,0.0,1.0,head
h06_29_17,0.0,1.0,head
h06_29_18,0.0,1.0,head
h06_29_19,0.0,1.0,head
h06_29_20,0.0,1.0,head
h06_29_21,0.0,1.0,head
h06_29_22,0.0,1.0,head
h06_29_23,0.0,1.0,head
h07_00_00,0.0,1.0,head
h07_00_01,0.0,1.0,head
h07_00_02,0.0,1.0,head
h07_00_03,0.0,1.0,head
h07_00_04,0.0,1.0,head
h07_00_05,0.0,1.0,head
h07_00_06,0.0,1.0,head
h07_00_07,0.0,1.0,head
h07_00_08,0.0,1.0,head
h07_00_09,0.0,1.0,head
h07_00_10,0.0,1.0,head
h07_00_11,0.0,1.0,head
h07_00_12,0.0,1.0,head
h07_00_13,0.0,1.0,head
h07_00_14,0.0,1.0,head
h07_00_15,0.0,1.0,head
h07_00_16,0.0,1.0,head
h07_00_17,0.0,1.0,head
h07_00_18,0.0,1.0,head
h07_00_19,0.0,1.0,head
h07_00_20,0.0,1.0,head
h07_00_21,0.0,1.0,head
h07_00_22,0.0,1.0,head
h07_00_23,0.0,1.0,head
h07_01_00,0.0,1.0,head
h07_01_01,0.0,1.0,head
h07_01_02,0.0,1.0,head
h07_01_03,0.0,1.0,head
h07_01_04,0.0,1.0,head
h07_01_05,0.0,1.0,head
h07_01_06,0.0,1.0,head
h07_01_07,0.0,1.0,head
h07_01_08,0.0,1.0,head
h07_01_09,0.0,1.0,head
h07_01_10,0.0,1.0,head
h07_01_11,0.0,1.0,head
h07_01_12,0.0,1.0,head
h07_01_13,0.0,1.0,head
h07_01_14,0.0,1.0,head
h07_01_15,0.0,1.0,head
h07_01_16,0.0,1.0,head
h07_01_17,0.0,1.0,head
h07_01_18,0.0,1.0,head
h07_01_19,0.0,1.0,head
h07_01_20,0.0,1.0,head
h07_01_21,0.0,1.0,head
h07_01_22,0.0,1.0,head
h07_01_23,0.0,1.0,head
h07_02_00,0.0,1.0,head
h07_02_01,0.0,1.0,head
h07_02_02,0.0,1.0,head
h07_02_03,0.0,1.0,head
h07_02_04,0.0,1.0,head
h07_02_05,0.0,1.0,head
h07_02_06,0.0,1.0,head
h07_02_07,0.0,1.0,head
h07_02_08,0.0,1.0,head
h07_02_09,0.0,1.0,head
h07_02_10,0.0,1.0,head
h07_02_11,0.0,1.0,head
h07_02_12,0.0,1.0,head
h07_02_13,0.0,1.0,head
h07_02_14,0.0,1.0,head
h07_02_15,0.0,1.0,head
h07_02_16,0.0,1.0,head
h07_02_17,0.0,1.0,head
h07_02_18,0.0,1.0,head
h07_02_19,0.0,1.0,head
h07_02_20,0.0,1.0,head
h07_02_21,0.0,1.0,head
h07_02_22,0.0,1.0,head
h07_02_23,0.0,1.0,head
h07_03_00,0.0,1.0,head
h07_03_01,0.0,1.0,head
h07_03_02,0.0,1.0,head
h07_03_03,0.0,1.0,head
h07_03_04,0.0,1.0,head
h07_03_05,0.0,1.0,head
h07_03_06,0.0,1.0,head
h07_03_07,0.0,1.0,head
h07_03_08,0.0,1.0,head
h07_03_09,0.0,1.0,head
h07_03_10,0.0,1.0,head
h07_03_11,0.0,1.0,head
h07_03_12,0.0,1.0,head
h07_03_13,0.0,1.0,head
h07_03_14,0.0,1.0,head
h07_03_15,0.0,1.0,head
h07_03_16,0.0,1.0,head
h07_03_17,0.0,1.0,head
h07_03_18,0.0,1.0,head
h07_03_19,0.0,1.0,head
h07_03_20,0.0,1.0,head
h07_03_21,0.0,1.0,head
h07_03_22,0.0,1.0,head
h07_03_23,0.0,1.0,head
h07_04_00,0.0,1.0,head
h07_04_01,0.0,1.0,head
h07_04_02,0.0,1.0,head
h07_04_03,0.0,1.0,head
h07_04_04,0.0,1.0,head
h07_04_05,0.0,1.0,head
h07_04_06,0.0,1.0,head
h07_04_07,0.0,1.0,head
h07_04_08,0.0,1.0,head
h07_04_09,0.0,1.0,head
h07_04_10,0.0,1.0,head
h07_04_11,0.0,1.0,head
h07_04_12,0.0,1.0,head
h07_04_13,0.0,1.0,head
h07_04_14,0.0,1.0,head
h07_04_15,0.0,1.0,head
h07_04_16,0.0,1.0,head
h07_04_17,0.0,1.0,head
h07_04_18,0.0,1.0,head
h07_04_19,0.0,1.0,head
h07_04_20,0.0,1.0,head
h07_04_21,0.0,1.0,head
h07_04_22,0.0,1.0,head
h07_04_23,0.0,1.0,head
h07_05_00,0.0,1.0,head
h07_05_01,0.0,1.0,head
h07_05_02,0.0,1.0,head
h07_05_03,0.0,1.0,head
h07_05_04,0.0,1.0,head
h07_05_05,0.0,1.0,head
h07_05_06,0.0,1.0,head
h07_05_07,0.0,1.0,head
h07_05_08,0.0,1.0,head
h07_05_09,0.0,1.0,head
h07_05_10,0.0,1.0,head
h07_05_11,0.0,1.0,head
h07_05_12,0.0,1.0,head
h07_05_13,0.0,1.0,head
h07_05_14,0.0,1.0,head
h07_05_15,0.0,1.0,head
h07_05_16,0.0,1.0,head
h07_05_17,0.0,1.0,head
h07_05_18,0.0,1.0,head
h07_05_19,0.0,1.0,head
h07_05_20,0.0,1.0,head
h07_05_21,0.0,1.0,head
h07_05_22,0.0,1.0,head
h07_05_23,0.0,1.0,head
h07_06_00,0.0,1.0,head
h07_06_01,0.0,1.0,head
h07_06_02,0.0,1.0,head
h07_06_03,0.0,1.0,head
h07_06_04,0.0,1.0,head
h07_06_05,0.0,1.0,head
h07_06_06,0.0,1.0,head
h07_06_07,0.0,1.0,head
h07_06_08,0.0,1.0,head
h07_06_09,0.0,1.0,head
h07_06_10,0.0,1.0,head
h07_06_11,0.0,1.0,head
h07_06_12,0.0,1.0,head
h07_06_13,0.0,1.0,head
h07_06_14,0.0,1.0,head
h07_06_15,0.0,1.0,head
h07_06_16,0.0,1.0,head
h07_06_17,0.0,1.0,head
h07_06_18,0.0,1.0,head
h07_06_19,0.0,1.0,head
h07_06_20,0.0,1.0,head
h07_06_21,0.0,1.0,head
h07_06_22,0.0,1.0,head
h07_06_23,0.0,1.0,head
h07_07_00,0.0,1.0,head
h07_07_01,0.0,1.0,head
h07_07_02,0.0,1.0,head
h07_07_03,0.0,1.0,head
h07_07_04,0.0,1.0,head
h07_07_05,0.0,1.0,head
h07_07_06,0.0,1.0,head
h07_07_07,0.0,1.0,head
h07_07_08,0.0,1.0,head
h07_07_09,0.0,1.0,head
h07_07_10,0.0,1.0,head
h07_07_11,0.0,1.0,head
h07_07_12,0.0,1.0,head
h07_07_13,0.0,1.0,head
h07_07_14,0.0,1.0,head
h07_07_15,0.0,1.0,head
h07_07_16,0.0,1.0,head
h07_07_17,0.0,1.0,head
h07_07_18,0.0,1.0,head
h07_07_19,0.0,1.0,head
h07_07_20,0.0,1.0,head
h07_07_21,0.0,1.0,head
h07_07_22,0.0,1.0,head
h07_07_23,0.0,1.0,head
h07_08_00,0.0,1.0,head
h07_08_01,0.0,1.0,head
h07_08_02,0.0,1.0,head
h07_08_03,0.0,1.0,head
h07_08_04,0.0,1.0,head
h07_08_05,0.0,1.0,head
h07_08_06,0.0,1.0,head
h07_08_07,0.0,1.0,head
h07_08_08,0.0,1.0,head
h07_08_09,0.0,1.0,head
h07_08_10,0.0,1.0,head
h07_08_11,0.0,1.0,head
h07_08_12,0.0,1.0,head
h07_08_13,0.0,1.0,head
h07_08_14,0.0,1.0,head
h07_08_15,0.0,1.0,head
h07_08_16,0.0,1.0,head
h07_08_17,0.0,1.0,head
h07_08_18,0.0,1.0,head
h07_08_19,0.0,1.0,head
h07_08_20,0.0,1.0,head
h07_08_21,0.0,1.0,head
h07_08_22,0.0,1.0,head
h07_08_23,0.0,1.0,head
h07_09_00,0.0,1.0,head
h07_09_01,0.0,1.0,head
h07_09_02,0.0,1.0,head
h07_09_03,0.0,1.0,head
h07_09_04,0.0,1.0,head
h07_09_05,0.0,1.0,head
h07_09_06,0.0,1.0,head
h07_09_07,0.0,1.0,head
h07_09_08,0.0,1.0,head
h07_09_09,0.0,1.0,head
h07_09_10,0.0,1.0,head
h07_09_11,0.0,1.0,head
h07_09_12,0.0,1.0,head
h07_09_13,0.0,1.0,head
h07_09_14,0.0,1.0,head
h07_09_15,0.0,1.0,head
h07_09_16,0.0,1.0,head
h07_09_17,0.0,1.0,head
h07_09_18,0.0,1.0,head
h07_09_19,0.0,1.0,head
h07_09_20,0.0,1.0,head
h07_09_21,0.0,1.0,head
h07_09_22,0.0,1.0,head
h07_09_23,0.0,1.0,head
h07_10_00,0.0,1.0,head
h07_10_01,0.0,1.0,head
h07_10_02,0.0,1.0,head
h07_10_03,0.0,1.0,head
h07_10_04,0.0,1.0,head
h07_10_05,0.0,1.0,head
h07_10_06,0.0,1.0,head
h07_10_07,0.0,1.0,head
h07_10_08,0.0,1.0,head
h07_10_09,0.0,1.0,head
h07_10_10,0.0,1.0,head
h07_10_11,0.0,1.0,head
h07_10_12,0.0,1.0,head
h07_10_13,0.0,1.0,head
h07_10_14,0.0,1.0,head
h07_10_15,0.0,1.0,head
h07_10_16,0.0,1.0,head
h07_10_17,0.0,1.0,head
h07_10_18,0.0,1.0,head
h07_10_19,0.0,1.0,head
h07_10_20,0.0,1.0,head
h07_10_21,0.0,1.0,head
h07_10_22,0.0,1.0,head
h07_10_23,0.0,1.0,head
h07_11_00,0.0,1.0,head
h07_11_01,0.0,1.0,head
h07_11_02,0.0,1.0,head
h07_11_03,0.0,1.0,head
h07_11_04,0.0,1.0,head
h07_11_05,0.0,1.0,head
h07_11_06,0.0,1.0,head
h07_11_07,0.0,1.0,head
h07_11_08,0.0,1.0,head
h07_11_09,0.0,1.0,head
h07_11_10,0.0,1.0,head
h07_11_11,0.0,1.0,head
h07_11_12,0.0,1.0,head
h07_11_13,0.0,1.0,head
h07_11_14,0.0,1.0,head
h07_11_15,0.0,1.0,head
h07_11_16,0.0,1.0,head
h07_11_17,0.0,1.0,head
h07_11_18,0.0,1.0,head
h07_11_19,0.0,1.0,head
h07_11_20,0.0,1.0,head
h07_11_21,0.0,1.0,head
h07_11_22,0.0,1.0,head
h07_11_23,0.0,1.0,head
h07_12_00,0.0,1.0,head
h07_12_01,0.0,1.0,head
h07_12_02,0.0,1.0,head
h07_12_03,0.0,1.0,head
h07_12_04,0.0,1.0,head
h07_12_05,0.0,1.0,head
h07_12_06,0.0,1.0,head
h07_12_07,0.0,1.0,head
h07_12_08,0.0,1.0,head
h07_12_09,0.0,1.0,head
h07_12_10,0.0,1.0,head
h07_12_11,0.0,1.0,head
h07_12_12,0.0,1.0,head
h07_12_13,0.0,1.0,head
h07_12_14,0.0,1.0,head
h07_12_15,0.0,1.0,head
h07_12_16,0.0,1.0,head
h07_12_17,0.0,1.0,head
h07_12_18,0.0,1.0,head
h07_12_19,0.0,1.0,head
h07_12_20,0.0,1.0,head
h07_12_21,0.0,1.0,head
h07_12_22,0.0,1.0,head
h07_12_23,0.0,1.0,head
h07_13_00,0.0,1.0,head
h07_13_01,0.0,1.0,head
h07_13_02,0.0,1.0,head
h07_13_03,0.0,1.0,head
h07_13_04,0.0,1.0,head
h07_13_05,0.0,1.0,head
h07_13_06,0.0,1.0,head
h07_13_07,0.0,1.0,head
h07_13_08,0.0,1.0,head
h07_13_09,0.0,1.0,head
h07_13_10,0.0,1.0,head
h07_13_11,0.0,1.0,head
h07_13_12,0.0,1.0,head
h07_13_13,0.0,1.0,head
h07_13_14,0.0,1.0,head
h07_13_15,0.0,1.0,head
h07_13_16,0.0,1.0,head
h07_13_17,0.0,1.0,head
h07_13_18,0.0,1.0,head
h07_13_19,0.0,1.0,head
h07_13_20,0.0,1.0,head
h07_13_21,0.0,1.0,head
h07_13_22,0.0,1.0,head
h07_13_23,0.0,1.0,head
h07_14_00,0.0,1.0,head
h07_14_01,0.0,1.0,head
h07_14_02,0.0,1.0,head
h07_14_03,0.0,1.0,head
h07_14_04,0.0,1.0,head
h07_14_05,0.0,1.0,head
h07_14_06,0.0,1.0,head
h07_14_07,0.0,1.0,head
h07_14_08,0.0,1.0,head
h07_14_09,0.0,1.0,head
h07_14_10,0.0,1.0,head
h07_14_11,0.0,1.0,head
h07_14_12,0.0,1.0,head
h07_14_13,0.0,1.0,head
h07_14_14,0.0,1.0,head
h07_14_15,0.0,1.0,head
h07_14_16,0.0,1.0,head
h07_14_17,0.0,1.0,head
h07_14_18,0.0,1.0,head
h07_14_19,0.0,1.0,head
h07_14_20,0.0,1.0,head
h07_14_21,0.0,1.0,head
h07_14_22,0.0,1.0,head
h07_14_23,0.0,1.0,head
h07_15_00,0.0,1.0,head
h07_15_01,0.0,1.0,head
h07_15_02,0.0,1.0,head
h07_15_03,0.0,1.0,head
h07_15_04,0.0,1.0,head
h07_15_05,0.0,1.0,head
h07_15_06,0.0,1.0,head
h07_15_07,0.0,1.0,head
h07_15_08,0.0,1.0,head
h07_15_09,0.0,1.0,head
h07_15_10,0.0,1.0,head
h07_15_11,0.0,1.0,head
h07_15_12,0.0,1.0,head
h07_15_13,0.0,1.0,head
h07_15_14,0.0,1.0,head
h07_15_15,0.0,1.0,head
h07_15_16,0.0,1.0,head
h07_15_17,0.0,1.0,head
h07_15_18,0.0,1.0,head
h07_15_19,0.0,1.0,head
h07_15_20,0.0,1.0,head
h07_15_21,0.0,1.0,head
h07_15_22,0.0,1.0,head
h07_15_23,0.0,1.0,head
h07_16_00,0.0,1.0,head
h07_16_01,0.0,1.0,head
h07_16_02,0.0,1.0,head
h07_16_03,0.0,1.0,head
h07_16_04,0.0,1.0,head
h07_16_05,0.0,1.0,head
h07_16_06,0.0,1.0,head
h07_16_07,0.0,1.0,head
h07_16_08,0.0,1.0,head
h07_16_09,0.0,1.0,head
h07_16_10,0.0,1.0,head
h07_16_11,0.0,1.0,head
h07_16_12,0.0,1.0,head
h07_16_13,0.0,1.0,head
h07_16_14,0.0,1.0,head
h07_16_15,0.0,1.0,head
h07_16_16,0.0,1.0,head
h07_16_17,0.0,1.0,head
h07_16_18,0.0,1.0,head
h07_16_19,0.0,1.0,head
h07_16_20,0.0,1.0,head
h07_16_21,0.0,1.0,head
h07_16_22,0.0,1.0,head
h07_16_23,0.0,1.0,head
h07_17_00,0.0,1.0,head
h07_17_01,0.0,1.0,head
h07_17_02,0.0,1.0,head
h07_17_03,0.0,1.0,head
h07_17_04,0.0,1.0,head
h07_17_05,0.0,1.0,head
h07_17_06,0.0,1.0,head
h07_17_07,0.0,1.0,head
h07_17_08,0.0,1.0,head
h07_17_09,0.0,1.0,head
h07_17_10,0.0,1.0,head
h07_17_11,0.0,1.0,head
h07_17_12,0.0,1.0,head
h07_17_13,0.0,1.0,head
h07_17_14,0.0,1.0,head
h07_17_15,0.0,1.0,head
h07_17_16,0.0,1.0,head
h07_17_17,0.0,1.0,head
h07_17_18,0.0,1.0,head
h07_17_19,0.0,1.0,head
h07_17_20,0.0,1.0,head
h07_17_21,0.0,1.0,head
h07_17_22,0.0,1.0,head
h07_17_23,0.0,1.0,head
h07_18_00,0.0,1.0,head
h07_18_01,0.0,1.0,head
h07_18_02,0.0,1.0,head
h07_18_03,0.0,1.0,head
h07_18_04,0.0,1.0,head
h07_18_05,0.0,1.0,head
h07_18_06,0.0,1.0,head
h07_18_07,0.0,1.0,head
h07_18_08,0.0,1.0,head
h07_18_09,0.0,1.0,head
h07_18_10,0.0,1.0,head
h07_18_11,0.0,1.0,head
h07_18_12,0.0,1.0,head
h07_18_13,0.0,1.0,head
h07_18_14,0.0,1.0,head
h07_18_15,0.0,1.0,head
h07_18_16,0.0,1.0,head
h07_18_17,0.0,1.0,head
h07_18_18,0.0,1.0,head
h07_18_19,0.0,1.0,head
h07_18_20,0.0,1.0,head
h07_18_21,0.0,1.0,head
h07_18_22,0.0,1.0,head
h07_18_23,0.0,1.0,head
h07_19_00,0.0,1.0,head
h07_19_01,0.0,1.0,head
h07_19_02,0.0,1.0,head
h07_19_03,0.0,1.0,head
h07_19_04,0.0,1.0,head
h07_19_05,0.0,1.0,head
h07_19_06,0.0,1.0,head
h07_19_07,0.0,1.0,head
h07_19_08,0.0,1.0,head
h07_19_09,0.0,1.0,head
h07_19_10,0.0,1.0,head
h07_19_11,0.0,1.0,head
h07_19_12,0.0,1.0,head
h07_19_13,0.0,1.0,head
h07_19_14,0.0,1.0,head
h07_19_15,0.0,1.0,head
h07_19_16,0.0,1.0,head
h07_19_17,0.0,1.0,head
h07_19_18,0.0,1.0,head
h07_19_19,0.0,1.0,head
h07_19_20,0.0,1.0,head
h07_19_21,0.0,1.0,head
h07_19_22,0.0,1.0,head
h07_19_23,0.0,1.0,head
h07_20_00,0.0,1.0,head
h07_20_01,0.0,1.0,head
h07_20_02,0.0,1.0,head
h07_20_03,0.0,1.0,head
h07_20_04,0.0,1.0,head
h07_20_05,0.0,1.0,head
h07_20_06,0.0,1.0,head
h07_20_07,0.0,1.0,head
h07_20_08,0.0,1.0,head
h07_20_09,0.0,1.0,head
h07_20_10,0.0,1.0,head
h07_20_11,0.0,1.0,head
h07_20_12,0.0,1.0,head
h07_20_13,0.0,1.0,head
h07_20_14,0.0,1.0,head
h07_20_15,0.0,1.0,head
h07_20_16,0.0,1.0,head
h07_20_17,0.0,1.0,head
h07_20_18,0.0,1.0,head
h07_20_19,0.0,1.0,head
h07_20_20,0.0,1.0,head
h07_20_21,0.0,1.0,head
h07_20_22,0.0,1.0,head
h07_20_23,0.0,1.0,head
h07_21_00,0.0,1.0,head
h07_21_01,0.0,1.0,head
h07_21_02,0.0,1.0,head
h07_21_03,0.0,1.0,head
h07_21_04,0.0,1.0,head
h07_21_05,0.0,1.0,head
h07_21_06,0.0,1.0,head
h07_21_07,0.0,1.0,head
h07_21_08,0.0,1.0,head
h07_21_09,0.0,1.0,head
h07_21_10,0.0,1.0,head
h07_21_11,0.0,1.0,head
h07_21_12,0.0,1.0,head
h07_21_13,0.0,1.0,head
h07_21_14,0.0,1.0,head
h07_21_15,0.0,1.0,head
h07_21_16,0.0,1.0,head
h07_21_17,0.0,1.0,head
h07_21_18,0.0,1.0,head
h07_21_19,0.0,1.0,head
h07_21_20,0.0,1.0,head
h07_21_21,0.0,1.0,head
h07_21_22,0.0,1.0,head
h07_21_23,0.0,1.0,head
h07_22_00,0.0,1.0,head
h07_22_01,0.0,1.0,head
h07_22_02,0.0,1.0,head
h07_22_03,0.0,1.0,head
h07_22_04,0.0,1.0,head
h07_22_05,0.0,1.0,head
h07_22_06,0.0,1.0,head
h07_22_07,0.0,1.0,head
h07_22_08,0.0,1.0,head
h07_22_09,0.0,1.0,head
h07_22_10,0.0,1.0,head
h07_22_11,0.0,1.0,head
h07_22_12,0.0,1.0,head
h07_22_13,0.0,1.0,head
h07_22_14,0.0,1.0,head
h07_22_15,0.0,1.0,head
h07_22_16,0.0,1.0,head
h07_22_17,0.0,1.0,head
h07_22_18,0.0,1.0,head
h07_22_19,0.0,1.0,head
h07_22_20,0.0,1.0,head
h07_22_21,0.0,1.0,head
h07_22_22,0.0,1.0,head
h07_22_23,0.0,1.0,head
h07_23_00,0.0,1.0,head
h07_23_01,0.0,1.0,head
h07_23_02,0.0,1.0,head
h07_23_03,0.0,1.0,head
h07_23_04,0.0,1.0,head
h07_23_05,0.0,1.0,head
h07_23_06,0.0,1.0,head
h07_23_07,0.0,1.0,head
h07_23_08,0.0,1.0,head
h07_23_09,0.0,1.0,head
h07_23_10,0.0,1.0,head
h07_23_11,0.0,1.0,head
h07_23_12,0.0,1.0,head
h07_23_13,0.0,1.0,head
h07_23_14,0.0,1.0,head
h07_23_15,0.0,1.0,head
h07_23_16,0.0,1.0,head
h07_23_17,0.0,1.0,head
h07_23_18,0.0,1.0,head
h07_23_19,0.0,1.0,head
h07_23_20,0.0,1.0,head
h07_23_21,0.0,1.0,head
h07_23_22,0.0,1.0,head
h07_23_23,0.0,1.0,head
h07_24_00,0.0,1.0,head
h07_24_01,0.0,1.0,head
h07_24_02,0.0,1.0,head
h07_24_03,0.0,1.0,head
h07_24_04,0.0,1.0,head
h07_24_05,0.0,1.0,head
h07_24_06,0.0,1.0,head
h07_24_07,0.0,1.0,head
h07_24_08,0.0,1.0,head
h07_24_09,0.0,1.0,head
h07_24_10,0.0,1.0,head
h07_24_11,0.0,1.0,head
h07_24_12,0.0,1.0,head
h07_24_13,0.0,1.0,head
h07_24_14,0.0,1.0,head
h07_24_15,0.0,1.0,head
h07_24_16,0.0,1.0,head
h07_24_17,0.0,1.0,head
h07_24_18,0.0,1.0,head
h07_24_19,0.0,1.0,head
h07_24_20,0.0,1.0,head
h07_24_21,0.0,1.0,head
h07_24_22,0.0,1.0,head
h07_24_23,0.0,1.0,head
h07_25_00,0.0,1.0,head
h07_25_01,0.0,1.0,head
h07_25_02,0.0,1.0,head
h07_25_03,0.0,1.0,head
h07_25_04,0.0,1.0,head
h07_25_05,0.0,1.0,head
h07_25_06,0.0,1.0,head
h07_25_07,0.0,1.0,head
h07_25_08,0.0,1.0,head
h07_25_09,0.0,1.0,head
h07_25_10,0.0,1.0,head
h07_25_11,0.0,1.0,head
h07_25_12,0.0,1.0,head
h07_25_13,0.0,1.0,head
h07_25_14,0.0,1.0,head
h07_25_15,0.0,1.0,head
h07_25_16,0.0,1.0,head
h07_25_17,0.0,1.0,head
h07_25_18,0.0,1.0,head
h07_25_19,0.0,1.0,head
h07_25_20,0.0,1.0,head
h07_25_21,0.0,1.0,head
h07_25_22,0.0,1.0,head
h07_25_23,0.0,1.0,head
h07_26_00,0.0,1.0,head
h07_26_01,0.0,1.0,head
h07_26_02,0.0,1.0,head
h07_26_03,0.0,1.0,head
h07_26_04,0.0,1.0,head
h07_26_05,0.0,1.0,head
h07_26_06,0.0,1.0,head
h07_26_07,0.0,1.0,head
h07_26_08,0.0,1.0,head
h07_26_09,0.0,1.0,head
h07_26_10,0.0,1.0,head
h07_26_11,0.0,1.0,head
h07_26_12,0.0,1.0,head
h07_26_13,0.0,1.0,head
h07_26_14,0.0,1.0,head
h07_26_15,0.0,1.0,head
h07_26_16,0.0,1.0,head
h07_26_17,0.0,1.0,head
h07_26_18,0.0,1.0,head
h07_26_19,0.0,1.0,head
h07_26_20,0.0,1.0,head
h07_26_21,0.0,1.0,head
h07_26_22,0.0,1.0,head
h07_26_23,0.0,1.0,head
h07_27_00,0.0,1.0,head
h07_27_01,0.0,1.0,head
h07_27_02,0.0,1.0,head
h07_27_03,0.0,1.0,head
h07_27_04,0.0,1.0,head
h07_27_05,0.0,1.0,head
h07_27_06,0.0,1.0,head
h07_27_07,0.0,1.0,head
h07_27_08,0.0,1.0,head
h07_27_09,0.0,1.0,head
h07_27_10,0.0,1.0,head
h07_27_11,0.0,1.0,head
h07_27_12,0.0,1.0,head
h07_27_13,0.0,1.0,head
h07_27_14,0.0,1.0,head
h07_27_15,0.0,1.0,head
h07_27_16,0.0,1.0,head
h07_27_17,0.0,1.0,head
h07_27_18,0.0,1.0,head
h07_27_19,0.0,1.0,head
h07_27_20,0.0,1.0,head
h07_27_21,0.0,1.0,head
h07_27_22,0.0,1.0,head
h07_27_23,0.0,1.0,head
h07_28_00,0.0,1.0,head
h07_28_01,0.0,1.0,head
h07_28_02,0.0,1.0,head
h07_28_03,0.0,1.0,head
h07_28_04,0.0,1.0,head
h07_28_05,0.0,1.0,head
h07_28_06,0.0,1.0,head
h07_28_07,0.0,1.0,head
h07_28_08,0.0,1.0,head
h07_28_09,0.0,1.0,head
h07_28_10,0.0,1.0,head
h07_28_11,0.0,1.0,head
h07_28_12,0.0,1.0,head
h07_28_13,0.0,1.0,head
h07_28_14,0.0,1.0,head
h07_28_15,0.0,1.0,head
h07_28_16,0.0,1.0,head
h07_28_17,0.0,1.0,head
h07_28_18,0.0,1.0,head
h07_28_19,0.0,1.0,head
h07_28_20,0.0,1.0,head
h07_28_21,0.0,1.0,head
h07_28_22,0.0,1.0,head
h07_28_23,0.0,1.0,head
h07_29_00,0.0,1.0,head
h07_29_01,0.0,1.0,head
h07_29_02,0.0,1.0,head
h07_29_03,0.0,1.0,head
h07_29_04,0.0,1.0,head
h07_29_05,0.0,1.0,head
h07_29_06,0.0,1.0,head
h07_29_07,0.0,1.0,head
h07_29_08,0.0,1.0,head
h07_29_09,0.0,1.0,head
h07_29_10,0.0,1.0,head
h07_29_11,0.0,1.0,head
h07_29_12,0.0,1.0,head
h07_29_13,0.0,1.0,head
h07_29_14,0.0,1.0,head
h07_29_15,0.0,1.0,head
h07_29_16,0.0,1.0,head
h07_29_17,0.0,1.0,head
h07_29_18,0.0,1.0,head
h07_29_19,0.0,1.0,head
h07_29_20,0.0,1.0,head
h07_29_21,0.0,1.0,head
h07_29_22,0.0,1.0,head
h07_29_23,0.0,1.0,head
h08_00_00,0.0,1.0,head
h08_00_01,0.0,1.0,head
h08_00_02,0.0,1.0,head
h08_00_03,0.0,1.0,head
h08_00_04,0.0,1.0,head
h08_00_05,0.0,1.0,head
h08_00_06,0.0,1.0,head
h08_00_07,0.0,1.0,head
h08_00_08,0.0,1.0,head
h08_00_09,0.0,1.0,head
h08_00_10,0.0,1.0,head
h08_00_11,0.0,1.0,head
h08_00_12,0.0,1.0,head
h08_00_13,0.0,1.0,head
h08_00_14,0.0,1.0,head
h08_00_15,0.0,1.0,head
h08_00_16,0.0,1.0,head
h08_00_17,0.0,1.0,head
h08_00_18,0.0,1.0,head
h08_00_19,0.0,1.0,head
h08_00_20,0.0,1.0,head
h08_00_21,0.0,1.0,head
h08_00_22,0.0,1.0,head
h08_00_23,0.0,1.0,head
h08_01_00,0.0,1.0,head
h08_01_01,0.0,1.0,head
h08_01_02,0.0,1.0,head
h08_01_03,0.0,1.0,head
h08_01_04,0.0,1.0,head
h08_01_05,0.0,1.0,head
h08_01_06,0.0,1.0,head
h08_01_07,0.0,1.0,head
h08_01_08,0.0,1.0,head
h08_01_09,0.0,1.0,head
h08_01_10,0.0,1.0,head
h08_01_11,0.0,1.0,head
h08_01_12,0.0,1.0,head
h08_01_13,0.0,1.0,head
h08_01_14,0.0,1.0,head
h08_01_15,0.0,1.0,head
h08_01_16,0.0,1.0,head
h08_01_17,0.0,1.0,head
h08_01_18,0.0,1.0,head
h08_01_19,0.0,1.0,head
h08_01_20,0.0,1.0,head
h08_01_21,0.0,1.0,head
h08_01_22,0.0,1.0,head
h08_01_23,0.0,1.0,head
h08_02_00,0.0,1.0,head
h08_02_01,0.0,1.0,head
h08_02_02,0.0,1.0,head
h08_02_03,0.0,1.0,head
h08_02_04,0.0,1.0,head
h08_02_05,0.0,1.0,head
h08_02_06,0.0,1.0,head
h08_02_07,0.0,1.0,head
h08_02_08,0.0,1.0,head
h08_02_09,0.0,1.0,head
h08_02_10,0.0,1.0,head
h08_02_11,0.0,1.0,head
h08_02_12,0.0,1.0,head
h08_02_13,0.0,1.0,head
h08_02_14,0.0,1.0,head
h08_02_15,0.0,1.0,head
h08_02_16,0.0,1.0,head
h08_02_17,0.0,1.0,head
h08_02_18,0.0,1.0,head
h08_02_19,0.0,1.0,head
h08_02_20,0.0,1.0,head
h08_02_21,0.0,1.0,head
h08_02_22,0.0,1.0,head
h08_02_23,0.0,1.0,head
h08_03_00,0.0,1.0,head
h08_03_01,0.0,1.0,head
h08_03_02,0.0,1.0,head
h08_03_03,0.0,1.0,head
h08_03_04,0.0,1.0,head
h08_03_05,0.0,1.0,head
h08_03_06,0.0,1.0,head
h08_03_07,0.0,1.0,head
h08_03_08,0.0,1.0,head
h08_03_09,0.0,1.0,head
h08_03_10,0.0,1.0,head
h08_03_11,0.0,1.0,head
h08_03_12,0.0,1.0,head
h08_03_13,0.0,1.0,head
h08_03_14,0.0,1.0,head
h08_03_15,0.0,1.0,head
h08_03_16,0.0,1.0,head
h08_03_17,0.0,1.0,head
h08_03_18,0.0,1.0,head
h08_03_19,0.0,1.0,head
h08_03_20,0.0,1.0,head
h08_03_21,0.0,1.0,head
h08_03_22,0.0,1.0,head
h08_03_23,0.0,1.0,head
h08_04_00,0.0,1.0,head
h08_04_01,0.0,1.0,head
h08_04_02,0.0,1.0,head
h08_04_03,0.0,1.0,head
h08_04_04,0.0,1.0,head
h08_04_05,0.0,1.0,head
h08_04_06,0.0,1.0,head
h08_04_07,0.0,1.0,head
h08_04_08,0.0,1.0,head
h08_04_09,0.0,1.0,head
h08_04_10,0.0,1.0,head
h08_04_11,0.0,1.0,head
h08_04_12,0.0,1.0,head
h08_04_13,0.0,1.0,head
h08_04_14,0.0,1.0,head
h08_04_15,0.0,1.0,head
h08_04_16,0.0,1.0,head
h08_04_17,0.0,1.0,head
h08_04_18,0.0,1.0,head
h08_04_19,0.0,1.0,head
h08_04_20,0.0,1.0,head
h08_04_21,0.0,1.0,head
h08_04_22,0.0,1.0,head
h08_04_23,0.0,1.0,head
h08_05_00,0.0,1.0,head
h08_05_01,0.0,1.0,head
h08_05_02,0.0,1.0,head
h08_05_03,0.0,1.0,head
h08_05_04,0.0,1.0,head
h08_05_05,0.0,1.0,head
h08_05_06,0.0,1.0,head
h08_05_07,0.0,1.0,head
h08_05_08,0.0,1.0,head
h08_05_09,0.0,1.0,head
h08_05_10,0.0,1.0,head
h08_05_11,0.0,1.0,head
h08_05_12,0.0,1.0,head
h08_05_13,0.0,1.0,head
h08_05_14,0.0,1.0,head
h08_05_15,0.0,1.0,head
h08_05_16,0.0,1.0,head
h08_05_17,0.0,1.0,head
h08_05_18,0.0,1.0,head
h08_05_19,0.0,1.0,head
h08_05_20,0.0,1.0,head
h08_05_21,0.0,1.0,head
h08_05_22,0.0,1.0,head
h08_05_23,0.0,1.0,head
h08_06_00,0.0,1.0,head
h08_06_01,0.0,1.0,head
h08_06_02,0.0,1.0,head
h08_06_03,0.0,1.0,head
h08_06_04,0.0,1.0,head
h08_06_05,0.0,1.0,head
h08_06_06,0.0,1.0,head
h08_06_07,0.0,1.0,head
h08_06_08,0.0,1.0,head
h08_06_09,0.0,1.0,head
h08_06_10,0.0,1.0,head
h08_06_11,0.0,1.0,head
h08_06_12,0.0,1.0,head
h08_06_13,0.0,1.0,head
h08_06_14,0.0,1.0,head
h08_06_15,0.0,1.0,head
h08_06_16,0.0,1.0,head
h08_06_17,0.0,1.0,head
h08_06_18,0.0,1.0,head
h08_06_19,0.0,1.0,head
h08_06_20,0.0,1.0,head
h08_06_21,0.0,1.0,head
h08_06_22,0.0,1.0,head
h08_06_23,0.0,1.0,head
h08_07_00,0.0,1.0,head
h08_07_01,0.0,1.0,head
h08_07_02,0.0,1.0,head
h08_07_03,0.0,1.0,head
h08_07_04,0.0,1.0,head
h08_07_05,0.0,1.0,head
h08_07_06,0.0,1.0,head
h08_07_07,0.0,1.0,head
h08_07_08,0.0,1.0,head
h08_07_09,0.0,1.0,head
h08_07_10,0.0,1.0,head
h08_07_11,0.0,1.0,head
h08_07_12,0.0,1.0,head
h08_07_13,0.0,1.0,head
h08_07_14,0.0,1.0,head
h08_07_15,0.0,1.0,head
h08_07_16,0.0,1.0,head
h08_07_17,0.0,1.0,head
h08_07_18,0.0,1.0,head
h08_07_19,0.0,1.0,head
h08_07_20,0.0,1.0,head
h08_07_21,0.0,1.0,head
h08_07_22,0.0,1.0,head
h08_07_23,0.0,1.0,head
h08_08_00,0.0,1.0,head
h08_08_01,0.0,1.0,head
h08_08_02,0.0,1.0,head
h08_08_03,0.0,1.0,head
h08_08_04,0.0,1.0,head
h08_08_05,0.0,1.0,head
h08_08_06,0.0,1.0,head
h08_08_07,0.0,1.0,head
h08_08_08,0.0,1.0,head
h08_08_09,0.0,1.0,head
h08_08_10,0.0,1.0,head
h08_08_11,0.0,1.0,head
h08_08_12,0.0,1.0,head
h08_08_13,0.0,1.0,head
h08_08_14,0.0,1.0,head
h08_08_15,0.0,1.0,head
h08_08_16,0.0,1.0,head
h08_08_17,0.0,1.0,head
h08_08_18,0.0,1.0,head
h08_08_19,0.0,1.0,head
h08_08_20,0.0,1.0,head
h08_08_21,0.0,1.0,head
h08_08_22,0.0,1.0,head
h08_08_23,0.0,1.0,head
h08_09_00,0.0,1.0,head
h08_09_01,0.0,1.0,head
h08_09_02,0.0,1.0,head
h08_09_03,0.0,1.0,head
h08_09_04,0.0,1.0,head
h08_09_05,0.0,1.0,head
h08_09_06,0.0,1.0,head
h08_09_07,0.0,1.0,head
h08_09_08,0.0,1.0,head
h08_09_09,0.0,1.0,head
h08_09_10,0.0,1.0,head
h08_09_11,0.0,1.0,head
h08_09_12,0.0,1.0,head
h08_09_13,0.0,1.0,head
h08_09_14,0.0,1.0,head
h08_09_15,0.0,1.0,head
h08_09_16,0.0,1.0,head
h08_09_17,0.0,1.0,head
h08_09_18,0.0,1.0,head
h08_09_19,0.0,1.0,head
h08_09_20,0.0,1.0,head
h08_09_21,0.0,1.0,head
h08_09_22,0.0,1.0,head
h08_09_23,0.0,1.0,head
h08_10_00,0.0,1.0,head
h08_10_01,0.0,1.0,head
h08_10_02,0.0,1.0,head
h08_10_03,0.0,1.0,head
h08_10_04,0.0,1.0,head
h08_10_05,0.0,1.0,head
h08_10_06,0.0,1.0,head
h08_10_07,0.0,1.0,head
h08_10_08,0.0,1.0,head
h08_10_09,0.0,1.0,head
h08_10_10,0.0,1.0,head
h08_10_11,0.0,1.0,head
h08_10_12,0.0,1.0,head
h08_10_13,0.0,1.0,head
h08_10_14,0.0,1.0,head
h08_10_15,0.0,1.0,head
h08_10_16,0.0,1.0,head
h08_10_17,0.0,1.0,head
h08_10_18,0.0,1.0,head
h08_10_19,0.0,1.0,head
h08_10_20,0.0,1.0,head
h08_10_21,0.0,1.0,head
h08_10_22,0.0,1.0,head
h08_10_23,0.0,1.0,head
h08_11_00,0.0,1.0,head
h08_11_01,0.0,1.0,head
h08_11_02,0.0,1.0,head
h08_11_03,0.0,1.0,head
h08_11_04,0.0,1.0,head
h08_11_05,0.0,1.0,head
h08_11_06,0.0,1.0,head
h08_11_07,0.0,1.0,head
h08_11_08,0.0,1.0,head
h08_11_09,0.0,1.0,head
h08_11_10,0.0,1.0,head
h08_11_11,0.0,1.0,head
h08_11_12,0.0,1.0,head
h08_11_13,0.0,1.0,head
h08_11_14,0.0,1.0,head
h08_11_15,0.0,1.0,head
h08_11_16,0.0,1.0,head
h08_11_17,0.0,1.0,head
h08_11_18,0.0,1.0,head
h08_11_19,0.0,1.0,head
h08_11_20,0.0,1.0,head
h08_11_21,0.0,1.0,head
h08_11_22,0.0,1.0,head
h08_11_23,0.0,1.0,head
h08_12_00,0.0,1.0,head
h08_12_01,0.0,1.0,head
h08_12_02,0.0,1.0,head
h08_12_03,0.0,1.0,head
h08_12_04,0.0,1.0,head
h08_12_05,0.0,1.0,head
h08_12_06,0.0,1.0,head
h08_12_07,0.0,1.0,head
h08_12_08,0.0,1.0,head
h08_12_09,0.0,1.0,head
h08_12_10,0.0,1.0,head
h08_12_11,0.0,1.0,head
h08_12_12,0.0,1.0,head
h08_12_13,0.0,1.0,head
h08_12_14,0.0,1.0,head
h08_12_15,0.0,1.0,head
h08_12_16,0.0,1.0,head
h08_12_17,0.0,1.0,head
h08_12_18,0.0,1.0,head
h08_12_19,0.0,1.0,head
h08_12_20,0.0,1.0,head
h08_12_21,0.0,1.0,head
h08_12_22,0.0,1.0,head
h08_12_23,0.0,1.0,head
h08_13_00,0.0,1.0,head
h08_13_01,0.0,1.0,head
h08_13_02,0.0,1.0,head
h08_13_03,0.0,1.0,head
h08_13_04,0.0,1.0,head
h08_13_05,0.0,1.0,head
h08_13_06,0.0,1.0,head
h08_13_07,0.0,1.0,head
h08_13_08,0.0,1.0,head
h08_13_09,0.0,1.0,head
h08_13_10,0.0,1.0,head
h08_13_11,0.0,1.0,head
h08_13_12,0.0,1.0,head
h08_13_13,0.0,1.0,head
h08_13_14,0.0,1.0,head
h08_13_15,0.0,1.0,head
h08_13_16,0.0,1.0,head
h08_13_17,0.0,1.0,head
h08_13_18,0.0,1.0,head
h08_13_19,0.0,1.0,head
h08_13_20,0.0,1.0,head
h08_13_21,0.0,1.0,head
h08_13_22,0.0,1.0,head
h08_13_23,0.0,1.0,head
h08_14_00,0.0,1.0,head
h08_14_01,0.0,1.0,head
h08_14_02,0.0,1.0,head
h08_14_03,0.0,1.0,head
h08_14_04,0.0,1.0,head
h08_14_05,0.0,1.0,head
h08_14_06,0.0,1.0,head
h08_14_07,0.0,1.0,head
h08_14_08,0.0,1.0,head
h08_14_09,0.0,1.0,head
h08_14_10,0.0,1.0,head
h08_14_11,0.0,1.0,head
h08_14_12,0.0,1.0,head
h08_14_13,0.0,1.0,head
h08_14_14,0.0,1.0,head
h08_14_15,0.0,1.0,head
h08_14_16,0.0,1.0,head
h08_14_17,0.0,1.0,head
h08_14_18,0.0,1.0,head
h08_14_19,0.0,1.0,head
h08_14_20,0.0,1.0,head
h08_14_21,0.0,1.0,head
h08_14_22,0.0,1.0,head
h08_14_23,0.0,1.0,head
h08_15_00,0.0,1.0,head
h08_15_01,0.0,1.0,head
h08_15_02,0.0,1.0,head
h08_15_03,0.0,1.0,head
h08_15_04,0.0,1.0,head
h08_15_05,0.0,1.0,head
h08_15_06,0.0,1.0,head
h08_15_07,0.0,1.0,head
h08_15_08,0.0,1.0,head
h08_15_09,0.0,1.0,head
h08_15_10,0.0,1.0,head
h08_15_11,0.0,1.0,head
h08_15_12,0.0,1.0,head
h08_15_13,0.0,1.0,head
h08_15_14,0.0,1.0,head
h08_15_15,0.0,1.0,head
h08_15_16,0.0,1.0,head
h08_15_17,0.0,1.0,head
h08_15_18,0.0,1.0,head
h08_15_19,0.0,1.0,head
h08_15_20,0.0,1.0,head
h08_15_21,0.0,1.0,head
h08_15_22,0.0,1.0,head
h08_15_23,0.0,1.0,head
h08_16_00,0.0,1.0,head
h08_16_01,0.0,1.0,head
h08_16_02,0.0,1.0,head
h08_16_03,0.0,1.0,head
h08_16_04,0.0,1.0,head
h08_16_05,0.0,1.0,head
h08_16_06,0.0,1.0,head
h08_16_07,0.0,1.0,head
h08_16_08,0.0,1.0,head
h08_16_09,0.0,1.0,head
h08_16_10,0.0,1.0,head
h08_16_11,0.0,1.0,head
h08_16_12,0.0,1.0,head
h08_16_13,0.0,1.0,head
h08_16_14,0.0,1.0,head
h08_16_15,0.0,1.0,head
h08_16_16,0.0,1.0,head
h08_16_17,0.0,1.0,head
h08_16_18,0.0,1.0,head
h08_16_19,0.0,1.0,head
h08_16_20,0.0,1.0,head
h08_16_21,0.0,1.0,head
h08_16_22,0.0,1.0,head
h08_16_23,0.0,1.0,head
h08_17_00,0.0,1.0,head
h08_17_01,0.0,1.0,head
h08_17_02,0.0,1.0,head
h08_17_03,0.0,1.0,head
h08_17_04,0.0,1.0,head
h08_17_05,0.0,1.0,head
h08_17_06,0.0,1.0,head
h08_17_07,0.0,1.0,head
h08_17_08,0.0,1.0,head
h08_17_09,0.0,1.0,head
h08_17_10,0.0,1.0,head
h08_17_11,0.0,1.0,head
h08_17_12,0.0,1.0,head
h08_17_13,0.0,1.0,head
h08_17_14,0.0,1.0,head
h08_17_15,0.0,1.0,head
h08_17_16,0.0,1.0,head
h08_17_17,0.0,1.0,head
h08_17_18,0.0,1.0,head
h08_17_19,0.0,1.0,head
h08_17_20,0.0,1.0,head
h08_17_21,0.0,1.0,head
h08_17_22,0.0,1.0,head
h08_17_23,0.0,1.0,head
h08_18_00,0.0,1.0,head
h08_18_01,0.0,1.0,head
h08_18_02,0.0,1.0,head
h08_18_03,0.0,1.0,head
h08_18_04,0.0,1.0,head
h08_18_05,0.0,1.0,head
h08_18_06,0.0,1.0,head
h08_18_07,0.0,1.0,head
h08_18_08,0.0,1.0,head
h08_18_09,0.0,1.0,head
h08_18_10,0.0,1.0,head
h08_18_11,0.0,1.0,head
h08_18_12,0.0,1.0,head
h08_18_13,0.0,1.0,head
h08_18_14,0.0,1.0,head
h08_18_15,0.0,1.0,head
h08_18_16,0.0,1.0,head
h08_18_17,0.0,1.0,head
h08_18_18,0.0,1.0,head
h08_18_19,0.0,1.0,head
h08_18_20,0.0,1.0,head
h08_18_21,0.0,1.0,head
h08_18_22,0.0,1.0,head
h08_18_23,0.0,1.0,head
h08_19_00,0.0,1.0,head
h08_19_01,0.0,1.0,head
h08_19_02,0.0,1.0,head
h08_19_03,0.0,1.0,head
h08_19_04,0.0,1.0,head
h08_19_05,0.0,1.0,head
h08_19_06,0.0,1.0,head
h08_19_07,0.0,1.0,head
h08_19_08,0.0,1.0,head
h08_19_09,0.0,1.0,head
h08_19_10,0.0,1.0,head
h08_19_11,0.0,1.0,head
h08_19_12,0.0,1.0,head
h08_19_13,0.0,1.0,head
h08_19_14,0.0,1.0,head
h08_19_15,0.0,1.0,head
h08_19_16,0.0,1.0,head
h08_19_17,0.0,1.0,head
h08_19_18,0.0,1.0,head
h08_19_19,0.0,1.0,head
h08_19_20,0.0,1.0,head
h08_19_21,0.0,1.0,head
h08_19_22,0.0,1.0,head
h08_19_23,0.0,1.0,head
h08_20_00,0.0,1.0,head
h08_20_01,0.0,1.0,head
h08_20_02,0.0,1.0,head
h08_20_03,0.0,1.0,head
h08_20_04,0.0,1.0,head
h08_20_05,0.0,1.0,head
h08_20_06,0.0,1.0,head
h08_20_07,0.0,1.0,head
h08_20_08,0.0,1.0,head
h08_20_09,0.0,1.0,head
h08_20_10,0.0,1.0,head
h08_20_11,0.0,1.0,head
h08_20_12,0.0,1.0,head
h08_20_13,0.0,1.0,head
h08_20_14,0.0,1.0,head
h08_20_15,0.0,1.0,head
h08_20_16,0.0,1.0,head
h08_20_17,0.0,1.0,head
h08_20_18,0.0,1.0,head
h08_20_19,0.0,1.0,head
h08_20_20,0.0,1.0,head
h08_20_21,0.0,1.0,head
h08_20_22,0.0,1.0,head
h08_20_23,0.0,1.0,head
h08_21_00,0.0,1.0,head
h08_21_01,0.0,1.0,head
h08_21_02,0.0,1.0,head
h08_21_03,0.0,1.0,head
h08_21_04,0.0,1.0,head
h08_21_05,0.0,1.0,head
h08_21_06,0.0,1.0,head
h08_21_07,0.0,1.0,head
h08_21_08,0.0,1.0,head
h08_21_09,0.0,1.0,head
h08_21_10,0.0,1.0,head
h08_21_11,0.0,1.0,head
h08_21_12,0.0,1.0,head
h08_21_13,0.0,1.0,head
h08_21_14,0.0,1.0,head
h08_21_15,0.0,1.0,head
h08_21_16,0.0,1.0,head
h08_21_17,0.0,1.0,head
h08_21_18,0.0,1.0,head
h08_21_19,0.0,1.0,head
h08_21_20,0.0,1.0,head
h08_21_21,0.0,1.0,head
h08_21_22,0.0,1.0,head
h08_21_23,0.0,1.0,head
h08_22_00,0.0,1.0,head
h08_22_01,0.0,1.0,head
h08_22_02,0.0,1.0,head
h08_22_03,0.0,1.0,head
h08_22_04,0.0,1.0,head
h08_22_05,0.0,1.0,head
h08_22_06,0.0,1.0,head
h08_22_07,0.0,1.0,head
h08_22_08,0.0,1.0,head
h08_22_09,0.0,1.0,head
h08_22_10,0.0,1.0,head
h08_22_11,0.0,1.0,head
h08_22_12,0.0,1.0,head
h08_22_13,0.0,1.0,head
h08_22_14,0.0,1.0,head
h08_22_15,0.0,1.0,head
h08_22_16,0.0,1.0,head
h08_22_17,0.0,1.0,head
h08_22_18,0.0,1.0,head
h08_22_19,0.0,1.0,head
h08_22_20,0.0,1.0,head
h08_22_21,0.0,1.0,head
h08_22_22,0.0,1.0,head
h08_22_23,0.0,1.0,head
h08_23_00,0.0,1.0,head
h08_23_01,0.0,1.0,head
h08_23_02,0.0,1.0,head
h08_23_03,0.0,1.0,head
h08_23_04,0.0,1.0,head
h08_23_05,0.0,1.0,head
h08_23_06,0.0,1.0,head
h08_23_07,0.0,1.0,head
h08_23_08,0.0,1.0,head
h08_23_09,0.0,1.0,head
h08_23_10,0.0,1.0,head
h08_23_11,0.0,1.0,head
h08_23_12,0.0,1.0,head
h08_23_13,0.0,1.0,head
h08_23_14,0.0,1.0,head
h08_23_15,0.0,1.0,head
h08_23_16,0.0,1.0,head
h08_23_17,0.0,1.0,head
h08_23_18,0.0,1.0,head
h08_23_19,0.0,1.0,head
h08_23_20,0.0,1.0,head
h08_23_21,0.0,1.0,head
h08_23_22,0.0,1.0,head
h08_23_23,0.0,1.0,head
h08_24_00,0.0,1.0,head
h08_24_01,0.0,1.0,head
h08_24_02,0.0,1.0,head
h08_24_03,0.0,1.0,head
h08_24_04,0.0,1.0,head
h08_24_05,0.0,1.0,head
h08_24_06,0.0,1.0,head
h08_24_07,0.0,1.0,head
h08_24_08,0.0,1.0,head
h08_24_09,0.0,1.0,head
h08_24_10,0.0,1.0,head
h08_24_11,0.0,1.0,head
h08_24_12,0.0,1.0,head
h08_24_13,0.0,1.0,head
h08_24_14,0.0,1.0,head
h08_24_15,0.0,1.0,head
h08_24_16,0.0,1.0,head
h08_24_17,0.0,1.0,head
h08_24_18,0.0,1.0,head
h08_24_19,0.0,1.0,head
h08_24_20,0.0,1.0,head
h08_24_21,0.0,1.0,head
h08_24_22,0.0,1.0,head
h08_24_23,0.0,1.0,head
h08_25_00,0.0,1.0,head
h08_25_01,0.0,1.0,head
h08_25_02,0.0,1.0,head
h08_25_03,0.0,1.0,head
h08_25_04,0.0,1.0,head
h08_25_05,0.0,1.0,head
h08_25_06,0.0,1.0,head
h08_25_07,0.0,1.0,head
h08_25_08,0.0,1.0,head
h08_25_09,0.0,1.0,head
h08_25_10,0.0,1.0,head
h08_25_11,0.0,1.0,head
h08_25_12,0.0,1.0,head
h08_25_13,0.0,1.0,head
h08_25_14,0.0,1.0,head
h08_25_15,0.0,1.0,head
h08_25_16,0.0,1.0,head
h08_25_17,0.0,1.0,head
h08_25_18,0.0,1.0,head
h08_25_19,0.0,1.0,head
h08_25_20,0.0,1.0,head
h08_25_21,0.0,1.0,head
h08_25_22,0.0,1.0,head
h08_25_23,0.0,1.0,head
h08_26_00,0.0,1.0,head
h08_26_01,0.0,1.0,head
h08_26_02,0.0,1.0,head
h08_26_03,0.0,1.0,head
h08_26_04,0.0,1.0,head
h08_26_05,0.0,1.0,head
h08_26_06,0.0,1.0,head
h08_26_07,0.0,1.0,head
h08_26_08,0.0,1.0,head
h08_26_09,0.0,1.0,head
h08_26_10,0.0,1.0,head
h08_26_11,0.0,1.0,head
h08_26_12,0.0,1.0,head
h08_26_13,0.0,1.0,head
h08_26_14,0.0,1.0,head
h08_26_15,0.0,1.0,head
h08_26_16,0.0,1.0,head
h08_26_17,0.0,1.0,head
h08_26_18,0.0,1.0,head
h08_26_19,0.0,1.0,head
h08_26_20,0.0,1.0,head
h08_26_21,0.0,1.0,head
h08_26_22,0.0,1.0,head
h08_26_23,0.0,1.0,head
h08_27_00,0.0,1.0,head
h08_27_01,0.0,1.0,head
h08_27_02,0.0,1.0,head
h08_27_03,0.0,1.0,head
h08_27_04,0.0,1.0,head
h08_27_05,0.0,1.0,head
h08_27_06,0.0,1.0,head
h08_27_07,0.0,1.0,head
h08_27_08,0.0,1.0,head
h08_27_09,0.0,1.0,head
h08_27_10,0.0,1.0,head
h08_27_11,0.0,1.0,head
h08_27_12,0.0,1.0,head
h08_27_13,0.0,1.0,head
h08_27_14,0.0,1.0,head
h08_27_15,0.0,1.0,head
h08_27_16,0.0,1.0,head
h08_27_17,0.0,1.0,head
h08_27_18,0.0,1.0,head
h08_27_19,0.0,1.0,head
h08_27_20,0.0,1.0,head
h08_27_21,0.0,1.0,head
h08_27_22,0.0,1.0,head
h08_27_23,0.0,1.0,head
h08_28_00,0.0,1.0,head
h08_28_01,0.0,1.0,head
h08_28_02,0.0,1.0,head
h08_28_03,0.0,1.0,head
h08_28_04,0.0,1.0,head
h08_28_05,0.0,1.0,head
h08_28_06,0.0,1.0,head
h08_28_07,0.0,1.0,head
h08_28_08,0.0,1.0,head
h08_28_09,0.0,1.0,head
h08_28_10,0.0,1.0,head
h08_28_11,0.0,1.0,head
h08_28_12,0.0,1.0,head
h08_28_13,0.0,1.0,head
h08_28_14,0.0,1.0,head
h08_28_15,0.0,1.0,head
h08_28_16,0.0,1.0,head
h08_28_17,0.0,1.0,head
h08_28_18,0.0,1.0,head
h08_28_19,0.0,1.0,head
h08_28_20,0.0,1.0,head
h08_28_21,0.0,1.0,head
h08_28_22,0.0,1.0,head
h08_28_23,0.0,1.0,head
h08_29_00,0.0,1.0,head
h08_29_01,0.0,1.0,head
h08_29_02,0.0,1.0,head
h08_29_03,0.0,1.0,head
h08_29_04,0.0,1.0,head
h08_29_05,0.0,1.0,head
h08_29_06,0.0,1.0,head
h08_29_07,0.0,1.0,head
h08_29_08,0.0,1.0,head
h08_29_09,0.0,1.0,head
h08_29_10,0.0,1.0,head
h08_29_11,0.0,1.0,head
h08_29_12,0.0,1.0,head
h08_29_13,0.0,1.0,head
h08_29_14,0.0,1.0,head
h08_29_15,0.0,1.0,head
h08_29_16,0.0,1.0,head
h08_29_17,0.0,1.0,head
h08_29_18,0.0,1.0,head
h08_29_19,0.0,1.0,head
h08_29_20,0.0,1.0,head
h08_29_21,0.0,1.0,head
h08_29_22,0.0,1.0,head
h08_29_23,0.0,1.0,head
h09_00_00,0.0,1.0,head
h09_00_01,0.0,1.0,head
h09_00_02,0.0,1.0,head
h09_00_03,0.0,1.0,head
h09_00_04,0.0,1.0,head
h09_00_05,0.0,1.0,head
h09_00_06,0.0,1.0,head
h09_00_07,0.0,1.0,head
h09_00_08,0.0,1.0,head
h09_00_09,0.0,1.0,head
h09_00_10,0.0,1.0,head
h09_00_11,0.0,1.0,head
h09_00_12,0.0,1.0,head
h09_00_13,0.0,1.0,head
h09_00_14,0.0,1.0,head
h09_00_15,0.0,1.0,head
h09_00_16,0.0,1.0,head
h09_00_17,0.0,1.0,head
h09_00_18,0.0,1.0,head
h09_00_19,0.0,1.0,head
h09_00_20,0.0,1.0,head
h09_00_21,0.0,1.0,head
h09_00_22,0.0,1.0,head
h09_00_23,0.0,1.0,head
h09_01_00,0.0,1.0,head
h09_01_01,0.0,1.0,head
h09_01_02,0.0,1.0,head
h09_01_03,0.0,1.0,head
h09_01_04,0.0,1.0,head
h09_01_05,0.0,1.0,head
h09_01_06,0.0,1.0,head
h09_01_07,0.0,1.0,head
h09_01_08,0.0,1.0,head
h09_01_09,0.0,1.0,head
h09_01_10,0.0,1.0,head
h09_01_11,0.0,1.0,head
h09_01_12,0.0,1.0,head
h09_01_13,0.0,1.0,head
h09_01_14,0.0,1.0,head
h09_01_15,0.0,1.0,head
h09_01_16,0.0,1.0,head
h09_01_17,0.0,1.0,head
h09_01_18,0.0,1.0,head
h09_01_19,0.0,1.0,head
h09_01_20,0.0,1.0,head
h09_01_21,0.0,1.0,head
h09_01_22,0.0,1.0,head
h09_01_23,0.0,1.0,head
h09_02_00,0.0,1.0,head
h09_02_01,0.0,1.0,head
h09_02_02,0.0,1.0,head
h09_02_03,0.0,1.0,head
h09_02_04,0.0,1.0,head
h09_02_05,0.0,1.0,head
h09_02_06,0.0,1.0,head
h09_02_07,0.0,1.0,head
h09_02_08,0.0,1.0,head
h09_02_09,0.0,1.0,head
h09_02_10,0.0,1.0,head
h09_02_11,0.0,1.0,head
h09_02_12,0.0,1.0,head
h09_02_13,0.0,1.0,head
h09_02_14,0.0,1.0,head
h09_02_15,0.0,1.0,head
h09_02_16,0.0,1.0,head
h09_02_17,0.0,1.0,head
h09_02_18,0.0,1.0,head
h09_02_19,0.0,1.0,head
h09_02_20,0.0,1.0,head
h09_02_21,0.0,1.0,head
h09_02_22,0.0,1.0,head
h09_02_23,0.0,1.0,head
h09_03_00,0.0,1.0,head
h09_03_01,0.0,1.0,head
h09_03_02,0.0,1.0,head
h09_03_03,0.0,1.0,head
h09_03_04,0.0,1.0,head
h09_03_05,0.0,1.0,head
h09_03_06,0.0,1.0,head
h09_03_07,0.0,1.0,head
h09_03_08,0.0,1.0,head
h09_03_09,0.0,1.0,head
h09_03_10,0.0,1.0,head
h09_03_11,0.0,1.0,head
h09_03_12,0.0,1.0,head
h09_03_13,0.0,1.0,head
h09_03_14,0.0,1.0,head
h09_03_15,0.0,1.0,head
h09_03_16,0.0,1.0,head
h09_03_17,0.0,1.0,head
h09_03_18,0.0,1.0,head
h09_03_19,0.0,1.0,head
h09_03_20,0.0,1.0,head
h09_03_21,0.0,1.0,head
h09_03_22,0.0,1.0,head
h09_03_23,0.0,1.0,head
h09_04_00,0.0,1.0,head
h09_04_01,0.0,1.0,head
h09_04_02,0.0,1.0,head
h09_04_03,0.0,1.0,head
h09_04_04,0.0,1.0,head
h09_04_05,0.0,1.0,head
h09_04_06,0.0,1.0,head
h09_04_07,0.0,1.0,head
h09_04_08,0.0,1.0,head
h09_04_09,0.0,1.0,head
h09_04_10,0.0,1.0,head
h09_04_11,0.0,1.0,head
h09_04_12,0.0,1.0,head
h09_04_13,0.0,1.0,head
h09_04_14,0.0,1.0,head
h09_04_15,0.0,1.0,head
h09_04_16,0.0,1.0,head
h09_04_17,0.0,1.0,head
h09_04_18,0.0,1.0,head
h09_04_19,0.0,1.0,head
h09_04_20,0.0,1.0,head
h09_04_21,0.0,1.0,head
h09_04_22,0.0,1.0,head
h09_04_23,0.0,1.0,head
h09_05_00,0.0,1.0,head
h09_05_01,0.0,1.0,head
h09_05_02,0.0,1.0,head
h09_05_03,0.0,1.0,head
h09_05_04,0.0,1.0,head
h09_05_05,0.0,1.0,head
h09_05_06,0.0,1.0,head
h09_05_07,0.0,1.0,head
h09_05_08,0.0,1.0,head
h09_05_09,0.0,1.0,head
h09_05_10,0.0,1.0,head
h09_05_11,0.0,1.0,head
h09_05_12,0.0,1.0,head
h09_05_13,0.0,1.0,head
h09_05_14,0.0,1.0,head
h09_05_15,0.0,1.0,head
h09_05_16,0.0,1.0,head
h09_05_17,0.0,1.0,head
h09_05_18,0.0,1.0,head
h09_05_19,0.0,1.0,head
h09_05_20,0.0,1.0,head
h09_05_21,0.0,1.0,head
h09_05_22,0.0,1.0,head
h09_05_23,0.0,1.0,head
h09_06_00,0.0,1.0,head
h09_06_01,0.0,1.0,head
h09_06_02,0.0,1.0,head
h09_06_03,0.0,1.0,head
h09_06_04,0.0,1.0,head
h09_06_05,0.0,1.0,head
h09_06_06,0.0,1.0,head
h09_06_07,0.0,1.0,head
h09_06_08,0.0,1.0,head
h09_06_09,0.0,1.0,head
h09_06_10,0.0,1.0,head
h09_06_11,0.0,1.0,head
h09_06_12,0.0,1.0,head
h09_06_13,0.0,1.0,head
h09_06_14,0.0,1.0,head
h09_06_15,0.0,1.0,head
h09_06_16,0.0,1.0,head
h09_06_17,0.0,1.0,head
h09_06_18,0.0,1.0,head
h09_06_19,0.0,1.0,head
h09_06_20,0.0,1.0,head
h09_06_21,0.0,1.0,head
h09_06_22,0.0,1.0,head
h09_06_23,0.0,1.0,head
h09_07_00,0.0,1.0,head
h09_07_01,0.0,1.0,head
h09_07_02,0.0,1.0,head
h09_07_03,0.0,1.0,head
h09_07_04,0.0,1.0,head
h09_07_05,0.0,1.0,head
h09_07_06,0.0,1.0,head
h09_07_07,0.0,1.0,head
h09_07_08,0.0,1.0,head
h09_07_09,0.0,1.0,head
h09_07_10,0.0,1.0,head
h09_07_11,0.0,1.0,head
h09_07_12,0.0,1.0,head
h09_07_13,0.0,1.0,head
h09_07_14,0.0,1.0,head
h09_07_15,0.0,1.0,head
h09_07_16,0.0,1.0,head
h09_07_17,0.0,1.0,head
h09_07_18,0.0,1.0,head
h09_07_19,0.0,1.0,head
h09_07_20,0.0,1.0,head
h09_07_21,0.0,1.0,head
h09_07_22,0.0,1.0,head
h09_07_23,0.0,1.0,head
h09_08_00,0.0,1.0,head
h09_08_01,0.0,1.0,head
h09_08_02,0.0,1.0,head
h09_08_03,0.0,1.0,head
h09_08_04,0.0,1.0,head
h09_08_05,0.0,1.0,head
h09_08_06,0.0,1.0,head
h09_08_07,0.0,1.0,head
h09_08_08,0.0,1.0,head
h09_08_09,0.0,1.0,head
h09_08_10,0.0,1.0,head
h09_08_11,0.0,1.0,head
h09_08_12,0.0,1.0,head
h09_08_13,0.0,1.0,head
h09_08_14,0.0,1.0,head
h09_08_15,0.0,1.0,head
h09_08_16,0.0,1.0,head
h09_08_17,0.0,1.0,head
h09_08_18,0.0,1.0,head
h09_08_19,0.0,1.0,head
h09_08_20,0.0,1.0,head
h09_08_21,0.0,1.0,head
h09_08_22,0.0,1.0,head
h09_08_23,0.0,1.0,head
h09_09_00,0.0,1.0,head
h09_09_01,0.0,1.0,head
h09_09_02,0.0,1.0,head
h09_09_03,0.0,1.0,head
h09_09_04,0.0,1.0,head
h09_09_05,0.0,1.0,head
h09_09_06,0.0,1.0,head
h09_09_07,0.0,1.0,head
h09_09_08,0.0,1.0,head
h09_09_09,0.0,1.0,head
h09_09_10,0.0,1.0,head
h09_09_11,0.0,1.0,head
h09_09_12,0.0,1.0,head
h09_09_13,0.0,1.0,head
h09_09_14,0.0,1.0,head
h09_09_15,0.0,1.0,head
h09_09_16,0.0,1.0,head
h09_09_17,0.0,1.0,head
h09_09_18,0.0,1.0,head
h09_09_19,0.0,1.0,head
h09_09_20,0.0,1.0,head
h09_09_21,0.0,1.0,head
h09_09_22,0.0,1.0,head
h09_09_23,0.0,1.0,head
h09_10_00,0.0,1.0,head
h09_10_01,0.0,1.0,head
h09_10_02,0.0,1.0,head
h09_10_03,0.0,1.0,head
h09_10_04,0.0,1.0,head
h09_10_05,0.0,1.0,head
h09_10_06,0.0,1.0,head
h09_10_07,0.0,1.0,head
h09_10_08,0.0,1.0,head
h09_10_09,0.0,1.0,head
h09_10_10,0.0,1.0,head
h09_10_11,0.0,1.0,head
h09_10_12,0.0,1.0,head
h09_10_13,0.0,1.0,head
h09_10_14,0.0,1.0,head
h09_10_15,0.0,1.0,head
h09_10_16,0.0,1.0,head
h09_10_17,0.0,1.0,head
h09_10_18,0.0,1.0,head
h09_10_19,0.0,1.0,head
h09_10_20,0.0,1.0,head
h09_10_21,0.0,1.0,head
h09_10_22,0.0,1.0,head
h09_10_23,0.0,1.0,head
h09_11_00,0.0,1.0,head
h09_11_01,0.0,1.0,head
h09_11_02,0.0,1.0,head
h09_11_03,0.0,1.0,head
h09_11_04,0.0,1.0,head
h09_11_05,0.0,1.0,head
h09_11_06,0.0,1.0,head
h09_11_07,0.0,1.0,head
h09_11_08,0.0,1.0,head
h09_11_09,0.0,1.0,head
h09_11_10,0.0,1.0,head
h09_11_11,0.0,1.0,head
h09_11_12,0.0,1.0,head
h09_11_13,0.0,1.0,head
h09_11_14,0.0,1.0,head
h09_11_15,0.0,1.0,head
h09_11_16,0.0,1.0,head
h09_11_17,0.0,1.0,head
h09_11_18,0.0,1.0,head
h09_11_19,0.0,1.0,head
h09_11_20,0.0,1.0,head
h09_11_21,0.0,1.0,head
h09_11_22,0.0,1.0,head
h09_11_23,0.0,1.0,head
h09_12_00,0.0,1.0,head
h09_12_01,0.0,1.0,head
h09_12_02,0.0,1.0,head
h09_12_03,0.0,1.0,head
h09_12_04,0.0,1.0,head
h09_12_05,0.0,1.0,head
h09_12_06,0.0,1.0,head
h09_12_07,0.0,1.0,head
h09_12_08,0.0,1.0,head
h09_12_09,0.0,1.0,head
h09_12_10,0.0,1.0,head
h09_12_11,0.0,1.0,head
h09_12_12,0.0,1.0,head
h09_12_13,0.0,1.0,head
h09_12_14,0.0,1.0,head
h09_12_15,0.0,1.0,head
h09_12_16,0.0,1.0,head
h09_12_17,0.0,1.0,head
h09_12_18,0.0,1.0,head
h09_12_19,0.0,1.0,head
h09_12_20,0.0,1.0,head
h09_12_21,0.0,1.0,head
h09_12_22,0.0,1.0,head
h09_12_23,0.0,1.0,head
h09_13_00,0.0,1.0,head
h09_13_01,0.0,1.0,head
h09_13_02,0.0,1.0,head
h09_13_03,0.0,1.0,head
h09_13_04,0.0,1.0,head
h09_13_05,0.0,1.0,head
h09_13_06,0.0,1.0,head
h09_13_07,0.0,1.0,head
h09_13_08,0.0,1.0,head
h09_13_09,0.0,1.0,head
h09_13_10,0.0,1.0,head
h09_13_11,0.0,1.0,head
h09_13_12,0.0,1.0,head
h09_13_13,0.0,1.0,head
h09_13_14,0.0,1.0,head
h09_13_15,0.0,1.0,head
h09_13_16,0.0,1.0,head
h09_13_17,0.0,1.0,head
h09_13_18,0.0,1.0,head
h09_13_19,0.0,1.0,head
h09_13_20,0.0,1.0,head
h09_13_21,0.0,1.0,head
h09_13_22,0.0,1.0,head
h09_13_23,0.0,1.0,head
h09_14_00,0.0,1.0,head
h09_14_01,0.0,1.0,head
h09_14_02,0.0,1.0,head
h09_14_03,0.0,1.0,head
h09_14_04,0.0,1.0,head
h09_14_05,0.0,1.0,head
h09_14_06,0.0,1.0,head
h09_14_07,0.0,1.0,head
h09_14_08,0.0,1.0,head
h09_14_09,0.0,1.0,head
h09_14_10,0.0,1.0,head
h09_14_11,0.0,1.0,head
h09_14_12,0.0,1.0,head
h09_14_13,0.0,1.0,head
h09_14_14,0.0,1.0,head
h09_14_15,0.0,1.0,head
h09_14_16,0.0,1.0,head
h09_14_17,0.0,1.0,head
h09_14_18,0.0,1.0,head
h09_14_19,0.0,1.0,head
h09_14_20,0.0,1.0,head
h09_14_21,0.0,1.0,head
h09_14_22,0.0,1.0,head
h09_14_23,0.0,1.0,head
h09_15_00,0.0,1.0,head
h09_15_01,0.0,1.0,head
h09_15_02,0.0,1.0,head
h09_15_03,0.0,1.0,head
h09_15_04,0.0,1.0,head
h09_15_05,0.0,1.0,head
h09_15_06,0.0,1.0,head
h09_15_07,0.0,1.0,head
h09_15_08,0.0,1.0,head
h09_15_09,0.0,1.0,head
h09_15_10,0.0,1.0,head
h09_15_11,0.0,1.0,head
h09_15_12,0.0,1.0,head
h09_15_13,0.0,1.0,head
h09_15_14,0.0,1.0,head
h09_15_15,0.0,1.0,head
h09_15_16,0.0,1.0,head
h09_15_17,0.0,1.0,head
h09_15_18,0.0,1.0,head
h09_15_19,0.0,1.0,head
h09_15_20,0.0,1.0,head
h09_15_21,0.0,1.0,head
h09_15_22,0.0,1.0,head
h09_15_23,0.0,1.0,head
h09_16_00,0.0,1.0,head
h09_16_01,0.0,1.0,head
h09_16_02,0.0,1.0,head
h09_16_03,0.0,1.0,head
h09_16_04,0.0,1.0,head
h09_16_05,0.0,1.0,head
h09_16_06,0.0,1.0,head
h09_16_07,0.0,1.0,head
h09_16_08,0.0,1.0,head
h09_16_09,0.0,1.0,head
h09_16_10,0.0,1.0,head
h09_16_11,0.0,1.0,head
h09_16_12,0.0,1.0,head
h09_16_13,0.0,1.0,head
h09_16_14,0.0,1.0,head
h09_16_15,0.0,1.0,head
h09_16_16,0.0,1.0,head
h09_16_17,0.0,1.0,head
h09_16_18,0.0,1.0,head
h09_16_19,0.0,1.0,head
h09_16_20,0.0,1.0,head
h09_16_21,0.0,1.0,head
h09_16_22,0.0,1.0,head
h09_16_23,0.0,1.0,head
h09_17_00,0.0,1.0,head
h09_17_01,0.0,1.0,head
h09_17_02,0.0,1.0,head
h09_17_03,0.0,1.0,head
h09_17_04,0.0,1.0,head
h09_17_05,0.0,1.0,head
h09_17_06,0.0,1.0,head
h09_17_07,0.0,1.0,head
h09_17_08,0.0,1.0,head
h09_17_09,0.0,1.0,head
h09_17_10,0.0,1.0,head
h09_17_11,0.0,1.0,head
h09_17_12,0.0,1.0,head
h09_17_13,0.0,1.0,head
h09_17_14,0.0,1.0,head
h09_17_15,0.0,1.0,head
h09_17_16,0.0,1.0,head
h09_17_17,0.0,1.0,head
h09_17_18,0.0,1.0,head
h09_17_19,0.0,1.0,head
h09_17_20,0.0,1.0,head
h09_17_21,0.0,1.0,head
h09_17_22,0.0,1.0,head
h09_17_23,0.0,1.0,head
h09_18_00,0.0,1.0,head
h09_18_01,0.0,1.0,head
h09_18_02,0.0,1.0,head
h09_18_03,0.0,1.0,head
h09_18_04,0.0,1.0,head
h09_18_05,0.0,1.0,head
h09_18_06,0.0,1.0,head
h09_18_07,0.0,1.0,head
h09_18_08,0.0,1.0,head
h09_18_09,0.0,1.0,head
h09_18_10,0.0,1.0,head
h09_18_11,0.0,1.0,head
h09_18_12,0.0,1.0,head
h09_18_13,0.0,1.0,head
h09_18_14,0.0,1.0,head
h09_18_15,0.0,1.0,head
h09_18_16,0.0,1.0,head
h09_18_17,0.0,1.0,head
h09_18_18,0.0,1.0,head
h09_18_19,0.0,1.0,head
h09_18_20,0.0,1.0,head
h09_18_21,0.0,1.0,head
h09_18_22,0.0,1.0,head
h09_18_23,0.0,1.0,head
h09_19_00,0.0,1.0,head
h09_19_01,0.0,1.0,head
h09_19_02,0.0,1.0,head
h09_19_03,0.0,1.0,head
h09_19_04,0.0,1.0,head
h09_19_05,0.0,1.0,head
h09_19_06,0.0,1.0,head
h09_19_07,0.0,1.0,head
h09_19_08,0.0,1.0,head
h09_19_09,0.0,1.0,head
h09_19_10,0.0,1.0,head
h09_19_11,0.0,1.0,head
h09_19_12,0.0,1.0,head
h09_19_13,0.0,1.0,head
h09_19_14,0.0,1.0,head
h09_19_15,0.0,1.0,head
h09_19_16,0.0,1.0,head
h09_19_17,0.0,1.0,head
h09_19_18,0.0,1.0,head
h09_19_19,0.0,1.0,head
h09_19_20,0.0,1.0,head
h09_19_21,0.0,1.0,head
h09_19_22,0.0,1.0,head
h09_19_23,0.0,1.0,head
h09_20_00,0.0,1.0,head
h09_20_01,0.0,1.0,head
h09_20_02,0.0,1.0,head
h09_20_03,0.0,1.0,head
h09_20_04,0.0,1.0,head
h09_20_05,0.0,1.0,head
h09_20_06,0.0,1.0,head
h09_20_07,0.0,1.0,head
h09_20_08,0.0,1.0,head
h09_20_09,0.0,1.0,head
h09_20_10,0.0,1.0,head
h09_20_11,0.0,1.0,head
h09_20_12,0.0,1.0,head
h09_20_13,0.0,1.0,head
h09_20_14,0.0,1.0,head
h09_20_15,0.0,1.0,head
h09_20_16,0.0,1.0,head
h09_20_17,0.0,1.0,head
h09_20_18,0.0,1.0,head
h09_20_19,0.0,1.0,head
h09_20_20,0.0,1.0,head
h09_20_21,0.0,1.0,head
h09_20_22,0.0,1.0,head
h09_20_23,0.0,1.0,head
h09_21_00,0.0,1.0,head
h09_21_01,0.0,1.0,head
h09_21_02,0.0,1.0,head
h09_21_03,0.0,1.0,head
h09_21_04,0.0,1.0,head
h09_21_05,0.0,1.0,head
h09_21_06,0.0,1.0,head
h09_21_07,0.0,1.0,head
h09_21_08,0.0,1.0,head
h09_21_09,0.0,1.0,head
h09_21_10,0.0,1.0,head
h09_21_11,0.0,1.0,head
h09_21_12,0.0,1.0,head
h09_21_13,0.0,1.0,head
h09_21_14,0.0,1.0,head
h09_21_15,0.0,1.0,head
h09_21_16,0.0,1.0,head
h09_21_17,0.0,1.0,head
h09_21_18,0.0,1.0,head
h09_21_19,0.0,1.0,head
h09_21_20,0.0,1.0,head
h09_21_21,0.0,1.0,head
h09_21_22,0.0,1.0,head
h09_21_23,0.0,1.0,head
h09_22_00,0.0,1.0,head
h09_22_01,0.0,1.0,head
h09_22_02,0.0,1.0,head
h09_22_03,0.0,1.0,head
h09_22_04,0.0,1.0,head
h09_22_05,0.0,1.0,head
h09_22_06,0.0,1.0,head
h09_22_07,0.0,1.0,head
h09_22_08,0.0,1.0,head
h09_22_09,0.0,1.0,head
h09_22_10,0.0,1.0,head
h09_22_11,0.0,1.0,head
h09_22_12,0.0,1.0,head
h09_22_13,0.0,1.0,head
h09_22_14,0.0,1.0,head
h09_22_15,0.0,1.0,head
h09_22_16,0.0,1.0,head
h09_22_17,0.0,1.0,head
h09_22_18,0.0,1.0,head
h09_22_19,0.0,1.0,head
h09_22_20,0.0,1.0,head
h09_22_21,0.0,1.0,head
h09_22_22,0.0,1.0,head
h09_22_23,0.0,1.0,head
h09_23_00,0.0,1.0,head
h09_23_01,0.0,1.0,head
h09_23_02,0.0,1.0,head
h09_23_03,0.0,1.0,head
h09_23_04,0.0,1.0,head
h09_23_05,0.0,1.0,head
h09_23_06,0.0,1.0,head
h09_23_07,0.0,1.0,head
h09_23_08,0.0,1.0,head
h09_23_09,0.0,1.0,head
h09_23_10,0.0,1.0,head
h09_23_11,0.0,1.0,head
h09_23_12,0.0,1.0,head
h09_23_13,0.0,1.0,head
h09_23_14,0.0,1.0,head
h09_23_15,0.0,1.0,head
h09_23_16,0.0,1.0,head
h09_23_17,0.0,1.0,head
h09_23_18,0.0,1.0,head
h09_23_19,0.0,1.0,head
h09_23_20,0.0,1.0,head
h09_23_21,0.0,1.0,head
h09_23_22,0.0,1.0,head
h09_23_23,0.0,1.0,head
h09_24_00,0.0,1.0,head
h09_24_01,0.0,1.0,head
h09_24_02,0.0,1.0,head
h09_24_03,0.0,1.0,head
h09_24_04,0.0,1.0,head
h09_24_05,0.0,1.0,head
h09_24_06,0.0,1.0,head
h09_24_07,0.0,1.0,head
h09_24_08,0.0,1.0,head
h09_24_09,0.0,1.0,head
h09_24_10,0.0,1.0,head
h09_24_11,0.0,1.0,head
h09_24_12,0.0,1.0,head
h09_24_13,0.0,1.0,head
h09_24_14,0.0,1.0,head
h09_24_15,0.0,1.0,head
h09_24_16,0.0,1.0,head
h09_24_17,0.0,1.0,head
h09_24_18,0.0,1.0,head
h09_24_19,0.0,1.0,head
h09_24_20,0.0,1.0,head
h09_24_21,0.0,1.0,head
h09_24_22,0.0,1.0,head
h09_24_23,0.0,1.0,head
h09_25_00,0.0,1.0,head
h09_25_01,0.0,1.0,head
h09_25_02,0.0,1.0,head
h09_25_03,0.0,1.0,head
h09_25_04,0.0,1.0,head
h09_25_05,0.0,1.0,head
h09_25_06,0.0,1.0,head
h09_25_07,0.0,1.0,head
h09_25_08,0.0,1.0,head
h09_25_09,0.0,1.0,head
h09_25_10,0.0,1.0,head
h09_25_11,0.0,1.0,head
h09_25_12,0.0,1.0,head
h09_25_13,0.0,1.0,head
h09_25_14,0.0,1.0,head
h09_25_15,0.0,1.0,head
h09_25_16,0.0,1.0,head
h09_25_17,0.0,1.0,head
h09_25_18,0.0,1.0,head
h09_25_19,0.0,1.0,head
h09_25_20,0.0,1.0,head
h09_25_21,0.0,1.0,head
h09_25_22,0.0,1.0,head
h09_25_23,0.0,1.0,head
h09_26_00,0.0,1.0,head
h09_26_01,0.0,1.0,head
h09_26_02,0.0,1.0,head
h09_26_03,0.0,1.0,head
h09_26_04,0.0,1.0,head
h09_26_05,0.0,1.0,head
h09_26_06,0.0,1.0,head
h09_26_07,0.0,1.0,head
h09_26_08,0.0,1.0,head
h09_26_09,0.0,1.0,head
h09_26_10,0.0,1.0,head
h09_26_11,0.0,1.0,head
h09_26_12,0.0,1.0,head
h09_26_13,0.0,1.0,head
h09_26_14,0.0,1.0,head
h09_26_15,0.0,1.0,head
h09_26_16,0.0,1.0,head
h09_26_17,0.0,1.0,head
h09_26_18,0.0,1.0,head
h09_26_19,0.0,1.0,head
h09_26_20,0.0,1.0,head
h09_26_21,0.0,1.0,head
h09_26_22,0.0,1.0,head
h09_26_23,0.0,1.0,head
h09_27_00,0.0,1.0,head
h09_27_01,0.0,1.0,head
h09_27_02,0.0,1.0,head
h09_27_03,0.0,1.0,head
h09_27_04,0.0,1.0,head
h09_27_05,0.0,1.0,head
h09_27_06,0.0,1.0,head
h09_27_07,0.0,1.0,head
h09_27_08,0.0,1.0,head
h09_27_09,0.0,1.0,head
h09_27_10,0.0,1.0,head
h09_27_11,0.0,1.0,head
h09_27_12,0.0,1.0,head
h09_27_13,0.0,1.0,head
h09_27_14,0.0,1.0,head
h09_27_15,0.0,1.0,head
h09_27_16,0.0,1.0,head
h09_27_17,0.0,1.0,head
h09_27_18,0.0,1.0,head
h09_27_19,0.0,1.0,head
h09_27_20,0.0,1.0,head
h09_27_21,0.0,1.0,head
h09_27_22,0.0,1.0,head
h09_27_23,0.0,1.0,head
h09_28_00,0.0,1.0,head
h09_28_01,0.0,1.0,head
h09_28_02,0.0,1.0,head
h09_28_03,0.0,1.0,head
h09_28_04,0.0,1.0,head
h09_28_05,0.0,1.0,head
h09_28_06,0.0,1.0,head
h09_28_07,0.0,1.0,head
h09_28_08,0.0,1.0,head
h09_28_09,0.0,1.0,head
h09_28_10,0.0,1.0,head
h09_28_11,0.0,1.0,head
h09_28_12,0.0,1.0,head
h09_28_13,0.0,1.0,head
h09_28_14,0.0,1.0,head
h09_28_15,0.0,1.0,head
h09_28_16,0.0,1.0,head
h09_28_17,0.0,1.0,head
h09_28_18,0.0,1.0,head
h09_28_19,0.0,1.0,head
h09_28_20,0.0,1.0,head
h09_28_21,0.0,1.0,head
h09_28_22,0.0,1.0,head
h09_28_23,0.0,1.0,head
h09_29_00,0.0,1.0,head
h09_29_01,0.0,1.0,head
h09_29_02,0.0,1.0,head
h09_29_03,0.0,1.0,head
h09_29_04,0.0,1.0,head
h09_29_05,0.0,1.0,head
h09_29_06,0.0,1.0,head
h09_29_07,0.0,1.0,head
h09_29_08,0.0,1.0,head
h09_29_09,0.0,1.0,head
h09_29_10,0.0,1.0,head
h09_29_11,0.0,1.0,head
h09_29_12,0.0,1.0,head
h09_29_13,0.0,1.0,head
h09_29_14,0.0,1.0,head
h09_29_15,0.0,1.0,head
h09_29_16,0.0,1.0,head
h09_29_17,0.0,1.0,head
h09_29_18,0.0,1.0,head
h09_29_19,0.0,1.0,head
h09_29_20,0.0,1.0,head
h09_29_21,0.0,1.0,head
h09_29_22,0.0,1.0,head
h09_29_23,0.0,1.0,head
h10_00_00,0.0,1.0,head
h10_00_01,0.0,1.0,head
h10_00_02,0.0,1.0,head
h10_00_03,0.0,1.0,head
h10_00_04,0.0,1.0,head
h10_00_05,0.0,1.0,head
h10_00_06,0.0,1.0,head
h10_00_07,0.0,1.0,head
h10_00_08,0.0,1.0,head
h10_00_09,0.0,1.0,head
h10_00_10,0.0,1.0,head
h10_00_11,0.0,1.0,head
h10_00_12,0.0,1.0,head
h10_00_13,0.0,1.0,head
h10_00_14,0.0,1.0,head
h10_00_15,0.0,1.0,head
h10_00_16,0.0,1.0,head
h10_00_17,0.0,1.0,head
h10_00_18,0.0,1.0,head
h10_00_19,0.0,1.0,head
h10_00_20,0.0,1.0,head
h10_00_21,0.0,1.0,head
h10_00_22,0.0,1.0,head
h10_00_23,0.0,1.0,head
h10_01_00,0.0,1.0,head
h10_01_01,0.0,1.0,head
h10_01_02,0.0,1.0,head
h10_01_03,0.0,1.0,head
h10_01_04,0.0,1.0,head
h10_01_05,0.0,1.0,head
h10_01_06,0.0,1.0,head
h10_01_07,0.0,1.0,head
h10_01_08,0.0,1.0,head
h10_01_09,0.0,1.0,head
h10_01_10,0.0,1.0,head
h10_01_11,0.0,1.0,head
h10_01_12,0.0,1.0,head
h10_01_13,0.0,1.0,head
h10_01_14,0.0,1.0,head
h10_01_15,0.0,1.0,head
h10_01_16,0.0,1.0,head
h10_01_17,0.0,1.0,head
h10_01_18,0.0,1.0,head
h10_01_19,0.0,1.0,head
h10_01_20,0.0,1.0,head
h10_01_21,0.0,1.0,head
h10_01_22,0.0,1.0,head
h10_01_23,0.0,1.0,head
h10_02_00,0.0,1.0,head
h10_02_01,0.0,1.0,head
h10_02_02,0.0,1.0,head
h10_02_03,0.0,1.0,head
h10_02_04,0.0,1.0,head
h10_02_05,0.0,1.0,head
h10_02_06,0.0,1.0,head
h10_02_07,0.0,1.0,head
h10_02_08,0.0,1.0,head
h10_02_09,0.0,1.0,head
h10_02_10,0.0,1.0,head
h10_02_11,0.0,1.0,head
h10_02_12,0.0,1.0,head
h10_02_13,0.0,1.0,head
h10_02_14,0.0,1.0,head
h10_02_15,0.0,1.0,head
h10_02_16,0.0,1.0,head
h10_02_17,0.0,1.0,head
h10_02_18,0.0,1.0,head
h10_02_19,0.0,1.0,head
h10_02_20,0.0,1.0,head
h10_02_21,0.0,1.0,head
h10_02_22,0.0,1.0,head
h10_02_23,0.0,1.0,head
h10_03_00,0.0,1.0,head
h10_03_01,0.0,1.0,head
h10_03_02,0.0,1.0,head
h10_03_03,0.0,1.0,head
h10_03_04,0.0,1.0,head
h10_03_05,0.0,1.0,head
h10_03_06,0.0,1.0,head
h10_03_07,0.0,1.0,head
h10_03_08,0.0,1.0,head
h10_03_09,0.0,1.0,head
h10_03_10,0.0,1.0,head
h10_03_11,0.0,1.0,head
h10_03_12,0.0,1.0,head
h10_03_13,0.0,1.0,head
h10_03_14,0.0,1.0,head
h10_03_15,0.0,1.0,head
h10_03_16,0.0,1.0,head
h10_03_17,0.0,1.0,head
h10_03_18,0.0,1.0,head
h10_03_19,0.0,1.0,head
h10_03_20,0.0,1.0,head
h10_03_21,0.0,1.0,head
h10_03_22,0.0,1.0,head
h10_03_23,0.0,1.0,head
h10_04_00,0.0,1.0,head
h10_04_01,0.0,1.0,head
h10_04_02,0.0,1.0,head
h10_04_03,0.0,1.0,head
h10_04_04,0.0,1.0,head
h10_04_05,0.0,1.0,head
h10_04_06,0.0,1.0,head
h10_04_07,0.0,1.0,head
h10_04_08,0.0,1.0,head
h10_04_09,0.0,1.0,head
h10_04_10,0.0,1.0,head
h10_04_11,0.0,1.0,head
h10_04_12,0.0,1.0,head
h10_04_13,0.0,1.0,head
h10_04_14,0.0,1.0,head
h10_04_15,0.0,1.0,head
h10_04_16,0.0,1.0,head
h10_04_17,0.0,1.0,head
h10_04_18,0.0,1.0,head
h10_04_19,0.0,1.0,head
h10_04_20,0.0,1.0,head
h10_04_21,0.0,1.0,head
h10_04_22,0.0,1.0,head
h10_04_23,0.0,1.0,head
h10_05_00,0.0,1.0,head
h10_05_01,0.0,1.0,head
h10_05_02,0.0,1.0,head
h10_05_03,0.0,1.0,head
h10_05_04,0.0,1.0,head
h10_05_05,0.0,1.0,head
h10_05_06,0.0,1.0,head
h10_05_07,0.0,1.0,head
h10_05_08,0.0,1.0,head
h10_05_09,0.0,1.0,head
h10_05_10,0.0,1.0,head
h10_05_11,0.0,1.0,head
h10_05_12,0.0,1.0,head
h10_05_13,0.0,1.0,head
h10_05_14,0.0,1.0,head
h10_05_15,0.0,1.0,head
h10_05_16,0.0,1.0,head
h10_05_17,0.0,1.0,head
h10_05_18,0.0,1.0,head
h10_05_19,0.0,1.0,head
h10_05_20,0.0,1.0,head
h10_05_21,0.0,1.0,head
h10_05_22,0.0,1.0,head
h10_05_23,0.0,1.0,head
h10_06_00,0.0,1.0,head
h10_06_01,0.0,1.0,head
h10_06_02,0.0,1.0,head
h10_06_03,0.0,1.0,head
h10_06_04,0.0,1.0,head
h10_06_05,0.0,1.0,head
h10_06_06,0.0,1.0,head
h10_06_07,0.0,1.0,head
h10_06_08,0.0,1.0,head
h10_06_09,0.0,1.0,head
h10_06_10,0.0,1.0,head
h10_06_11,0.0,1.0,head
h10_06_12,0.0,1.0,head
h10_06_13,0.0,1.0,head
h10_06_14,0.0,1.0,head
h10_06_15,0.0,1.0,head
h10_06_16,0.0,1.0,head
h10_06_17,0.0,1.0,head
h10_06_18,0.0,1.0,head
h10_06_19,0.0,1.0,head
h10_06_20,0.0,1.0,head
h10_06_21,0.0,1.0,head
h10_06_22,0.0,1.0,head
h10_06_23,0.0,1.0,head
h10_07_00,0.0,1.0,head
h10_07_01,0.0,1.0,head
h10_07_02,0.0,1.0,head
h10_07_03,0.0,1.0,head
h10_07_04,0.0,1.0,head
h10_07_05,0.0,1.0,head
h10_07_06,0.0,1.0,head
h10_07_07,0.0,1.0,head
h10_07_08,0.0,1.0,head
h10_07_09,0.0,1.0,head
h10_07_10,0.0,1.0,head
h10_07_11,0.0,1.0,head
h10_07_12,0.0,1.0,head
h10_07_13,0.0,1.0,head
h10_07_14,0.0,1.0,head
h10_07_15,0.0,1.0,head
h10_07_16,0.0,1.0,head
h10_07_17,0.0,1.0,head
h10_07_18,0.0,1.0,head
h10_07_19,0.0,1.0,head
h10_07_20,0.0,1.0,head
h10_07_21,0.0,1.0,head
h10_07_22,0.0,1.0,head
h10_07_23,0.0,1.0,head
h10_08_00,0.0,1.0,head
h10_08_01,0.0,1.0,head
h10_08_02,0.0,1.0,head
h10_08_03,0.0,1.0,head
h10_08_04,0.0,1.0,head
h10_08_05,0.0,1.0,head
h10_08_06,0.0,1.0,head
h10_08_07,0.0,1.0,head
h10_08_08,0.0,1.0,head
h10_08_09,0.0,1.0,head
h10_08_10,0.0,1.0,head
h10_08_11,0.0,1.0,head
h10_08_12,0.0,1.0,head
h10_08_13,0.0,1.0,head
h10_08_14,0.0,1.0,head
h10_08_15,0.0,1.0,head
h10_08_16,0.0,1.0,head
h10_08_17,0.0,1.0,head
h10_08_18,0.0,1.0,head
h10_08_19,0.0,1.0,head
h10_08_20,0.0,1.0,head
h10_08_21,0.0,1.0,head
h10_08_22,0.0,1.0,head
h10_08_23,0.0,1.0,head
h10_09_00,0.0,1.0,head
h10_09_01,0.0,1.0,head
h10_09_02,0.0,1.0,head
h10_09_03,0.0,1.0,head
h10_09_04,0.0,1.0,head
h10_09_05,0.0,1.0,head
h10_09_06,0.0,1.0,head
h10_09_07,0.0,1.0,head
h10_09_08,0.0,1.0,head
h10_09_09,0.0,1.0,head
h10_09_10,0.0,1.0,head
h10_09_11,0.0,1.0,head
h10_09_12,0.0,1.0,head
h10_09_13,0.0,1.0,head
h10_09_14,0.0,1.0,head
h10_09_15,0.0,1.0,head
h10_09_16,0.0,1.0,head
h10_09_17,0.0,1.0,head
h10_09_18,0.0,1.0,head
h10_09_19,0.0,1.0,head
h10_09_20,0.0,1.0,head
h10_09_21,0.0,1.0,head
h10_09_22,0.0,1.0,head
h10_09_23,0.0,1.0,head
h10_10_00,0.0,1.0,head
h10_10_01,0.0,1.0,head
h10_10_02,0.0,1.0,head
h10_10_03,0.0,1.0,head
h10_10_04,0.0,1.0,head
h10_10_05,0.0,1.0,head
h10_10_06,0.0,1.0,head
h10_10_07,0.0,1.0,head
h10_10_08,0.0,1.0,head
h10_10_09,0.0,1.0,head
h10_10_10,0.0,1.0,head
h10_10_11,0.0,1.0,head
h10_10_12,0.0,1.0,head
h10_10_13,0.0,1.0,head
h10_10_14,0.0,1.0,head
h10_10_15,0.0,1.0,head
h10_10_16,0.0,1.0,head
h10_10_17,0.0,1.0,head
h10_10_18,0.0,1.0,head
h10_10_19,0.0,1.0,head
h10_10_20,0.0,1.0,head
h10_10_21,0.0,1.0,head
h10_10_22,0.0,1.0,head
h10_10_23,0.0,1.0,head
h10_11_00,0.0,1.0,head
h10_11_01,0.0,1.0,head
h10_11_02,0.0,1.0,head
h10_11_03,0.0,1.0,head
h10_11_04,0.0,1.0,head
h10_11_05,0.0,1.0,head
h10_11_06,0.0,1.0,head
h10_11_07,0.0,1.0,head
h10_11_08,0.0,1.0,head
h10_11_09,0.0,1.0,head
h10_11_10,0.0,1.0,head
h10_11_11,0.0,1.0,head
h10_11_12,0.0,1.0,head
h10_11_13,0.0,1.0,head
h10_11_14,0.0,1.0,head
h10_11_15,0.0,1.0,head
h10_11_16,0.0,1.0,head
h10_11_17,0.0,1.0,head
h10_11_18,0.0,1.0,head
h10_11_19,0.0,1.0,head
h10_11_20,0.0,1.0,head
h10_11_21,0.0,1.0,head
h10_11_22,0.0,1.0,head
h10_11_23,0.0,1.0,head
h10_12_00,0.0,1.0,head
h10_12_01,0.0,1.0,head
h10_12_02,0.0,1.0,head
h10_12_03,0.0,1.0,head
h10_12_04,0.0,1.0,head
h10_12_05,0.0,1.0,head
h10_12_06,0.0,1.0,head
h10_12_07,0.0,1.0,head
h10_12_08,0.0,1.0,head
h10_12_09,0.0,1.0,head
h10_12_10,0.0,1.0,head
h10_12_11,0.0,1.0,head
h10_12_12,0.0,1.0,head
h10_12_13,0.0,1.0,head
h10_12_14,0.0,1.0,head
h10_12_15,0.0,1.0,head
h10_12_16,0.0,1.0,head
h10_12_17,0.0,1.0,head
h10_12_18,0.0,1.0,head
h10_12_19,0.0,1.0,head
h10_12_20,0.0,1.0,head
h10_12_21,0.0,1.0,head
h10_12_22,0.0,1.0,head
h10_12_23,0.0,1.0,head
h10_13_00,0.0,1.0,head
h10_13_01,0.0,1.0,head
h10_13_02,0.0,1.0,head
h10_13_03,0.0,1.0,head
h10_13_04,0.0,1.0,head
h10_13_05,0.0,1.0,head
h10_13_06,0.0,1.0,head
h10_13_07,0.0,1.0,head
h10_13_08,0.0,1.0,head
h10_13_09,0.0,1.0,head
h10_13_10,0.0,1.0,head
h10_13_11,0.0,1.0,head
h10_13_12,0.0,1.0,head
h10_13_13,0.0,1.0,head
h10_13_14,0.0,1.0,head
h10_13_15,0.0,1.0,head
h10_13_16,0.0,1.0,head
h10_13_17,0.0,1.0,head
h10_13_18,0.0,1.0,head
h10_13_19,0.0,1.0,head
h10_13_20,0.0,1.0,head
h10_13_21,0.0,1.0,head
h10_13_22,0.0,1.0,head
h10_13_23,0.0,1.0,head
h10_14_00,0.0,1.0,head
h10_14_01,0.0,1.0,head
h10_14_02,0.0,1.0,head
h10_14_03,0.0,1.0,head
h10_14_04,0.0,1.0,head
h10_14_05,0.0,1.0,head
h10_14_06,0.0,1.0,head
h10_14_07,0.0,1.0,head
h10_14_08,0.0,1.0,head
h10_14_09,0.0,1.0,head
h10_14_10,0.0,1.0,head
h10_14_11,0.0,1.0,head
h10_14_12,0.0,1.0,head
h10_14_13,0.0,1.0,head
h10_14_14,0.0,1.0,head
h10_14_15,0.0,1.0,head
h10_14_16,0.0,1.0,head
h10_14_17,0.0,1.0,head
h10_14_18,0.0,1.0,head
h10_14_19,0.0,1.0,head
h10_14_20,0.0,1.0,head
h10_14_21,0.0,1.0,head
h10_14_22,0.0,1.0,head
h10_14_23,0.0,1.0,head
h10_15_00,0.0,1.0,head
h10_15_01,0.0,1.0,head
h10_15_02,0.0,1.0,head
h10_15_03,0.0,1.0,head
h10_15_04,0.0,1.0,head
h10_15_05,0.0,1.0,head
h10_15_06,0.0,1.0,head
h10_15_07,0.0,1.0,head
h10_15_08,0.0,1.0,head
h10_15_09,0.0,1.0,head
h10_15_10,0.0,1.0,head
h10_15_11,0.0,1.0,head
h10_15_12,0.0,1.0,head
h10_15_13,0.0,1.0,head
h10_15_14,0.0,1.0,head
h10_15_15,0.0,1.0,head
h10_15_16,0.0,1.0,head
h10_15_17,0.0,1.0,head
h10_15_18,0.0,1.0,head
h10_15_19,0.0,1.0,head
h10_15_20,0.0,1.0,head
h10_15_21,0.0,1.0,head
h10_15_22,0.0,1.0,head
h10_15_23,0.0,1.0,head
h10_16_00,0.0,1.0,head
h10_16_01,0.0,1.0,head
h10_16_02,0.0,1.0,head
h10_16_03,0.0,1.0,head
h10_16_04,0.0,1.0,head
h10_16_05,0.0,1.0,head
h10_16_06,0.0,1.0,head
h10_16_07,0.0,1.0,head
h10_16_08,0.0,1.0,head
h10_16_09,0.0,1.0,head
h10_16_10,0.0,1.0,head
h10_16_11,0.0,1.0,head
h10_16_12,0.0,1.0,head
h10_16_13,0.0,1.0,head
h10_16_14,0.0,1.0,head
h10_16_15,0.0,1.0,head
h10_16_16,0.0,1.0,head
h10_16_17,0.0,1.0,head
h10_16_18,0.0,1.0,head
h10_16_19,0.0,1.0,head
h10_16_20,0.0,1.0,head
h10_16_21,0.0,1.0,head
h10_16_22,0.0,1.0,head
h10_16_23,0.0,1.0,head
h10_17_00,0.0,1.0,head
h10_17_01,0.0,1.0,head
h10_17_02,0.0,1.0,head
h10_17_03,0.0,1.0,head
h10_17_04,0.0,1.0,head
h10_17_05,0.0,1.0,head
h10_17_06,0.0,1.0,head
h10_17_07,0.0,1.0,head
h10_17_08,0.0,1.0,head
h10_17_09,0.0,1.0,head
h10_17_10,0.0,1.0,head
h10_17_11,0.0,1.0,head
h10_17_12,0.0,1.0,head
h10_17_13,0.0,1.0,head
h10_17_14,0.0,1.0,head
h10_17_15,0.0,1.0,head
h10_17_16,0.0,1.0,head
h10_17_17,0.0,1.0,head
h10_17_18,0.0,1.0,head
h10_17_19,0.0,1.0,head
h10_17_20,0.0,1.0,head
h10_17_21,0.0,1.0,head
h10_17_22,0.0,1.0,head
h10_17_23,0.0,1.0,head
h10_18_00,0.0,1.0,head
h10_18_01,0.0,1.0,head
h10_18_02,0.0,1.0,head
h10_18_03,0.0,1.0,head
h10_18_04,0.0,1.0,head
h10_18_05,0.0,1.0,head
h10_18_06,0.0,1.0,head
h10_18_07,0.0,1.0,head
h10_18_08,0.0,1.0,head
h10_18_09,0.0,1.0,head
h10_18_10,0.0,1.0,head
h10_18_11,0.0,1.0,head
h10_18_12,0.0,1.0,head
h10_18_13,0.0,1.0,head
h10_18_14,0.0,1.0,head
h10_18_15,0.0,1.0,head
h10_18_16,0.0,1.0,head
h10_18_17,0.0,1.0,head
h10_18_18,0.0,1.0,head
h10_18_19,0.0,1.0,head
h10_18_20,0.0,1.0,head
h10_18_21,0.0,1.0,head
h10_18_22,0.0,1.0,head
h10_18_23,0.0,1.0,head
h10_19_00,0.0,1.0,head
h10_19_01,0.0,1.0,head
h10_19_02,0.0,1.0,head
h10_19_03,0.0,1.0,head
h10_19_04,0.0,1.0,head
h10_19_05,0.0,1.0,head
h10_19_06,0.0,1.0,head
h10_19_07,0.0,1.0,head
h10_19_08,0.0,1.0,head
h10_19_09,0.0,1.0,head
h10_19_10,0.0,1.0,head
h10_19_11,0.0,1.0,head
h10_19_12,0.0,1.0,head
h10_19_13,0.0,1.0,head
h10_19_14,0.0,1.0,head
h10_19_15,0.0,1.0,head
h10_19_16,0.0,1.0,head
h10_19_17,0.0,1.0,head
h10_19_18,0.0,1.0,head
h10_19_19,0.0,1.0,head
h10_19_20,0.0,1.0,head
h10_19_21,0.0,1.0,head
h10_19_22,0.0,1.0,head
h10_19_23,0.0,1.0,head
h10_20_00,0.0,1.0,head
h10_20_01,0.0,1.0,head
h10_20_02,0.0,1.0,head
h10_20_03,0.0,1.0,head
h10_20_04,0.0,1.0,head
h10_20_05,0.0,1.0,head
h10_20_06,0.0,1.0,head
h10_20_07,0.0,1.0,head
h10_20_08,0.0,1.0,head
h10_20_09,0.0,1.0,head
h10_20_10,0.0,1.0,head
h10_20_11,0.0,1.0,head
h10_20_12,0.0,1.0,head
h10_20_13,0.0,1.0,head
h10_20_14,0.0,1.0,head
h10_20_15,0.0,1.0,head
h10_20_16,0.0,1.0,head
h10_20_17,0.0,1.0,head
h10_20_18,0.0,1.0,head
h10_20_19,0.0,1.0,head
h10_20_20,0.0,1.0,head
h10_20_21,0.0,1.0,head
h10_20_22,0.0,1.0,head
h10_20_23,0.0,1.0,head
h10_21_00,0.0,1.0,head
h10_21_01,0.0,1.0,head
h10_21_02,0.0,1.0,head
h10_21_03,0.0,1.0,head
h10_21_04,0.0,1.0,head
h10_21_05,0.0,1.0,head
h10_21_06,0.0,1.0,head
h10_21_07,0.0,1.0,head
h10_21_08,0.0,1.0,head
h10_21_09,0.0,1.0,head
h10_21_10,0.0,1.0,head
h10_21_11,0.0,1.0,head
h10_21_12,0.0,1.0,head
h10_21_13,0.0,1.0,head
h10_21_14,0.0,1.0,head
h10_21_15,0.0,1.0,head
h10_21_16,0.0,1.0,head
h10_21_17,0.0,1.0,head
h10_21_18,0.0,1.0,head
h10_21_19,0.0,1.0,head
h10_21_20,0.0,1.0,head
h10_21_21,0.0,1.0,head
h10_21_22,0.0,1.0,head
h10_21_23,0.0,1.0,head
h10_22_00,0.0,1.0,head
h10_22_01,0.0,1.0,head
h10_22_02,0.0,1.0,head
h10_22_03,0.0,1.0,head
h10_22_04,0.0,1.0,head
h10_22_05,0.0,1.0,head
h10_22_06,0.0,1.0,head
h10_22_07,0.0,1.0,head
h10_22_08,0.0,1.0,head
h10_22_09,0.0,1.0,head
h10_22_10,0.0,1.0,head
h10_22_11,0.0,1.0,head
h10_22_12,0.0,1.0,head
h10_22_13,0.0,1.0,head
h10_22_14,0.0,1.0,head
h10_22_15,0.0,1.0,head
h10_22_16,0.0,1.0,head
h10_22_17,0.0,1.0,head
h10_22_18,0.0,1.0,head
h10_22_19,0.0,1.0,head
h10_22_20,0.0,1.0,head
h10_22_21,0.0,1.0,head
h10_22_22,0.0,1.0,head
h10_22_23,0.0,1.0,head
h10_23_00,0.0,1.0,head
h10_23_01,0.0,1.0,head
h10_23_02,0.0,1.0,head
h10_23_03,0.0,1.0,head
h10_23_04,0.0,1.0,head
h10_23_05,0.0,1.0,head
h10_23_06,0.0,1.0,head
h10_23_07,0.0,1.0,head
h10_23_08,0.0,1.0,head
h10_23_09,0.0,1.0,head
h10_23_10,0.0,1.0,head
h10_23_11,0.0,1.0,head
h10_23_12,0.0,1.0,head
h10_23_13,0.0,1.0,head
h10_23_14,0.0,1.0,head
h10_23_15,0.0,1.0,head
h10_23_16,0.0,1.0,head
h10_23_17,0.0,1.0,head
h10_23_18,0.0,1.0,head
h10_23_19,0.0,1.0,head
h10_23_20,0.0,1.0,head
h10_23_21,0.0,1.0,head
h10_23_22,0.0,1.0,head
h10_23_23,0.0,1.0,head
h10_24_00,0.0,1.0,head
h10_24_01,0.0,1.0,head
h10_24_02,0.0,1.0,head
h10_24_03,0.0,1.0,head
h10_24_04,0.0,1.0,head
h10_24_05,0.0,1.0,head
h10_24_06,0.0,1.0,head
h10_24_07,0.0,1.0,head
h10_24_08,0.0,1.0,head
h10_24_09,0.0,1.0,head
h10_24_10,0.0,1.0,head
h10_24_11,0.0,1.0,head
h10_24_12,0.0,1.0,head
h10_24_13,0.0,1.0,head
h10_24_14,0.0,1.0,head
h10_24_15,0.0,1.0,head
h10_24_16,0.0,1.0,head
h10_24_17,0.0,1.0,head
h10_24_18,0.0,1.0,head
h10_24_19,0.0,1.0,head
h10_24_20,0.0,1.0,head
h10_24_21,0.0,1.0,head
h10_24_22,0.0,1.0,head
h10_24_23,0.0,1.0,head
h10_25_00,0.0,1.0,head
h10_25_01,0.0,1.0,head
h10_25_02,0.0,1.0,head
h10_25_03,0.0,1.0,head
h10_25_04,0.0,1.0,head
h10_25_05,0.0,1.0,head
h10_25_06,0.0,1.0,head
h10_25_07,0.0,1.0,head
h10_25_08,0.0,1.0,head
h10_25_09,0.0,1.0,head
h10_25_10,0.0,1.0,head
h10_25_11,0.0,1.0,head
h10_25_12,0.0,1.0,head
h10_25_13,0.0,1.0,head
h10_25_14,0.0,1.0,head
h10_25_15,0.0,1.0,head
h10_25_16,0.0,1.0,head
h10_25_17,0.0,1.0,head
h10_25_18,0.0,1.0,head
h10_25_19,0.0,1.0,head
h10_25_20,0.0,1.0,head
h10_25_21,0.0,1.0,head
h10_25_22,0.0,1.0,head
h10_25_23,0.0,1.0,head
h10_26_00,0.0,1.0,head
h10_26_01,0.0,1.0,head
h10_26_02,0.0,1.0,head
h10_26_03,0.0,1.0,head
h10_26_04,0.0,1.0,head
h10_26_05,0.0,1.0,head
h10_26_06,0.0,1.0,head
h10_26_07,0.0,1.0,head
h10_26_08,0.0,1.0,head
h10_26_09,0.0,1.0,head
h10_26_10,0.0,1.0,head
h10_26_11,0.0,1.0,head
h10_26_12,0.0,1.0,head
h10_26_13,0.0,1.0,head
h10_26_14,0.0,1.0,head
h10_26_15,0.0,1.0,head
h10_26_16,0.0,1.0,head
h10_26_17,0.0,1.0,head
h10_26_18,0.0,1.0,head
h10_26_19,0.0,1.0,head
h10_26_20,0.0,1.0,head
h10_26_21,0.0,1.0,head
h10_26_22,0.0,1.0,head
h10_26_23,0.0,1.0,head
h10_27_00,0.0,1.0,head
h10_27_01,0.0,1.0,head
h10_27_02,0.0,1.0,head
h10_27_03,0.0,1.0,head
h10_27_04,0.0,1.0,head
h10_27_05,0.0,1.0,head
h10_27_06,0.0,1.0,head
h10_27_07,0.0,1.0,head
h10_27_08,0.0,1.0,head
h10_27_09,0.0,1.0,head
h10_27_10,0.0,1.0,head
h10_27_11,0.0,1.0,head
h10_27_12,0.0,1.0,head
h10_27_13,0.0,1.0,head
h10_27_14,0.0,1.0,head
h10_27_15,0.0,1.0,head
h10_27_16,0.0,1.0,head
h10_27_17,0.0,1.0,head
h10_27_18,0.0,1.0,head
h10_27_19,0.0,1.0,head
h10_27_20,0.0,1.0,head
h10_27_21,0.0,1.0,head
h10_27_22,0.0,1.0,head
h10_27_23,0.0,1.0,head
h10_28_00,0.0,1.0,head
h10_28_01,0.0,1.0,head
h10_28_02,0.0,1.0,head
h10_28_03,0.0,1.0,head
h10_28_04,0.0,1.0,head
h10_28_05,0.0,1.0,head
h10_28_06,0.0,1.0,head
h10_28_07,0.0,1.0,head
h10_28_08,0.0,1.0,head
h10_28_09,0.0,1.0,head
h10_28_10,0.0,1.0,head
h10_28_11,0.0,1.0,head
h10_28_12,0.0,1.0,head
h10_28_13,0.0,1.0,head
h10_28_14,0.0,1.0,head
h10_28_15,0.0,1.0,head
h10_28_16,0.0,1.0,head
h10_28_17,0.0,1.0,head
h10_28_18,0.0,1.0,head
h10_28_19,0.0,1.0,head
h10_28_20,0.0,1.0,head
h10_28_21,0.0,1.0,head
h10_28_22,0.0,1.0,head
h10_28_23,0.0,1.0,head
h10_29_00,0.0,1.0,head
h10_29_01,0.0,1.0,head
h10_29_02,0.0,1.0,head
h10_29_03,0.0,1.0,head
h10_29_04,0.0,1.0,head
h10_29_05,0.0,1.0,head
h10_29_06,0.0,1.0,head
h10_29_07,0.0,1.0,head
h10_29_08,0.0,1.0,head
h10_29_09,0.0,1.0,head
h10_29_10,0.0,1.0,head
h10_29_11,0.0,1.0,head
h10_29_12,0.0,1.0,head
h10_29_13,0.0,1.0,head
h10_29_14,0.0,1.0,head
h10_29_15,0.0,1.0,head
h10_29_16,0.0,1.0,head
h10_29_17,0.0,1.0,head
h10_29_18,0.0,1.0,head
h10_29_19,0.0,1.0,head
h10_29_20,0.0,1.0,head
h10_29_21,0.0,1.0,head
h10_29_22,0.0,1.0,head
h10_29_23,0.0,1.0,head
h11_00_00,0.0,1.0,head
h11_00_01,0.0,1.0,head
h11_00_02,0.0,1.0,head
h11_00_03,0.0,1.0,head
h11_00_04,0.0,1.0,head
h11_00_05,0.0,1.0,head
h11_00_06,0.0,1.0,head
h11_00_07,0.0,1.0,head
h11_00_08,0.0,1.0,head
h11_00_09,0.0,1.0,head
h11_00_10,0.0,1.0,head
h11_00_11,0.0,1.0,head
h11_00_12,0.0,1.0,head
h11_00_13,0.0,1.0,head
h11_00_14,0.0,1.0,head
h11_00_15,0.0,1.0,head
h11_00_16,0.0,1.0,head
h11_00_17,0.0,1.0,head
h11_00_18,0.0,1.0,head
h11_00_19,0.0,1.0,head
h11_00_20,0.0,1.0,head
h11_00_21,0.0,1.0,head
h11_00_22,0.0,1.0,head
h11_00_23,0.0,1.0,head
h11_01_00,0.0,1.0,head
h11_01_01,0.0,1.0,head
h11_01_02,0.0,1.0,head
h11_01_03,0.0,1.0,head
h11_01_04,0.0,1.0,head
h11_01_05,0.0,1.0,head
h11_01_06,0.0,1.0,head
h11_01_07,0.0,1.0,head
h11_01_08,0.0,1.0,head
h11_01_09,0.0,1.0,head
h11_01_10,0.0,1.0,head
h11_01_11,0.0,1.0,head
h11_01_12,0.0,1.0,head
h11_01_13,0.0,1.0,head
h11_01_14,0.0,1.0,head
h11_01_15,0.0,1.0,head
h11_01_16,0.0,1.0,head
h11_01_17,0.0,1.0,head
h11_01_18,0.0,1.0,head
h11_01_19,0.0,1.0,head
h11_01_20,0.0,1.0,head
h11_01_21,0.0,1.0,head
h11_01_22,0.0,1.0,head
h11_01_23,0.0,1.0,head
h11_02_00,0.0,1.0,head
h11_02_01,0.0,1.0,head
h11_02_02,0.0,1.0,head
h11_02_03,0.0,1.0,head
h11_02_04,0.0,1.0,head
h11_02_05,0.0,1.0,head
h11_02_06,0.0,1.0,head
h11_02_07,0.0,1.0,head
h11_02_08,0.0,1.0,head
h11_02_09,0.0,1.0,head
h11_02_10,0.0,1.0,head
h11_02_11,0.0,1.0,head
h11_02_12,0.0,1.0,head
h11_02_13,0.0,1.0,head
h11_02_14,0.0,1.0,head
h11_02_15,0.0,1.0,head
h11_02_16,0.0,1.0,head
h11_02_17,0.0,1.0,head
h11_02_18,0.0,1.0,head
h11_02_19,0.0,1.0,head
h11_02_20,0.0,1.0,head
h11_02_21,0.0,1.0,head
h11_02_22,0.0,1.0,head
h11_02_23,0.0,1.0,head
h11_03_00,0.0,1.0,head
h11_03_01,0.0,1.0,head
h11_03_02,0.0,1.0,head
h11_03_03,0.0,1.0,head
h11_03_04,0.0,1.0,head
h11_03_05,0.0,1.0,head
h11_03_06,0.0,1.0,head
h11_03_07,0.0,1.0,head
h11_03_08,0.0,1.0,head
h11_03_09,0.0,1.0,head
h11_03_10,0.0,1.0,head
h11_03_11,0.0,1.0,head
h11_03_12,0.0,1.0,head
h11_03_13,0.0,1.0,head
h11_03_14,0.0,1.0,head
h11_03_15,0.0,1.0,head
h11_03_16,0.0,1.0,head
h11_03_17,0.0,1.0,head
h11_03_18,0.0,1.0,head
h11_03_19,0.0,1.0,head
h11_03_20,0.0,1.0,head
h11_03_21,0.0,1.0,head
h11_03_22,0.0,1.0,head
h11_03_23,0.0,1.0,head
h11_04_00,0.0,1.0,head
h11_04_01,0.0,1.0,head
h11_04_02,0.0,1.0,head
h11_04_03,0.0,1.0,head
h11_04_04,0.0,1.0,head
h11_04_05,0.0,1.0,head
h11_04_06,0.0,1.0,head
h11_04_07,0.0,1.0,head
h11_04_08,0.0,1.0,head
h11_04_09,0.0,1.0,head
h11_04_10,0.0,1.0,head
h11_04_11,0.0,1.0,head
h11_04_12,0.0,1.0,head
h11_04_13,0.0,1.0,head
h11_04_14,0.0,1.0,head
h11_04_15,0.0,1.0,head
h11_04_16,0.0,1.0,head
h11_04_17,0.0,1.0,head
h11_04_18,0.0,1.0,head
h11_04_19,0.0,1.0,head
h11_04_20,0.0,1.0,head
h11_04_21,0.0,1.0,head
h11_04_22,0.0,1.0,head
h11_04_23,0.0,1.0,head
h11_05_00,0.0,1.0,head
h11_05_01,0.0,1.0,head
h11_05_02,0.0,1.0,head
h11_05_03,0.0,1.0,head
h11_05_04,0.0,1.0,head
h11_05_05,0.0,1.0,head
h11_05_06,0.0,1.0,head
h11_05_07,0.0,1.0,head
h11_05_08,0.0,1.0,head
h11_05_09,0.0,1.0,head
h11_05_10,0.0,1.0,head
h11_05_11,0.0,1.0,head
h11_05_12,0.0,1.0,head
h11_05_13,0.0,1.0,head
h11_05_14,0.0,1.0,head
h11_05_15,0.0,1.0,head
h11_05_16,0.0,1.0,head
h11_05_17,0.0,1.0,head
h11_05_18,0.0,1.0,head
h11_05_19,0.0,1.0,head
h11_05_20,0.0,1.0,head
h11_05_21,0.0,1.0,head
h11_05_22,0.0,1.0,head
h11_05_23,0.0,1.0,head
h11_06_00,0.0,1.0,head
h11_06_01,0.0,1.0,head
h11_06_02,0.0,1.0,head
h11_06_03,0.0,1.0,head
h11_06_04,0.0,1.0,head
h11_06_05,0.0,1.0,head
h11_06_06,0.0,1.0,head
h11_06_07,0.0,1.0,head
h11_06_08,0.0,1.0,head
h11_06_09,0.0,1.0,head
h11_06_10,0.0,1.0,head
h11_06_11,0.0,1.0,head
h11_06_12,0.0,1.0,head
h11_06_13,0.0,1.0,head
h11_06_14,0.0,1.0,head
h11_06_15,0.0,1.0,head
h11_06_16,0.0,1.0,head
h11_06_17,0.0,1.0,head
h11_06_18,0.0,1.0,head
h11_06_19,0.0,1.0,head
h11_06_20,0.0,1.0,head
h11_06_21,0.0,1.0,head
h11_06_22,0.0,1.0,head
h11_06_23,0.0,1.0,head
h11_07_00,0.0,1.0,head
h11_07_01,0.0,1.0,head
h11_07_02,0.0,1.0,head
h11_07_03,0.0,1.0,head
h11_07_04,0.0,1.0,head
h11_07_05,0.0,1.0,head
h11_07_06,0.0,1.0,head
h11_07_07,0.0,1.0,head
h11_07_08,0.0,1.0,head
h11_07_09,0.0,1.0,head
h11_07_10,0.0,1.0,head
h11_07_11,0.0,1.0,head
h11_07_12,0.0,1.0,head
h11_07_13,0.0,1.0,head
h11_07_14,0.0,1.0,head
h11_07_15,0.0,1.0,head
h11_07_16,0.0,1.0,head
h11_07_17,0.0,1.0,head
h11_07_18,0.0,1.0,head
h11_07_19,0.0,1.0,head
h11_07_20,0.0,1.0,head
h11_07_21,0.0,1.0,head
h11_07_22,0.0,1.0,head
h11_07_23,0.0,1.0,head
h11_08_00,0.0,1.0,head
h11_08_01,0.0,1.0,head
h11_08_02,0.0,1.0,head
h11_08_03,0.0,1.0,head
h11_08_04,0.0,1.0,head
h11_08_05,0.0,1.0,head
h11_08_06,0.0,1.0,head
h11_08_07,0.0,1.0,head
h11_08_08,0.0,1.0,head
h11_08_09,0.0,1.0,head
h11_08_10,0.0,1.0,head
h11_08_11,0.0,1.0,head
h11_08_12,0.0,1.0,head
h11_08_13,0.0,1.0,head
h11_08_14,0.0,1.0,head
h11_08_15,0.0,1.0,head
h11_08_16,0.0,1.0,head
h11_08_17,0.0,1.0,head
h11_08_18,0.0,1.0,head
h11_08_19,0.0,1.0,head
h11_08_20,0.0,1.0,head
h11_08_21,0.0,1.0,head
h11_08_22,0.0,1.0,head
h11_08_23,0.0,1.0,head
h11_09_00,0.0,1.0,head
h11_09_01,0.0,1.0,head
h11_09_02,0.0,1.0,head
h11_09_03,0.0,1.0,head
h11_09_04,0.0,1.0,head
h11_09_05,0.0,1.0,head
h11_09_06,0.0,1.0,head
h11_09_07,0.0,1.0,head
h11_09_08,0.0,1.0,head
h11_09_09,0.0,1.0,head
h11_09_10,0.0,1.0,head
h11_09_11,0.0,1.0,head
h11_09_12,0.0,1.0,head
h11_09_13,0.0,1.0,head
h11_09_14,0.0,1.0,head
h11_09_15,0.0,1.0,head
h11_09_16,0.0,1.0,head
h11_09_17,0.0,1.0,head
h11_09_18,0.0,1.0,head
h11_09_19,0.0,1.0,head
h11_09_20,0.0,1.0,head
h11_09_21,0.0,1.0,head
h11_09_22,0.0,1.0,head
h11_09_23,0.0,1.0,head
h11_10_00,0.0,1.0,head
h11_10_01,0.0,1.0,head
h11_10_02,0.0,1.0,head
h11_10_03,0.0,1.0,head
h11_10_04,0.0,1.0,head
h11_10_05,0.0,1.0,head
h11_10_06,0.0,1.0,head
h11_10_07,0.0,1.0,head
h11_10_08,0.0,1.0,head
h11_10_09,0.0,1.0,head
h11_10_10,0.0,1.0,head
h11_10_11,0.0,1.0,head
h11_10_12,0.0,1.0,head
h11_10_13,0.0,1.0,head
h11_10_14,0.0,1.0,head
h11_10_15,0.0,1.0,head
h11_10_16,0.0,1.0,head
h11_10_17,0.0,1.0,head
h11_10_18,0.0,1.0,head
h11_10_19,0.0,1.0,head
h11_10_20,0.0,1.0,head
h11_10_21,0.0,1.0,head
h11_10_22,0.0,1.0,head
h11_10_23,0.0,1.0,head
h11_11_00,0.0,1.0,head
h11_11_01,0.0,1.0,head
h11_11_02,0.0,1.0,head
h11_11_03,0.0,1.0,head
h11_11_04,0.0,1.0,head
h11_11_05,0.0,1.0,head
h11_11_06,0.0,1.0,head
h11_11_07,0.0,1.0,head
h11_11_08,0.0,1.0,head
h11_11_09,0.0,1.0,head
h11_11_10,0.0,1.0,head
h11_11_11,0.0,1.0,head
h11_11_12,0.0,1.0,head
h11_11_13,0.0,1.0,head
h11_11_14,0.0,1.0,head
h11_11_15,0.0,1.0,head
h11_11_16,0.0,1.0,head
h11_11_17,0.0,1.0,head
h11_11_18,0.0,1.0,head
h11_11_19,0.0,1.0,head
h11_11_20,0.0,1.0,head
h11_11_21,0.0,1.0,head
h11_11_22,0.0,1.0,head
h11_11_23,0.0,1.0,head
h11_12_00,0.0,1.0,head
h11_12_01,0.0,1.0,head
h11_12_02,0.0,1.0,head
h11_12_03,0.0,1.0,head
h11_12_04,0.0,1.0,head
h11_12_05,0.0,1.0,head
h11_12_06,0.0,1.0,head
h11_12_07,0.0,1.0,head
h11_12_08,0.0,1.0,head
h11_12_09,0.0,1.0,head
h11_12_10,0.0,1.0,head
h11_12_11,0.0,1.0,head
h11_12_12,0.0,1.0,head
h11_12_13,0.0,1.0,head
h11_12_14,0.0,1.0,head
h11_12_15,0.0,1.0,head
h11_12_16,0.0,1.0,head
h11_12_17,0.0,1.0,head
h11_12_18,0.0,1.0,head
h11_12_19,0.0,1.0,head
h11_12_20,0.0,1.0,head
h11_12_21,0.0,1.0,head
h11_12_22,0.0,1.0,head
h11_12_23,0.0,1.0,head
h11_13_00,0.0,1.0,head
h11_13_01,0.0,1.0,head
h11_13_02,0.0,1.0,head
h11_13_03,0.0,1.0,head
h11_13_04,0.0,1.0,head
h11_13_05,0.0,1.0,head
h11_13_06,0.0,1.0,head
h11_13_07,0.0,1.0,head
h11_13_08,0.0,1.0,head
h11_13_09,0.0,1.0,head
h11_13_10,0.0,1.0,head
h11_13_11,0.0,1.0,head
h11_13_12,0.0,1.0,head
h11_13_13,0.0,1.0,head
h11_13_14,0.0,1.0,head
h11_13_15,0.0,1.0,head
h11_13_16,0.0,1.0,head
h11_13_17,0.0,1.0,head
h11_13_18,0.0,1.0,head
h11_13_19,0.0,1.0,head
h11_13_20,0.0,1.0,head
h11_13_21,0.0,1.0,head
h11_13_22,0.0,1.0,head
h11_13_23,0.0,1.0,head
h11_14_00,0.0,1.0,head
h11_14_01,0.0,1.0,head
h11_14_02,0.0,1.0,head
h11_14_03,0.0,1.0,head
h11_14_04,0.0,1.0,head
h11_14_05,0.0,1.0,head
h11_14_06,0.0,1.0,head
h11_14_07,0.0,1.0,head
h11_14_08,0.0,1.0,head
h11_14_09,0.0,1.0,head
h11_14_10,0.0,1.0,head
h11_14_11,0.0,1.0,head
h11_14_12,0.0,1.0,head
h11_14_13,0.0,1.0,head
h11_14_14,0.0,1.0,head
h11_14_15,0.0,1.0,head
h11_14_16,0.0,1.0,head
h11_14_17,0.0,1.0,head
h11_14_18,0.0,1.0,head
h11_14_19,0.0,1.0,head
h11_14_20,0.0,1.0,head
h11_14_21,0.0,1.0,head
h11_14_22,0.0,1.0,head
h11_14_23,0.0,1.0,head
h11_15_00,0.0,1.0,head
h11_15_01,0.0,1.0,head
h11_15_02,0.0,1.0,head
h11_15_03,0.0,1.0,head
h11_15_04,0.0,1.0,head
h11_15_05,0.0,1.0,head
h11_15_06,0.0,1.0,head
h11_15_07,0.0,1.0,head
h11_15_08,0.0,1.0,head
h11_15_09,0.0,1.0,head
h11_15_10,0.0,1.0,head
h11_15_11,0.0,1.0,head
h11_15_12,0.0,1.0,head
h11_15_13,0.0,1.0,head
h11_15_14,0.0,1.0,head
h11_15_15,0.0,1.0,head
h11_15_16,0.0,1.0,head
h11_15_17,0.0,1.0,head
h11_15_18,0.0,1.0,head
h11_15_19,0.0,1.0,head
h11_15_20,0.0,1.0,head
h11_15_21,0.0,1.0,head
h11_15_22,0.0,1.0,head
h11_15_23,0.0,1.0,head
h11_16_00,0.0,1.0,head
h11_16_01,0.0,1.0,head
h11_16_02,0.0,1.0,head
h11_16_03,0.0,1.0,head
h11_16_04,0.0,1.0,head
h11_16_05,0.0,1.0,head
h11_16_06,0.0,1.0,head
h11_16_07,0.0,1.0,head
h11_16_08,0.0,1.0,head
h11_16_09,0.0,1.0,head
h11_16_10,0.0,1.0,head
h11_16_11,0.0,1.0,head
h11_16_12,0.0,1.0,head
h11_16_13,0.0,1.0,head
h11_16_14,0.0,1.0,head
h11_16_15,0.0,1.0,head
h11_16_16,0.0,1.0,head
h11_16_17,0.0,1.0,head
h11_16_18,0.0,1.0,head
h11_16_19,0.0,1.0,head
h11_16_20,0.0,1.0,head
h11_16_21,0.0,1.0,head
h11_16_22,0.0,1.0,head
h11_16_23,0.0,1.0,head
h11_17_00,0.0,1.0,head
h11_17_01,0.0,1.0,head
h11_17_02,0.0,1.0,head
h11_17_03,0.0,1.0,head
h11_17_04,0.0,1.0,head
h11_17_05,0.0,1.0,head
h11_17_06,0.0,1.0,head
h11_17_07,0.0,1.0,head
h11_17_08,0.0,1.0,head
h11_17_09,0.0,1.0,head
h11_17_10,0.0,1.0,head
h11_17_11,0.0,1.0,head
h11_17_12,0.0,1.0,head
h11_17_13,0.0,1.0,head
h11_17_14,0.0,1.0,head
h11_17_15,0.0,1.0,head
h11_17_16,0.0,1.0,head
h11_17_17,0.0,1.0,head
h11_17_18,0.0,1.0,head
h11_17_19,0.0,1.0,head
h11_17_20,0.0,1.0,head
h11_17_21,0.0,1.0,head
h11_17_22,0.0,1.0,head
h11_17_23,0.0,1.0,head
h11_18_00,0.0,1.0,head
h11_18_01,0.0,1.0,head
h11_18_02,0.0,1.0,head
h11_18_03,0.0,1.0,head
h11_18_04,0.0,1.0,head
h11_18_05,0.0,1.0,head
h11_18_06,0.0,1.0,head
h11_18_07,0.0,1.0,head
h11_18_08,0.0,1.0,head
h11_18_09,0.0,1.0,head
h11_18_10,0.0,1.0,head
h11_18_11,0.0,1.0,head
h11_18_12,0.0,1.0,head
h11_18_13,0.0,1.0,head
h11_18_14,0.0,1.0,head
h11_18_15,0.0,1.0,head
h11_18_16,0.0,1.0,head
h11_18_17,0.0,1.0,head
h11_18_18,0.0,1.0,head
h11_18_19,0.0,1.0,head
h11_18_20,0.0,1.0,head
h11_18_21,0.0,1.0,head
h11_18_22,0.0,1.0,head
h11_18_23,0.0,1.0,head
h11_19_00,0.0,1.0,head
h11_19_01,0.0,1.0,head
h11_19_02,0.0,1.0,head
h11_19_03,0.0,1.0,head
h11_19_04,0.0,1.0,head
h11_19_05,0.0,1.0,head
h11_19_06,0.0,1.0,head
h11_19_07,0.0,1.0,head
h11_19_08,0.0,1.0,head
h11_19_09,0.0,1.0,head
h11_19_10,0.0,1.0,head
h11_19_11,0.0,1.0,head
h11_19_12,0.0,1.0,head
h11_19_13,0.0,1.0,head
h11_19_14,0.0,1.0,head
h11_19_15,0.0,1.0,head
h11_19_16,0.0,1.0,head
h11_19_17,0.0,1.0,head
h11_19_18,0.0,1.0,head
h11_19_19,0.0,1.0,head
h11_19_20,0.0,1.0,head
h11_19_21,0.0,1.0,head
h11_19_22,0.0,1.0,head
h11_19_23,0.0,1.0,head
h11_20_00,0.0,1.0,head
h11_20_01,0.0,1.0,head
h11_20_02,0.0,1.0,head
h11_20_03,0.0,1.0,head
h11_20_04,0.0,1.0,head
h11_20_05,0.0,1.0,head
h11_20_06,0.0,1.0,head
h11_20_07,0.0,1.0,head
h11_20_08,0.0,1.0,head
h11_20_09,0.0,1.0,head
h11_20_10,0.0,1.0,head
h11_20_11,0.0,1.0,head
h11_20_12,0.0,1.0,head
h11_20_13,0.0,1.0,head
h11_20_14,0.0,1.0,head
h11_20_15,0.0,1.0,head
h11_20_16,0.0,1.0,head
h11_20_17,0.0,1.0,head
h11_20_18,0.0,1.0,head
h11_20_19,0.0,1.0,head
h11_20_20,0.0,1.0,head
h11_20_21,0.0,1.0,head
h11_20_22,0.0,1.0,head
h11_20_23,0.0,1.0,head
h11_21_00,0.0,1.0,head
h11_21_01,0.0,1.0,head
h11_21_02,0.0,1.0,head
h11_21_03,0.0,1.0,head
h11_21_04,0.0,1.0,head
h11_21_05,0.0,1.0,head
h11_21_06,0.0,1.0,head
h11_21_07,0.0,1.0,head
h11_21_08,0.0,1.0,head
h11_21_09,0.0,1.0,head
h11_21_10,0.0,1.0,head
h11_21_11,0.0,1.0,head
h11_21_12,0.0,1.0,head
h11_21_13,0.0,1.0,head
h11_21_14,0.0,1.0,head
h11_21_15,0.0,1.0,head
h11_21_16,0.0,1.0,head
h11_21_17,0.0,1.0,head
h11_21_18,0.0,1.0,head
h11_21_19,0.0,1.0,head
h11_21_20,0.0,1.0,head
h11_21_21,0.0,1.0,head
h11_21_22,0.0,1.0,head
h11_21_23,0.0,1.0,head
h11_22_00,0.0,1.0,head
h11_22_01,0.0,1.0,head
h11_22_02,0.0,1.0,head
h11_22_03,0.0,1.0,head
h11_22_04,0.0,1.0,head
h11_22_05,0.0,1.0,head
h11_22_06,0.0,1.0,head
h11_22_07,0.0,1.0,head
h11_22_08,0.0,1.0,head
h11_22_09,0.0,1.0,head
h11_22_10,0.0,1.0,head
h11_22_11,0.0,1.0,head
h11_22_12,0.0,1.0,head
h11_22_13,0.0,1.0,head
h11_22_14,0.0,1.0,head
h11_22_15,0.0,1.0,head
h11_22_16,0.0,1.0,head
h11_22_17,0.0,1.0,head
h11_22_18,0.0,1.0,head
h11_22_19,0.0,1.0,head
h11_22_20,0.0,1.0,head
h11_22_21,0.0,1.0,head
h11_22_22,0.0,1.0,head
h11_22_23,0.0,1.0,head
h11_23_00,0.0,1.0,head
h11_23_01,0.0,1.0,head
h11_23_02,0.0,1.0,head
h11_23_03,0.0,1.0,head
h11_23_04,0.0,1.0,head
h11_23_05,0.0,1.0,head
h11_23_06,0.0,1.0,head
h11_23_07,0.0,1.0,head
h11_23_08,0.0,1.0,head
h11_23_09,0.0,1.0,head
h11_23_10,0.0,1.0,head
h11_23_11,0.0,1.0,head
h11_23_12,0.0,1.0,head
h11_23_13,0.0,1.0,head
h11_23_14,0.0,1.0,head
h11_23_15,0.0,1.0,head
h11_23_16,0.0,1.0,head
h11_23_17,0.0,1.0,head
h11_23_18,0.0,1.0,head
h11_23_19,0.0,1.0,head
h11_23_20,0.0,1.0,head
h11_23_21,0.0,1.0,head
h11_23_22,0.0,1.0,head
h11_23_23,0.0,1.0,head
h11_24_00,0.0,1.0,head
h11_24_01,0.0,1.0,head
h11_24_02,0.0,1.0,head
h11_24_03,0.0,1.0,head
h11_24_04,0.0,1.0,head
h11_24_05,0.0,1.0,head
h11_24_06,0.0,1.0,head
h11_24_07,0.0,1.0,head
h11_24_08,0.0,1.0,head
h11_24_09,0.0,1.0,head
h11_24_10,0.0,1.0,head
h11_24_11,0.0,1.0,head
h11_24_12,0.0,1.0,head
h11_24_13,0.0,1.0,head
h11_24_14,0.0,1.0,head
h11_24_15,0.0,1.0,head
h11_24_16,0.0,1.0,head
h11_24_17,0.0,1.0,head
h11_24_18,0.0,1.0,head
h11_24_19,0.0,1.0,head
h11_24_20,0.0,1.0,head
h11_24_21,0.0,1.0,head
h11_24_22,0.0,1.0,head
h11_24_23,0.0,1.0,head
h11_25_00,0.0,1.0,head
h11_25_01,0.0,1.0,head
h11_25_02,0.0,1.0,head
h11_25_03,0.0,1.0,head
h11_25_04,0.0,1.0,head
h11_25_05,0.0,1.0,head
h11_25_06,0.0,1.0,head
h11_25_07,0.0,1.0,head
h11_25_08,0.0,1.0,head
h11_25_09,0.0,1.0,head
h11_25_10,0.0,1.0,head
h11_25_11,0.0,1.0,head
h11_25_12,0.0,1.0,head
h11_25_13,0.0,1.0,head
h11_25_14,0.0,1.0,head
h11_25_15,0.0,1.0,head
h11_25_16,0.0,1.0,head
h11_25_17,0.0,1.0,head
h11_25_18,0.0,1.0,head
h11_25_19,0.0,1.0,head
h11_25_20,0.0,1.0,head
h11_25_21,0.0,1.0,head
h11_25_22,0.0,1.0,head
h11_25_23,0.0,1.0,head
h11_26_00,0.0,1.0,head
h11_26_01,0.0,1.0,head
h11_26_02,0.0,1.0,head
h11_26_03,0.0,1.0,head
h11_26_04,0.0,1.0,head
h11_26_05,0.0,1.0,head
h11_26_06,0.0,1.0,head
h11_26_07,0.0,1.0,head
h11_26_08,0.0,1.0,head
h11_26_09,0.0,1.0,head
h11_26_10,0.0,1.0,head
h11_26_11,0.0,1.0,head
h11_26_12,0.0,1.0,head
h11_26_13,0.0,1.0,head
h11_26_14,0.0,1.0,head
h11_26_15,0.0,1.0,head
h11_26_16,0.0,1.0,head
h11_26_17,0.0,1.0,head
h11_26_18,0.0,1.0,head
h11_26_19,0.0,1.0,head
h11_26_20,0.0,1.0,head
h11_26_21,0.0,1.0,head
h11_26_22,0.0,1.0,head
h11_26_23,0.0,1.0,head
h11_27_00,0.0,1.0,head
h11_27_01,0.0,1.0,head
h11_27_02,0.0,1.0,head
h11_27_03,0.0,1.0,head
h11_27_04,0.0,1.0,head
h11_27_05,0.0,1.0,head
h11_27_06,0.0,1.0,head
h11_27_07,0.0,1.0,head
h11_27_08,0.0,1.0,head
h11_27_09,0.0,1.0,head
h11_27_10,0.0,1.0,head
h11_27_11,0.0,1.0,head
h11_27_12,0.0,1.0,head
h11_27_13,0.0,1.0,head
h11_27_14,0.0,1.0,head
h11_27_15,0.0,1.0,head
h11_27_16,0.0,1.0,head
h11_27_17,0.0,1.0,head
h11_27_18,0.0,1.0,head
h11_27_19,0.0,1.0,head
h11_27_20,0.0,1.0,head
h11_27_21,0.0,1.0,head
h11_27_22,0.0,1.0,head
h11_27_23,0.0,1.0,head
h11_28_00,0.0,1.0,head
h11_28_01,0.0,1.0,head
h11_28_02,0.0,1.0,head
h11_28_03,0.0,1.0,head
h11_28_04,0.0,1.0,head
h11_28_05,0.0,1.0,head
h11_28_06,0.0,1.0,head
h11_28_07,0.0,1.0,head
h11_28_08,0.0,1.0,head
h11_28_09,0.0,1.0,head
h11_28_10,0.0,1.0,head
h11_28_11,0.0,1.0,head
h11_28_12,0.0,1.0,head
h11_28_13,0.0,1.0,head
h11_28_14,0.0,1.0,head
h11_28_15,0.0,1.0,head
h11_28_16,0.0,1.0,head
h11_28_17,0.0,1.0,head
h11_28_18,0.0,1.0,head
h11_28_19,0.0,1.0,head
h11_28_20,0.0,1.0,head
h11_28_21,0.0,1.0,head
h11_28_22,0.0,1.0,head
h11_28_23,0.0,1.0,head
h11_29_00,0.0,1.0,head
h11_29_01,0.0,1.0,head
h11_29_02,0.0,1.0,head
h11_29_03,0.0,1.0,head
h11_29_04,0.0,1.0,head
h11_29_05,0.0,1.0,head
h11_29_06,0.0,1.0,head
h11_29_07,0.0,1.0,head
h11_29_08,0.0,1.0,head
h11_29_09,0.0,1.0,head
h11_29_10,0.0,1.0,head
h11_29_11,0.0,1.0,head
h11_29_12,0.0,1.0,head
h11_29_13,0.0,1.0,head
h11_29_14,0.0,1.0,head
h11_29_15,0.0,1.0,head
h11_29_16,0.0,1.0,head
h11_29_17,0.0,1.0,head
h11_29_18,0.0,1.0,head
h11_29_19,0.0,1.0,head
h11_29_20,0.0,1.0,head
h11_29_21,0.0,1.0,head
h11_29_22,0.0,1.0,head
h11_29_23,0.0,1.0,head
h12_00_00,0.0,1.0,head
h12_00_01,0.0,1.0,head
h12_00_02,0.0,1.0,head
h12_00_03,0.0,1.0,head
h12_00_04,0.0,1.0,head
h12_00_05,0.0,1.0,head
h12_00_06,0.0,1.0,head
h12_00_07,0.0,1.0,head
h12_00_08,0.0,1.0,head
h12_00_09,0.0,1.0,head
h12_00_10,0.0,1.0,head
h12_00_11,0.0,1.0,head
h12_00_12,0.0,1.0,head
h12_00_13,0.0,1.0,head
h12_00_14,0.0,1.0,head
h12_00_15,0.0,1.0,head
h12_00_16,0.0,1.0,head
h12_00_17,0.0,1.0,head
h12_00_18,0.0,1.0,head
h12_00_19,0.0,1.0,head
h12_00_20,0.0,1.0,head
h12_00_21,0.0,1.0,head
h12_00_22,0.0,1.0,head
h12_00_23,0.0,1.0,head
h12_01_00,0.0,1.0,head
h12_01_01,0.0,1.0,head
h12_01_02,0.0,1.0,head
h12_01_03,0.0,1.0,head
h12_01_04,0.0,1.0,head
h12_01_05,0.0,1.0,head
h12_01_06,0.0,1.0,head
h12_01_07,0.0,1.0,head
h12_01_08,0.0,1.0,head
h12_01_09,0.0,1.0,head
h12_01_10,0.0,1.0,head
h12_01_11,0.0,1.0,head
h12_01_12,0.0,1.0,head
h12_01_13,0.0,1.0,head
h12_01_14,0.0,1.0,head
h12_01_15,0.0,1.0,head
h12_01_16,0.0,1.0,head
h12_01_17,0.0,1.0,head
h12_01_18,0.0,1.0,head
h12_01_19,0.0,1.0,head
h12_01_20,0.0,1.0,head
h12_01_21,0.0,1.0,head
h12_01_22,0.0,1.0,head
h12_01_23,0.0,1.0,head
h12_02_00,0.0,1.0,head
h12_02_01,0.0,1.0,head
h12_02_02,0.0,1.0,head
h12_02_03,0.0,1.0,head
h12_02_04,0.0,1.0,head
h12_02_05,0.0,1.0,head
h12_02_06,0.0,1.0,head
h12_02_07,0.0,1.0,head
h12_02_08,0.0,1.0,head
h12_02_09,0.0,1.0,head
h12_02_10,0.0,1.0,head
h12_02_11,0.0,1.0,head
h12_02_12,0.0,1.0,head
h12_02_13,0.0,1.0,head
h12_02_14,0.0,1.0,head
h12_02_15,0.0,1.0,head
h12_02_16,0.0,1.0,head
h12_02_17,0.0,1.0,head
h12_02_18,0.0,1.0,head
h12_02_19,0.0,1.0,head
h12_02_20,0.0,1.0,head
h12_02_21,0.0,1.0,head
h12_02_22,0.0,1.0,head
h12_02_23,0.0,1.0,head
h12_03_00,0.0,1.0,head
h12_03_01,0.0,1.0,head
h12_03_02,0.0,1.0,head
h12_03_03,0.0,1.0,head
h12_03_04,0.0,1.0,head
h12_03_05,0.0,1.0,head
h12_03_06,0.0,1.0,head
h12_03_07,0.0,1.0,head
h12_03_08,0.0,1.0,head
h12_03_09,0.0,1.0,head
h12_03_10,0.0,1.0,head
h12_03_11,0.0,1.0,head
h12_03_12,0.0,1.0,head
h12_03_13,0.0,1.0,head
h12_03_14,0.0,1.0,head
h12_03_15,0.0,1.0,head
h12_03_16,0.0,1.0,head
h12_03_17,0.0,1.0,head
h12_03_18,0.0,1.0,head
h12_03_19,0.0,1.0,head
h12_03_20,0.0,1.0,head
h12_03_21,0.0,1.0,head
h12_03_22,0.0,1.0,head
h12_03_23,0.0,1.0,head
h12_04_00,0.0,1.0,head
h12_04_01,0.0,1.0,head
h12_04_02,0.0,1.0,head
h12_04_03,0.0,1.0,head
h12_04_04,0.0,1.0,head
h12_04_05,0.0,1.0,head
h12_04_06,0.0,1.0,head
h12_04_07,0.0,1.0,head
h12_04_08,0.0,1.0,head
h12_04_09,0.0,1.0,head
h12_04_10,0.0,1.0,head
h12_04_11,0.0,1.0,head
h12_04_12,0.0,1.0,head
h12_04_13,0.0,1.0,head
h12_04_14,0.0,1.0,head
h12_04_15,0.0,1.0,head
h12_04_16,0.0,1.0,head
h12_04_17,0.0,1.0,head
h12_04_18,0.0,1.0,head
h12_04_19,0.0,1.0,head
h12_04_20,0.0,1.0,head
h12_04_21,0.0,1.0,head
h12_04_22,0.0,1.0,head
h12_04_23,0.0,1.0,head
h12_05_00,0.0,1.0,head
h12_05_01,0.0,1.0,head
h12_05_02,0.0,1.0,head
h12_05_03,0.0,1.0,head
h12_05_04,0.0,1.0,head
h12_05_05,0.0,1.0,head
h12_05_06,0.0,1.0,head
h12_05_07,0.0,1.0,head
h12_05_08,0.0,1.0,head
h12_05_09,0.0,1.0,head
h12_05_10,0.0,1.0,head
h12_05_11,0.0,1.0,head
h12_05_12,0.0,1.0,head
h12_05_13,0.0,1.0,head
h12_05_14,0.0,1.0,head
h12_05_15,0.0,1.0,head
h12_05_16,0.0,1.0,head
h12_05_17,0.0,1.0,head
h12_05_18,0.0,1.0,head
h12_05_19,0.0,1.0,head
h12_05_20,0.0,1.0,head
h12_05_21,0.0,1.0,head
h12_05_22,0.0,1.0,head
h12_05_23,0.0,1.0,head
h12_06_00,0.0,1.0,head
h12_06_01,0.0,1.0,head
h12_06_02,0.0,1.0,head
h12_06_03,0.0,1.0,head
h12_06_04,0.0,1.0,head
h12_06_05,0.0,1.0,head
h12_06_06,0.0,1.0,head
h12_06_07,0.0,1.0,head
h12_06_08,0.0,1.0,head
h12_06_09,0.0,1.0,head
h12_06_10,0.0,1.0,head
h12_06_11,0.0,1.0,head
h12_06_12,0.0,1.0,head
h12_06_13,0.0,1.0,head
h12_06_14,0.0,1.0,head
h12_06_15,0.0,1.0,head
h12_06_16,0.0,1.0,head
h12_06_17,0.0,1.0,head
h12_06_18,0.0,1.0,head
h12_06_19,0.0,1.0,head
h12_06_20,0.0,1.0,head
h12_06_21,0.0,1.0,head
h12_06_22,0.0,1.0,head
h12_06_23,0.0,1.0,head
h12_07_00,0.0,1.0,head
h12_07_01,0.0,1.0,head
h12_07_02,0.0,1.0,head
h12_07_03,0.0,1.0,head
h12_07_04,0.0,1.0,head
h12_07_05,0.0,1.0,head
h12_07_06,0.0,1.0,head
h12_07_07,0.0,1.0,head
h12_07_08,0.0,1.0,head
h12_07_09,0.0,1.0,head
h12_07_10,0.0,1.0,head
h12_07_11,0.0,1.0,head
h12_07_12,0.0,1.0,head
h12_07_13,0.0,1.0,head
h12_07_14,0.0,1.0,head
h12_07_15,0.0,1.0,head
h12_07_16,0.0,1.0,head
h12_07_17,0.0,1.0,head
h12_07_18,0.0,1.0,head
h12_07_19,0.0,1.0,head
h12_07_20,0.0,1.0,head
h12_07_21,0.0,1.0,head
h12_07_22,0.0,1.0,head
h12_07_23,0.0,1.0,head
h12_08_00,0.0,1.0,head
h12_08_01,0.0,1.0,head
h12_08_02,0.0,1.0,head
h12_08_03,0.0,1.0,head
h12_08_04,0.0,1.0,head
h12_08_05,0.0,1.0,head
h12_08_06,0.0,1.0,head
h12_08_07,0.0,1.0,head
h12_08_08,0.0,1.0,head
h12_08_09,0.0,1.0,head
h12_08_10,0.0,1.0,head
h12_08_11,0.0,1.0,head
h12_08_12,0.0,1.0,head
h12_08_13,0.0,1.0,head
h12_08_14,0.0,1.0,head
h12_08_15,0.0,1.0,head
h12_08_16,0.0,1.0,head
h12_08_17,0.0,1.0,head
h12_08_18,0.0,1.0,head
h12_08_19,0.0,1.0,head
h12_08_20,0.0,1.0,head
h12_08_21,0.0,1.0,head
h12_08_22,0.0,1.0,head
h12_08_23,0.0,1.0,head
h12_09_00,0.0,1.0,head
h12_09_01,0.0,1.0,head
h12_09_02,0.0,1.0,head
h12_09_03,0.0,1.0,head
h12_09_04,0.0,1.0,head
h12_09_05,0.0,1.0,head
h12_09_06,0.0,1.0,head
h12_09_07,0.0,1.0,head
h12_09_08,0.0,1.0,head
h12_09_09,0.0,1.0,head
h12_09_10,0.0,1.0,head
h12_09_11,0.0,1.0,head
h12_09_12,0.0,1.0,head
h12_09_13,0.0,1.0,head
h12_09_14,0.0,1.0,head
h12_09_15,0.0,1.0,head
h12_09_16,0.0,1.0,head
h12_09_17,0.0,1.0,head
h12_09_18,0.0,1.0,head
h12_09_19,0.0,1.0,head
h12_09_20,0.0,1.0,head
h12_09_21,0.0,1.0,head
h12_09_22,0.0,1.0,head
h12_09_23,0.0,1.0,head
h12_10_00,0.0,1.0,head
h12_10_01,0.0,1.0,head
h12_10_02,0.0,1.0,head
h12_10_03,0.0,1.0,head
h12_10_04,0.0,1.0,head
h12_10_05,0.0,1.0,head
h12_10_06,0.0,1.0,head
h12_10_07,0.0,1.0,head
h12_10_08,0.0,1.0,head
h12_10_09,0.0,1.0,head
h12_10_10,0.0,1.0,head
h12_10_11,0.0,1.0,head
h12_10_12,0.0,1.0,head
h12_10_13,0.0,1.0,head
h12_10_14,0.0,1.0,head
h12_10_15,0.0,1.0,head
h12_10_16,0.0,1.0,head
h12_10_17,0.0,1.0,head
h12_10_18,0.0,1.0,head
h12_10_19,0.0,1.0,head
h12_10_20,0.0,1.0,head
h12_10_21,0.0,1.0,head
h12_10_22,0.0,1.0,head
h12_10_23,0.0,1.0,head
h12_11_00,0.0,1.0,head
h12_11_01,0.0,1.0,head
h12_11_02,0.0,1.0,head
h12_11_03,0.0,1.0,head
h12_11_04,0.0,1.0,head
h12_11_05,0.0,1.0,head
h12_11_06,0.0,1.0,head
h12_11_07,0.0,1.0,head
h12_11_08,0.0,1.0,head
h12_11_09,0.0,1.0,head
h12_11_10,0.0,1.0,head
h12_11_11,0.0,1.0,head
h12_11_12,0.0,1.0,head
h12_11_13,0.0,1.0,head
h12_11_14,0.0,1.0,head
h12_11_15,0.0,1.0,head
h12_11_16,0.0,1.0,head
h12_11_17,0.0,1.0,head
h12_11_18,0.0,1.0,head
h12_11_19,0.0,1.0,head
h12_11_20,0.0,1.0,head
h12_11_21,0.0,1.0,head
h12_11_22,0.0,1.0,head
h12_11_23,0.0,1.0,head
h12_12_00,0.0,1.0,head
h12_12_01,0.0,1.0,head
h12_12_02,0.0,1.0,head
h12_12_03,0.0,1.0,head
h12_12_04,0.0,1.0,head
h12_12_05,0.0,1.0,head
h12_12_06,0.0,1.0,head
h12_12_07,0.0,1.0,head
h12_12_08,0.0,1.0,head
h12_12_09,0.0,1.0,head
h12_12_10,0.0,1.0,head
h12_12_11,0.0,1.0,head
h12_12_12,0.0,1.0,head
h12_12_13,0.0,1.0,head
h12_12_14,0.0,1.0,head
h12_12_15,0.0,1.0,head
h12_12_16,0.0,1.0,head
h12_12_17,0.0,1.0,head
h12_12_18,0.0,1.0,head
h12_12_19,0.0,1.0,head
h12_12_20,0.0,1.0,head
h12_12_21,0.0,1.0,head
h12_12_22,0.0,1.0,head
h12_12_23,0.0,1.0,head
h12_13_00,0.0,1.0,head
h12_13_01,0.0,1.0,head
h12_13_02,0.0,1.0,head
h12_13_03,0.0,1.0,head
h12_13_04,0.0,1.0,head
h12_13_05,0.0,1.0,head
h12_13_06,0.0,1.0,head
h12_13_07,0.0,1.0,head
h12_13_08,0.0,1.0,head
h12_13_09,0.0,1.0,head
h12_13_10,0.0,1.0,head
h12_13_11,0.0,1.0,head
h12_13_12,0.0,1.0,head
h12_13_13,0.0,1.0,head
h12_13_14,0.0,1.0,head
h12_13_15,0.0,1.0,head
h12_13_16,0.0,1.0,head
h12_13_17,0.0,1.0,head
h12_13_18,0.0,1.0,head
h12_13_19,0.0,1.0,head
h12_13_20,0.0,1.0,head
h12_13_21,0.0,1.0,head
h12_13_22,0.0,1.0,head
h12_13_23,0.0,1.0,head
h12_14_00,0.0,1.0,head
h12_14_01,0.0,1.0,head
h12_14_02,0.0,1.0,head
h12_14_03,0.0,1.0,head
h12_14_04,0.0,1.0,head
h12_14_05,0.0,1.0,head
h12_14_06,0.0,1.0,head
h12_14_07,0.0,1.0,head
h12_14_08,0.0,1.0,head
h12_14_09,0.0,1.0,head
h12_14_10,0.0,1.0,head
h12_14_11,0.0,1.0,head
h12_14_12,0.0,1.0,head
h12_14_13,0.0,1.0,head
h12_14_14,0.0,1.0,head
h12_14_15,0.0,1.0,head
h12_14_16,0.0,1.0,head
h12_14_17,0.0,1.0,head
h12_14_18,0.0,1.0,head
h12_14_19,0.0,1.0,head
h12_14_20,0.0,1.0,head
h12_14_21,0.0,1.0,head
h12_14_22,0.0,1.0,head
h12_14_23,0.0,1.0,head
h12_15_00,0.0,1.0,head
h12_15_01,0.0,1.0,head
h12_15_02,0.0,1.0,head
h12_15_03,0.0,1.0,head
h12_15_04,0.0,1.0,head
h12_15_05,0.0,1.0,head
h12_15_06,0.0,1.0,head
h12_15_07,0.0,1.0,head
h12_15_08,0.0,1.0,head
h12_15_09,0.0,1.0,head
h12_15_10,0.0,1.0,head
h12_15_11,0.0,1.0,head
h12_15_12,0.0,1.0,head
h12_15_13,0.0,1.0,head
h12_15_14,0.0,1.0,head
h12_15_15,0.0,1.0,head
h12_15_16,0.0,1.0,head
h12_15_17,0.0,1.0,head
h12_15_18,0.0,1.0,head
h12_15_19,0.0,1.0,head
h12_15_20,0.0,1.0,head
h12_15_21,0.0,1.0,head
h12_15_22,0.0,1.0,head
h12_15_23,0.0,1.0,head
h12_16_00,0.0,1.0,head
h12_16_01,0.0,1.0,head
h12_16_02,0.0,1.0,head
h12_16_03,0.0,1.0,head
h12_16_04,0.0,1.0,head
h12_16_05,0.0,1.0,head
h12_16_06,0.0,1.0,head
h12_16_07,0.0,1.0,head
h12_16_08,0.0,1.0,head
h12_16_09,0.0,1.0,head
h12_16_10,0.0,1.0,head
h12_16_11,0.0,1.0,head
h12_16_12,0.0,1.0,head
h12_16_13,0.0,1.0,head
h12_16_14,0.0,1.0,head
h12_16_15,0.0,1.0,head
h12_16_16,0.0,1.0,head
h12_16_17,0.0,1.0,head
h12_16_18,0.0,1.0,head
h12_16_19,0.0,1.0,head
h12_16_20,0.0,1.0,head
h12_16_21,0.0,1.0,head
h12_16_22,0.0,1.0,head
h12_16_23,0.0,1.0,head
h12_17_00,0.0,1.0,head
h12_17_01,0.0,1.0,head
h12_17_02,0.0,1.0,head
h12_17_03,0.0,1.0,head
h12_17_04,0.0,1.0,head
h12_17_05,0.0,1.0,head
h12_17_06,0.0,1.0,head
h12_17_07,0.0,1.0,head
h12_17_08,0.0,1.0,head
h12_17_09,0.0,1.0,head
h12_17_10,0.0,1.0,head
h12_17_11,0.0,1.0,head
h12_17_12,0.0,1.0,head
h12_17_13,0.0,1.0,head
h12_17_14,0.0,1.0,head
h12_17_15,0.0,1.0,head
h12_17_16,0.0,1.0,head
h12_17_17,0.0,1.0,head
h12_17_18,0.0,1.0,head
h12_17_19,0.0,1.0,head
h12_17_20,0.0,1.0,head
h12_17_21,0.0,1.0,head
h12_17_22,0.0,1.0,head
h12_17_23,0.0,1.0,head
h12_18_00,0.0,1.0,head
h12_18_01,0.0,1.0,head
h12_18_02,0.0,1.0,head
h12_18_03,0.0,1.0,head
h12_18_04,0.0,1.0,head
h12_18_05,0.0,1.0,head
h12_18_06,0.0,1.0,head
h12_18_07,0.0,1.0,head
h12_18_08,0.0,1.0,head
h12_18_09,0.0,1.0,head
h12_18_10,0.0,1.0,head
h12_18_11,0.0,1.0,head
h12_18_12,0.0,1.0,head
h12_18_13,0.0,1.0,head
h12_18_14,0.0,1.0,head
h12_18_15,0.0,1.0,head
h12_18_16,0.0,1.0,head
h12_18_17,0.0,1.0,head
h12_18_18,0.0,1.0,head
h12_18_19,0.0,1.0,head
h12_18_20,0.0,1.0,head
h12_18_21,0.0,1.0,head
h12_18_22,0.0,1.0,head
h12_18_23,0.0,1.0,head
h12_19_00,0.0,1.0,head
h12_19_01,0.0,1.0,head
h12_19_02,0.0,1.0,head
h12_19_03,0.0,1.0,head
h12_19_04,0.0,1.0,head
h12_19_05,0.0,1.0,head
h12_19_06,0.0,1.0,head
h12_19_07,0.0,1.0,head
h12_19_08,0.0,1.0,head
h12_19_09,0.0,1.0,head
h12_19_10,0.0,1.0,head
h12_19_11,0.0,1.0,head
h12_19_12,0.0,1.0,head
h12_19_13,0.0,1.0,head
h12_19_14,0.0,1.0,head
h12_19_15,0.0,1.0,head
h12_19_16,0.0,1.0,head
h12_19_17,0.0,1.0,head
h12_19_18,0.0,1.0,head
h12_19_19,0.0,1.0,head
h12_19_20,0.0,1.0,head
h12_19_21,0.0,1.0,head
h12_19_22,0.0,1.0,head
h12_19_23,0.0,1.0,head
h12_20_00,0.0,1.0,head
h12_20_01,0.0,1.0,head
h12_20_02,0.0,1.0,head
h12_20_03,0.0,1.0,head
h12_20_04,0.0,1.0,head
h12_20_05,0.0,1.0,head
h12_20_06,0.0,1.0,head
h12_20_07,0.0,1.0,head
h12_20_08,0.0,1.0,head
h12_20_09,0.0,1.0,head
h12_20_10,0.0,1.0,head
h12_20_11,0.0,1.0,head
h12_20_12,0.0,1.0,head
h12_20_13,0.0,1.0,head
h12_20_14,0.0,1.0,head
h12_20_15,0.0,1.0,head
h12_20_16,0.0,1.0,head
h12_20_17,0.0,1.0,head
h12_20_18,0.0,1.0,head
h12_20_19,0.0,1.0,head
h12_20_20,0.0,1.0,head
h12_20_21,0.0,1.0,head
h12_20_22,0.0,1.0,head
h12_20_23,0.0,1.0,head
h12_21_00,0.0,1.0,head
h12_21_01,0.0,1.0,head
h12_21_02,0.0,1.0,head
h12_21_03,0.0,1.0,head
h12_21_04,0.0,1.0,head
h12_21_05,0.0,1.0,head
h12_21_06,0.0,1.0,head
h12_21_07,0.0,1.0,head
h12_21_08,0.0,1.0,head
h12_21_09,0.0,1.0,head
h12_21_10,0.0,1.0,head
h12_21_11,0.0,1.0,head
h12_21_12,0.0,1.0,head
h12_21_13,0.0,1.0,head
h12_21_14,0.0,1.0,head
h12_21_15,0.0,1.0,head
h12_21_16,0.0,1.0,head
h12_21_17,0.0,1.0,head
h12_21_18,0.0,1.0,head
h12_21_19,0.0,1.0,head
h12_21_20,0.0,1.0,head
h12_21_21,0.0,1.0,head
h12_21_22,0.0,1.0,head
h12_21_23,0.0,1.0,head
h12_22_00,0.0,1.0,head
h12_22_01,0.0,1.0,head
h12_22_02,0.0,1.0,head
h12_22_03,0.0,1.0,head
h12_22_04,0.0,1.0,head
h12_22_05,0.0,1.0,head
h12_22_06,0.0,1.0,head
h12_22_07,0.0,1.0,head
h12_22_08,0.0,1.0,head
h12_22_09,0.0,1.0,head
h12_22_10,0.0,1.0,head
h12_22_11,0.0,1.0,head
h12_22_12,0.0,1.0,head
h12_22_13,0.0,1.0,head
h12_22_14,0.0,1.0,head
h12_22_15,0.0,1.0,head
h12_22_16,0.0,1.0,head
h12_22_17,0.0,1.0,head
h12_22_18,0.0,1.0,head
h12_22_19,0.0,1.0,head
h12_22_20,0.0,1.0,head
h12_22_21,0.0,1.0,head
h12_22_22,0.0,1.0,head
h12_22_23,0.0,1.0,head
h12_23_00,0.0,1.0,head
h12_23_01,0.0,1.0,head
h12_23_02,0.0,1.0,head
h12_23_03,0.0,1.0,head
h12_23_04,0.0,1.0,head
h12_23_05,0.0,1.0,head
h12_23_06,0.0,1.0,head
h12_23_07,0.0,1.0,head
h12_23_08,0.0,1.0,head
h12_23_09,0.0,1.0,head
h12_23_10,0.0,1.0,head
h12_23_11,0.0,1.0,head
h12_23_12,0.0,1.0,head
h12_23_13,0.0,1.0,head
h12_23_14,0.0,1.0,head
h12_23_15,0.0,1.0,head
h12_23_16,0.0,1.0,head
h12_23_17,0.0,1.0,head
h12_23_18,0.0,1.0,head
h12_23_19,0.0,1.0,head
h12_23_20,0.0,1.0,head
h12_23_21,0.0,1.0,head
h12_23_22,0.0,1.0,head
h12_23_23,0.0,1.0,head
h12_24_00,0.0,1.0,head
h12_24_01,0.0,1.0,head
h12_24_02,0.0,1.0,head
h12_24_03,0.0,1.0,head
h12_24_04,0.0,1.0,head
h12_24_05,0.0,1.0,head
h12_24_06,0.0,1.0,head
h12_24_07,0.0,1.0,head
h12_24_08,0.0,1.0,head
h12_24_09,0.0,1.0,head
h12_24_10,0.0,1.0,head
h12_24_11,0.0,1.0,head
h12_24_12,0.0,1.0,head
h12_24_13,0.0,1.0,head
h12_24_14,0.0,1.0,head
h12_24_15,0.0,1.0,head
h12_24_16,0.0,1.0,head
h12_24_17,0.0,1.0,head
h12_24_18,0.0,1.0,head
h12_24_19,0.0,1.0,head
h12_24_20,0.0,1.0,head
h12_24_21,0.0,1.0,head
h12_24_22,0.0,1.0,head
h12_24_23,0.0,1.0,head
h12_25_00,0.0,1.0,head
h12_25_01,0.0,1.0,head
h12_25_02,0.0,1.0,head
h12_25_03,0.0,1.0,head
h12_25_04,0.0,1.0,head
h12_25_05,0.0,1.0,head
h12_25_06,0.0,1.0,head
h12_25_07,0.0,1.0,head
h12_25_08,0.0,1.0,head
h12_25_09,0.0,1.0,head
h12_25_10,0.0,1.0,head
h12_25_11,0.0,1.0,head
h12_25_12,0.0,1.0,head
h12_25_13,0.0,1.0,head
h12_25_14,0.0,1.0,head
h12_25_15,0.0,1.0,head
h12_25_16,0.0,1.0,head
h12_25_17,0.0,1.0,head
h12_25_18,0.0,1.0,head
h12_25_19,0.0,1.0,head
h12_25_20,0.0,1.0,head
h12_25_21,0.0,1.0,head
h12_25_22,0.0,1.0,head
h12_25_23,0.0,1.0,head
h12_26_00,0.0,1.0,head
h12_26_01,0.0,1.0,head
h12_26_02,0.0,1.0,head
h12_26_03,0.0,1.0,head
h12_26_04,0.0,1.0,head
h12_26_05,0.0,1.0,head
h12_26_06,0.0,1.0,head
h12_26_07,0.0,1.0,head
h12_26_08,0.0,1.0,head
h12_26_09,0.0,1.0,head
h12_26_10,0.0,1.0,head
h12_26_11,0.0,1.0,head
h12_26_12,0.0,1.0,head
h12_26_13,0.0,1.0,head
h12_26_14,0.0,1.0,head
h12_26_15,0.0,1.0,head
h12_26_16,0.0,1.0,head
h12_26_17,0.0,1.0,head
h12_26_18,0.0,1.0,head
h12_26_19,0.0,1.0,head
h12_26_20,0.0,1.0,head
h12_26_21,0.0,1.0,head
h12_26_22,0.0,1.0,head
h12_26_23,0.0,1.0,head
h12_27_00,0.0,1.0,head
h12_27_01,0.0,1.0,head
h12_27_02,0.0,1.0,head
h12_27_03,0.0,1.0,head
h12_27_04,0.0,1.0,head
h12_27_05,0.0,1.0,head
h12_27_06,0.0,1.0,head
h12_27_07,0.0,1.0,head
h12_27_08,0.0,1.0,head
h12_27_09,0.0,1.0,head
h12_27_10,0.0,1.0,head
h12_27_11,0.0,1.0,head
h12_27_12,0.0,1.0,head
h12_27_13,0.0,1.0,head
h12_27_14,0.0,1.0,head
h12_27_15,0.0,1.0,head
h12_27_16,0.0,1.0,head
h12_27_17,0.0,1.0,head
h12_27_18,0.0,1.0,head
h12_27_19,0.0,1.0,head
h12_27_20,0.0,1.0,head
h12_27_21,0.0,1.0,head
h12_27_22,0.0,1.0,head
h12_27_23,0.0,1.0,head
h12_28_00,0.0,1.0,head
h12_28_01,0.0,1.0,head
h12_28_02,0.0,1.0,head
h12_28_03,0.0,1.0,head
h12_28_04,0.0,1.0,head
h12_28_05,0.0,1.0,head
h12_28_06,0.0,1.0,head
h12_28_07,0.0,1.0,head
h12_28_08,0.0,1.0,head
h12_28_09,0.0,1.0,head
h12_28_10,0.0,1.0,head
h12_28_11,0.0,1.0,head
h12_28_12,0.0,1.0,head
h12_28_13,0.0,1.0,head
h12_28_14,0.0,1.0,head
h12_28_15,0.0,1.0,head
h12_28_16,0.0,1.0,head
h12_28_17,0.0,1.0,head
h12_28_18,0.0,1.0,head
h12_28_19,0.0,1.0,head
h12_28_20,0.0,1.0,head
h12_28_21,0.0,1.0,head
h12_28_22,0.0,1.0,head
h12_28_23,0.0,1.0,head
h12_29_00,0.0,1.0,head
h12_29_01,0.0,1.0,head
h12_29_02,0.0,1.0,head
h12_29_03,0.0,1.0,head
h12_29_04,0.0,1.0,head
h12_29_05,0.0,1.0,head
h12_29_06,0.0,1.0,head
h12_29_07,0.0,1.0,head
h12_29_08,0.0,1.0,head
h12_29_09,0.0,1.0,head
h12_29_10,0.0,1.0,head
h12_29_11,0.0,1.0,head
h12_29_12,0.0,1.0,head
h12_29_13,0.0,1.0,head
h12_29_14,0.0,1.0,head
h12_29_15,0.0,1.0,head
h12_29_16,0.0,1.0,head
h12_29_17,0.0,1.0,head
h12_29_18,0.0,1.0,head
h12_29_19,0.0,1.0,head
h12_29_20,0.0,1.0,head
h12_29_21,0.0,1.0,head
h12_29_22,0.0,1.0,head
h12_29_23,0.0,1.0,head
h13_00_00,0.0,1.0,head
h13_00_01,0.0,1.0,head
h13_00_02,0.0,1.0,head
h13_00_03,0.0,1.0,head
h13_00_04,0.0,1.0,head
h13_00_05,0.0,1.0,head
h13_00_06,0.0,1.0,head
h13_00_07,0.0,1.0,head
h13_00_08,0.0,1.0,head
h13_00_09,0.0,1.0,head
h13_00_10,0.0,1.0,head
h13_00_11,0.0,1.0,head
h13_00_12,0.0,1.0,head
h13_00_13,0.0,1.0,head
h13_00_14,0.0,1.0,head
h13_00_15,0.0,1.0,head
h13_00_16,0.0,1.0,head
h13_00_17,0.0,1.0,head
h13_00_18,0.0,1.0,head
h13_00_19,0.0,1.0,head
h13_00_20,0.0,1.0,head
h13_00_21,0.0,1.0,head
h13_00_22,0.0,1.0,head
h13_00_23,0.0,1.0,head
h13_01_00,0.0,1.0,head
h13_01_01,0.0,1.0,head
h13_01_02,0.0,1.0,head
h13_01_03,0.0,1.0,head
h13_01_04,0.0,1.0,head
h13_01_05,0.0,1.0,head
h13_01_06,0.0,1.0,head
h13_01_07,0.0,1.0,head
h13_01_08,0.0,1.0,head
h13_01_09,0.0,1.0,head
h13_01_10,0.0,1.0,head
h13_01_11,0.0,1.0,head
h13_01_12,0.0,1.0,head
h13_01_13,0.0,1.0,head
h13_01_14,0.0,1.0,head
h13_01_15,0.0,1.0,head
h13_01_16,0.0,1.0,head
h13_01_17,0.0,1.0,head
h13_01_18,0.0,1.0,head
h13_01_19,0.0,1.0,head
h13_01_20,0.0,1.0,head
h13_01_21,0.0,1.0,head
h13_01_22,0.0,1.0,head
h13_01_23,0.0,1.0,head
h13_02_00,0.0,1.0,head
h13_02_01,0.0,1.0,head
h13_02_02,0.0,1.0,head
h13_02_03,0.0,1.0,head
h13_02_04,0.0,1.0,head
h13_02_05,0.0,1.0,head
h13_02_06,0.0,1.0,head
h13_02_07,0.0,1.0,head
h13_02_08,0.0,1.0,head
h13_02_09,0.0,1.0,head
h13_02_10,0.0,1.0,head
h13_02_11,0.0,1.0,head
h13_02_12,0.0,1.0,head
h13_02_13,0.0,1.0,head
h13_02_14,0.0,1.0,head
h13_02_15,0.0,1.0,head
h13_02_16,0.0,1.0,head
h13_02_17,0.0,1.0,head
h13_02_18,0.0,1.0,head
h13_02_19,0.0,1.0,head
h13_02_20,0.0,1.0,head
h13_02_21,0.0,1.0,head
h13_02_22,0.0,1.0,head
h13_02_23,0.0,1.0,head
h13_03_00,0.0,1.0,head
h13_03_01,0.0,1.0,head
h13_03_02,0.0,1.0,head
h13_03_03,0.0,1.0,head
h13_03_04,0.0,1.0,head
h13_03_05,0.0,1.0,head
h13_03_06,0.0,1.0,head
h13_03_07,0.0,1.0,head
h13_03_08,0.0,1.0,head
h13_03_09,0.0,1.0,head
h13_03_10,0.0,1.0,head
h13_03_11,0.0,1.0,head
h13_03_12,0.0,1.0,head
h13_03_13,0.0,1.0,head
h13_03_14,0.0,1.0,head
h13_03_15,0.0,1.0,head
h13_03_16,0.0,1.0,head
h13_03_17,0.0,1.0,head
h13_03_18,0.0,1.0,head
h13_03_19,0.0,1.0,head
h13_03_20,0.0,1.0,head
h13_03_21,0.0,1.0,head
h13_03_22,0.0,1.0,head
h13_03_23,0.0,1.0,head
h13_04_00,0.0,1.0,head
h13_04_01,0.0,1.0,head
h13_04_02,0.0,1.0,head
h13_04_03,0.0,1.0,head
h13_04_04,0.0,1.0,head
h13_04_05,0.0,1.0,head
h13_04_06,0.0,1.0,head
h13_04_07,0.0,1.0,head
h13_04_08,0.0,1.0,head
h13_04_09,0.0,1.0,head
h13_04_10,0.0,1.0,head
h13_04_11,0.0,1.0,head
h13_04_12,0.0,1.0,head
h13_04_13,0.0,1.0,head
h13_04_14,0.0,1.0,head
h13_04_15,0.0,1.0,head
h13_04_16,0.0,1.0,head
h13_04_17,0.0,1.0,head
h13_04_18,0.0,1.0,head
h13_04_19,0.0,1.0,head
h13_04_20,0.0,1.0,head
h13_04_21,0.0,1.0,head
h13_04_22,0.0,1.0,head
h13_04_23,0.0,1.0,head
h13_05_00,0.0,1.0,head
h13_05_01,0.0,1.0,head
h13_05_02,0.0,1.0,head
h13_05_03,0.0,1.0,head
h13_05_04,0.0,1.0,head
h13_05_05,0.0,1.0,head
h13_05_06,0.0,1.0,head
h13_05_07,0.0,1.0,head
h13_05_08,0.0,1.0,head
h13_05_09,0.0,1.0,head
h13_05_10,0.0,1.0,head
h13_05_11,0.0,1.0,head
h13_05_12,0.0,1.0,head
h13_05_13,0.0,1.0,head
h13_05_14,0.0,1.0,head
h13_05_15,0.0,1.0,head
h13_05_16,0.0,1.0,head
h13_05_17,0.0,1.0,head
h13_05_18,0.0,1.0,head
h13_05_19,0.0,1.0,head
h13_05_20,0.0,1.0,head
h13_05_21,0.0,1.0,head
h13_05_22,0.0,1.0,head
h13_05_23,0.0,1.0,head
h13_06_00,0.0,1.0,head
h13_06_01,0.0,1.0,head
h13_06_02,0.0,1.0,head
h13_06_03,0.0,1.0,head
h13_06_04,0.0,1.0,head
h13_06_05,0.0,1.0,head
h13_06_06,0.0,1.0,head
h13_06_07,0.0,1.0,head
h13_06_08,0.0,1.0,head
h13_06_09,0.0,1.0,head
h13_06_10,0.0,1.0,head
h13_06_11,0.0,1.0,head
h13_06_12,0.0,1.0,head
h13_06_13,0.0,1.0,head
h13_06_14,0.0,1.0,head
h13_06_15,0.0,1.0,head
h13_06_16,0.0,1.0,head
h13_06_17,0.0,1.0,head
h13_06_18,0.0,1.0,head
h13_06_19,0.0,1.0,head
h13_06_20,0.0,1.0,head
h13_06_21,0.0,1.0,head
h13_06_22,0.0,1.0,head
h13_06_23,0.0,1.0,head
h13_07_00,0.0,1.0,head
h13_07_01,0.0,1.0,head
h13_07_02,0.0,1.0,head
h13_07_03,0.0,1.0,head
h13_07_04,0.0,1.0,head
h13_07_05,0.0,1.0,head
h13_07_06,0.0,1.0,head
h13_07_07,0.0,1.0,head
h13_07_08,0.0,1.0,head
h13_07_09,0.0,1.0,head
h13_07_10,0.0,1.0,head
h13_07_11,0.0,1.0,head
h13_07_12,0.0,1.0,head
h13_07_13,0.0,1.0,head
h13_07_14,0.0,1.0,head
h13_07_15,0.0,1.0,head
h13_07_16,0.0,1.0,head
h13_07_17,0.0,1.0,head
h13_07_18,0.0,1.0,head
h13_07_19,0.0,1.0,head
h13_07_20,0.0,1.0,head
h13_07_21,0.0,1.0,head
h13_07_22,0.0,1.0,head
h13_07_23,0.0,1.0,head
h13_08_00,0.0,1.0,head
h13_08_01,0.0,1.0,head
h13_08_02,0.0,1.0,head
h13_08_03,0.0,1.0,head
h13_08_04,0.0,1.0,head
h13_08_05,0.0,1.0,head
h13_08_06,0.0,1.0,head
h13_08_07,0.0,1.0,head
h13_08_08,0.0,1.0,head
h13_08_09,0.0,1.0,head
h13_08_10,0.0,1.0,head
h13_08_11,0.0,1.0,head
h13_08_12,0.0,1.0,head
h13_08_13,0.0,1.0,head
h13_08_14,0.0,1.0,head
h13_08_15,0.0,1.0,head
h13_08_16,0.0,1.0,head
h13_08_17,0.0,1.0,head
h13_08_18,0.0,1.0,head
h13_08_19,0.0,1.0,head
h13_08_20,0.0,1.0,head
h13_08_21,0.0,1.0,head
h13_08_22,0.0,1.0,head
h13_08_23,0.0,1.0,head
h13_09_00,0.0,1.0,head
h13_09_01,0.0,1.0,head
h13_09_02,0.0,1.0,head
h13_09_03,0.0,1.0,head
h13_09_04,0.0,1.0,head
h13_09_05,0.0,1.0,head
h13_09_06,0.0,1.0,head
h13_09_07,0.0,1.0,head
h13_09_08,0.0,1.0,head
h13_09_09,0.0,1.0,head
h13_09_10,0.0,1.0,head
h13_09_11,0.0,1.0,head
h13_09_12,0.0,1.0,head
h13_09_13,0.0,1.0,head
h13_09_14,0.0,1.0,head
h13_09_15,0.0,1.0,head
h13_09_16,0.0,1.0,head
h13_09_17,0.0,1.0,head
h13_09_18,0.0,1.0,head
h13_09_19,0.0,1.0,head
h13_09_20,0.0,1.0,head
h13_09_21,0.0,1.0,head
h13_09_22,0.0,1.0,head
h13_09_23,0.0,1.0,head
h13_10_00,0.0,1.0,head
h13_10_01,0.0,1.0,head
h13_10_02,0.0,1.0,head
h13_10_03,0.0,1.0,head
h13_10_04,0.0,1.0,head
h13_10_05,0.0,1.0,head
h13_10_06,0.0,1.0,head
h13_10_07,0.0,1.0,head
h13_10_08,0.0,1.0,head
h13_10_09,0.0,1.0,head
h13_10_10,0.0,1.0,head
h13_10_11,0.0,1.0,head
h13_10_12,0.0,1.0,head
h13_10_13,0.0,1.0,head
h13_10_14,0.0,1.0,head
h13_10_15,0.0,1.0,head
h13_10_16,0.0,1.0,head
h13_10_17,0.0,1.0,head
h13_10_18,0.0,1.0,head
h13_10_19,0.0,1.0,head
h13_10_20,0.0,1.0,head
h13_10_21,0.0,1.0,head
h13_10_22,0.0,1.0,head
h13_10_23,0.0,1.0,head
h13_11_00,0.0,1.0,head
h13_11_01,0.0,1.0,head
h13_11_02,0.0,1.0,head
h13_11_03,0.0,1.0,head
h13_11_04,0.0,1.0,head
h13_11_05,0.0,1.0,head
h13_11_06,0.0,1.0,head
h13_11_07,0.0,1.0,head
h13_11_08,0.0,1.0,head
h13_11_09,0.0,1.0,head
h13_11_10,0.0,1.0,head
h13_11_11,0.0,1.0,head
h13_11_12,0.0,1.0,head
h13_11_13,0.0,1.0,head
h13_11_14,0.0,1.0,head
h13_11_15,0.0,1.0,head
h13_11_16,0.0,1.0,head
h13_11_17,0.0,1.0,head
h13_11_18,0.0,1.0,head
h13_11_19,0.0,1.0,head
h13_11_20,0.0,1.0,head
h13_11_21,0.0,1.0,head
h13_11_22,0.0,1.0,head
h13_11_23,0.0,1.0,head
h13_12_00,0.0,1.0,head
h13_12_01,0.0,1.0,head
h13_12_02,0.0,1.0,head
h13_12_03,0.0,1.0,head
h13_12_04,0.0,1.0,head
h13_12_05,0.0,1.0,head
h13_12_06,0.0,1.0,head
h13_12_07,0.0,1.0,head
h13_12_08,0.0,1.0,head
h13_12_09,0.0,1.0,head
h13_12_10,0.0,1.0,head
h13_12_11,0.0,1.0,head
h13_12_12,0.0,1.0,head
h13_12_13,0.0,1.0,head
h13_12_14,0.0,1.0,head
h13_12_15,0.0,1.0,head
h13_12_16,0.0,1.0,head
h13_12_17,0.0,1.0,head
h13_12_18,0.0,1.0,head
h13_12_19,0.0,1.0,head
h13_12_20,0.0,1.0,head
h13_12_21,0.0,1.0,head
h13_12_22,0.0,1.0,head
h13_12_23,0.0,1.0,head
h13_13_00,0.0,1.0,head
h13_13_01,0.0,1.0,head
h13_13_02,0.0,1.0,head
h13_13_03,0.0,1.0,head
h13_13_04,0.0,1.0,head
h13_13_05,0.0,1.0,head
h13_13_06,0.0,1.0,head
h13_13_07,0.0,1.0,head
h13_13_08,0.0,1.0,head
h13_13_09,0.0,1.0,head
h13_13_10,0.0,1.0,head
h13_13_11,0.0,1.0,head
h13_13_12,0.0,1.0,head
h13_13_13,0.0,1.0,head
h13_13_14,0.0,1.0,head
h13_13_15,0.0,1.0,head
h13_13_16,0.0,1.0,head
h13_13_17,0.0,1.0,head
h13_13_18,0.0,1.0,head
h13_13_19,0.0,1.0,head
h13_13_20,0.0,1.0,head
h13_13_21,0.0,1.0,head
h13_13_22,0.0,1.0,head
h13_13_23,0.0,1.0,head
h13_14_00,0.0,1.0,head
h13_14_01,0.0,1.0,head
h13_14_02,0.0,1.0,head
h13_14_03,0.0,1.0,head
h13_14_04,0.0,1.0,head
h13_14_05,0.0,1.0,head
h13_14_06,0.0,1.0,head
h13_14_07,0.0,1.0,head
h13_14_08,0.0,1.0,head
h13_14_09,0.0,1.0,head
h13_14_10,0.0,1.0,head
h13_14_11,0.0,1.0,head
h13_14_12,0.0,1.0,head
h13_14_13,0.0,1.0,head
h13_14_14,0.0,1.0,head
h13_14_15,0.0,1.0,head
h13_14_16,0.0,1.0,head
h13_14_17,0.0,1.0,head
h13_14_18,0.0,1.0,head
h13_14_19,0.0,1.0,head
h13_14_20,0.0,1.0,head
h13_14_21,0.0,1.0,head
h13_14_22,0.0,1.0,head
h13_14_23,0.0,1.0,head
h13_15_00,0.0,1.0,head
h13_15_01,0.0,1.0,head
h13_15_02,0.0,1.0,head
h13_15_03,0.0,1.0,head
h13_15_04,0.0,1.0,head
h13_15_05,0.0,1.0,head
h13_15_06,0.0,1.0,head
h13_15_07,0.0,1.0,head
h13_15_08,0.0,1.0,head
h13_15_09,0.0,1.0,head
h13_15_10,0.0,1.0,head
h13_15_11,0.0,1.0,head
h13_15_12,0.0,1.0,head
h13_15_13,0.0,1.0,head
h13_15_14,0.0,1.0,head
h13_15_15,0.0,1.0,head
h13_15_16,0.0,1.0,head
h13_15_17,0.0,1.0,head
h13_15_18,0.0,1.0,head
h13_15_19,0.0,1.0,head
h13_15_20,0.0,1.0,head
h13_15_21,0.0,1.0,head
h13_15_22,0.0,1.0,head
h13_15_23,0.0,1.0,head
h13_16_00,0.0,1.0,head
h13_16_01,0.0,1.0,head
h13_16_02,0.0,1.0,head
h13_16_03,0.0,1.0,head
h13_16_04,0.0,1.0,head
h13_16_05,0.0,1.0,head
h13_16_06,0.0,1.0,head
h13_16_07,0.0,1.0,head
h13_16_08,0.0,1.0,head
h13_16_09,0.0,1.0,head
h13_16_10,0.0,1.0,head
h13_16_11,0.0,1.0,head
h13_16_12,0.0,1.0,head
h13_16_13,0.0,1.0,head
h13_16_14,0.0,1.0,head
h13_16_15,0.0,1.0,head
h13_16_16,0.0,1.0,head
h13_16_17,0.0,1.0,head
h13_16_18,0.0,1.0,head
h13_16_19,0.0,1.0,head
h13_16_20,0.0,1.0,head
h13_16_21,0.0,1.0,head
h13_16_22,0.0,1.0,head
h13_16_23,0.0,1.0,head
h13_17_00,0.0,1.0,head
h13_17_01,0.0,1.0,head
h13_17_02,0.0,1.0,head
h13_17_03,0.0,1.0,head
h13_17_04,0.0,1.0,head
h13_17_05,0.0,1.0,head
h13_17_06,0.0,1.0,head
h13_17_07,0.0,1.0,head
h13_17_08,0.0,1.0,head
h13_17_09,0.0,1.0,head
h13_17_10,0.0,1.0,head
h13_17_11,0.0,1.0,head
h13_17_12,0.0,1.0,head
h13_17_13,0.0,1.0,head
h13_17_14,0.0,1.0,head
h13_17_15,0.0,1.0,head
h13_17_16,0.0,1.0,head
h13_17_17,0.0,1.0,head
h13_17_18,0.0,1.0,head
h13_17_19,0.0,1.0,head
h13_17_20,0.0,1.0,head
h13_17_21,0.0,1.0,head
h13_17_22,0.0,1.0,head
h13_17_23,0.0,1.0,head
h13_18_00,0.0,1.0,head
h13_18_01,0.0,1.0,head
h13_18_02,0.0,1.0,head
h13_18_03,0.0,1.0,head
h13_18_04,0.0,1.0,head
h13_18_05,0.0,1.0,head
h13_18_06,0.0,1.0,head
h13_18_07,0.0,1.0,head
h13_18_08,0.0,1.0,head
h13_18_09,0.0,1.0,head
h13_18_10,0.0,1.0,head
h13_18_11,0.0,1.0,head
h13_18_12,0.0,1.0,head
h13_18_13,0.0,1.0,head
h13_18_14,0.0,1.0,head
h13_18_15,0.0,1.0,head
h13_18_16,0.0,1.0,head
h13_18_17,0.0,1.0,head
h13_18_18,0.0,1.0,head
h13_18_19,0.0,1.0,head
h13_18_20,0.0,1.0,head
h13_18_21,0.0,1.0,head
h13_18_22,0.0,1.0,head
h13_18_23,0.0,1.0,head
h13_19_00,0.0,1.0,head
h13_19_01,0.0,1.0,head
h13_19_02,0.0,1.0,head
h13_19_03,0.0,1.0,head
h13_19_04,0.0,1.0,head
h13_19_05,0.0,1.0,head
h13_19_06,0.0,1.0,head
h13_19_07,0.0,1.0,head
h13_19_08,0.0,1.0,head
h13_19_09,0.0,1.0,head
h13_19_10,0.0,1.0,head
h13_19_11,0.0,1.0,head
h13_19_12,0.0,1.0,head
h13_19_13,0.0,1.0,head
h13_19_14,0.0,1.0,head
h13_19_15,0.0,1.0,head
h13_19_16,0.0,1.0,head
h13_19_17,0.0,1.0,head
h13_19_18,0.0,1.0,head
h13_19_19,0.0,1.0,head
h13_19_20,0.0,1.0,head
h13_19_21,0.0,1.0,head
h13_19_22,0.0,1.0,head
h13_19_23,0.0,1.0,head
h13_20_00,0.0,1.0,head
h13_20_01,0.0,1.0,head
h13_20_02,0.0,1.0,head
h13_20_03,0.0,1.0,head
h13_20_04,0.0,1.0,head
h13_20_05,0.0,1.0,head
h13_20_06,0.0,1.0,head
h13_20_07,0.0,1.0,head
h13_20_08,0.0,1.0,head
h13_20_09,0.0,1.0,head
h13_20_10,0.0,1.0,head
h13_20_11,0.0,1.0,head
h13_20_12,0.0,1.0,head
h13_20_13,0.0,1.0,head
h13_20_14,0.0,1.0,head
h13_20_15,0.0,1.0,head
h13_20_16,0.0,1.0,head
h13_20_17,0.0,1.0,head
h13_20_18,0.0,1.0,head
h13_20_19,0.0,1.0,head
h13_20_20,0.0,1.0,head
h13_20_21,0.0,1.0,head
h13_20_22,0.0,1.0,head
h13_20_23,0.0,1.0,head
h13_21_00,0.0,1.0,head
h13_21_01,0.0,1.0,head
h13_21_02,0.0,1.0,head
h13_21_03,0.0,1.0,head
h13_21_04,0.0,1.0,head
h13_21_05,0.0,1.0,head
h13_21_06,0.0,1.0,head
h13_21_07,0.0,1.0,head
h13_21_08,0.0,1.0,head
h13_21_09,0.0,1.0,head
h13_21_10,0.0,1.0,head
h13_21_11,0.0,1.0,head
h13_21_12,0.0,1.0,head
h13_21_13,0.0,1.0,head
h13_21_14,0.0,1.0,head
h13_21_15,0.0,1.0,head
h13_21_16,0.0,1.0,head
h13_21_17,0.0,1.0,head
h13_21_18,0.0,1.0,head
h13_21_19,0.0,1.0,head
h13_21_20,0.0,1.0,head
h13_21_21,0.0,1.0,head
h13_21_22,0.0,1.0,head
h13_21_23,0.0,1.0,head
h13_22_00,0.0,1.0,head
h13_22_01,0.0,1.0,head
h13_22_02,0.0,1.0,head
h13_22_03,0.0,1.0,head
h13_22_04,0.0,1.0,head
h13_22_05,0.0,1.0,head
h13_22_06,0.0,1.0,head
h13_22_07,0.0,1.0,head
h13_22_08,0.0,1.0,head
h13_22_09,0.0,1.0,head
h13_22_10,0.0,1.0,head
h13_22_11,0.0,1.0,head
h13_22_12,0.0,1.0,head
h13_22_13,0.0,1.0,head
h13_22_14,0.0,1.0,head
h13_22_15,0.0,1.0,head
h13_22_16,0.0,1.0,head
h13_22_17,0.0,1.0,head
h13_22_18,0.0,1.0,head
h13_22_19,0.0,1.0,head
h13_22_20,0.0,1.0,head
h13_22_21,0.0,1.0,head
h13_22_22,0.0,1.0,head
h13_22_23,0.0,1.0,head
h13_23_00,0.0,1.0,head
h13_23_01,0.0,1.0,head
h13_23_02,0.0,1.0,head
h13_23_03,0.0,1.0,head
h13_23_04,0.0,1.0,head
h13_23_05,0.0,1.0,head
h13_23_06,0.0,1.0,head
h13_23_07,0.0,1.0,head
h13_23_08,0.0,1.0,head
h13_23_09,0.0,1.0,head
h13_23_10,0.0,1.0,head
h13_23_11,0.0,1.0,head
h13_23_12,0.0,1.0,head
h13_23_13,0.0,1.0,head
h13_23_14,0.0,1.0,head
h13_23_15,0.0,1.0,head
h13_23_16,0.0,1.0,head
h13_23_17,0.0,1.0,head
h13_23_18,0.0,1.0,head
h13_23_19,0.0,1.0,head
h13_23_20,0.0,1.0,head
h13_23_21,0.0,1.0,head
h13_23_22,0.0,1.0,head
h13_23_23,0.0,1.0,head
h13_24_00,0.0,1.0,head
h13_24_01,0.0,1.0,head
h13_24_02,0.0,1.0,head
h13_24_03,0.0,1.0,head
h13_24_04,0.0,1.0,head
h13_24_05,0.0,1.0,head
h13_24_06,0.0,1.0,head
h13_24_07,0.0,1.0,head
h13_24_08,0.0,1.0,head
h13_24_09,0.0,1.0,head
h13_24_10,0.0,1.0,head
h13_24_11,0.0,1.0,head
h13_24_12,0.0,1.0,head
h13_24_13,0.0,1.0,head
h13_24_14,0.0,1.0,head
h13_24_15,0.0,1.0,head
h13_24_16,0.0,1.0,head
h13_24_17,0.0,1.0,head
h13_24_18,0.0,1.0,head
h13_24_19,0.0,1.0,head
h13_24_20,0.0,1.0,head
h13_24_21,0.0,1.0,head
h13_24_22,0.0,1.0,head
h13_24_23,0.0,1.0,head
h13_25_00,0.0,1.0,head
h13_25_01,0.0,1.0,head
h13_25_02,0.0,1.0,head
h13_25_03,0.0,1.0,head
h13_25_04,0.0,1.0,head
h13_25_05,0.0,1.0,head
h13_25_06,0.0,1.0,head
h13_25_07,0.0,1.0,head
h13_25_08,0.0,1.0,head
h13_25_09,0.0,1.0,head
h13_25_10,0.0,1.0,head
h13_25_11,0.0,1.0,head
h13_25_12,0.0,1.0,head
h13_25_13,0.0,1.0,head
h13_25_14,0.0,1.0,head
h13_25_15,0.0,1.0,head
h13_25_16,0.0,1.0,head
h13_25_17,0.0,1.0,head
h13_25_18,0.0,1.0,head
h13_25_19,0.0,1.0,head
h13_25_20,0.0,1.0,head
h13_25_21,0.0,1.0,head
h13_25_22,0.0,1.0,head
h13_25_23,0.0,1.0,head
h13_26_00,0.0,1.0,head
h13_26_01,0.0,1.0,head
h13_26_02,0.0,1.0,head
h13_26_03,0.0,1.0,head
h13_26_04,0.0,1.0,head
h13_26_05,0.0,1.0,head
h13_26_06,0.0,1.0,head
h13_26_07,0.0,1.0,head
h13_26_08,0.0,1.0,head
h13_26_09,0.0,1.0,head
h13_26_10,0.0,1.0,head
h13_26_11,0.0,1.0,head
h13_26_12,0.0,1.0,head
h13_26_13,0.0,1.0,head
h13_26_14,0.0,1.0,head
h13_26_15,0.0,1.0,head
h13_26_16,0.0,1.0,head
h13_26_17,0.0,1.0,head
h13_26_18,0.0,1.0,head
h13_26_19,0.0,1.0,head
h13_26_20,0.0,1.0,head
h13_26_21,0.0,1.0,head
h13_26_22,0.0,1.0,head
h13_26_23,0.0,1.0,head
h13_27_00,0.0,1.0,head
h13_27_01,0.0,1.0,head
h13_27_02,0.0,1.0,head
h13_27_03,0.0,1.0,head
h13_27_04,0.0,1.0,head
h13_27_05,0.0,1.0,head
h13_27_06,0.0,1.0,head
h13_27_07,0.0,1.0,head
h13_27_08,0.0,1.0,head
h13_27_09,0.0,1.0,head
h13_27_10,0.0,1.0,head
h13_27_11,0.0,1.0,head
h13_27_12,0.0,1.0,head
h13_27_13,0.0,1.0,head
h13_27_14,0.0,1.0,head
h13_27_15,0.0,1.0,head
h13_27_16,0.0,1.0,head
h13_27_17,0.0,1.0,head
h13_27_18,0.0,1.0,head
h13_27_19,0.0,1.0,head
h13_27_20,0.0,1.0,head
h13_27_21,0.0,1.0,head
h13_27_22,0.0,1.0,head
h13_27_23,0.0,1.0,head
h13_28_00,0.0,1.0,head
h13_28_01,0.0,1.0,head
h13_28_02,0.0,1.0,head
h13_28_03,0.0,1.0,head
h13_28_04,0.0,1.0,head
h13_28_05,0.0,1.0,head
h13_28_06,0.0,1.0,head
h13_28_07,0.0,1.0,head
h13_28_08,0.0,1.0,head
h13_28_09,0.0,1.0,head
h13_28_10,0.0,1.0,head
h13_28_11,0.0,1.0,head
h13_28_12,0.0,1.0,head
h13_28_13,0.0,1.0,head
h13_28_14,0.0,1.0,head
h13_28_15,0.0,1.0,head
h13_28_16,0.0,1.0,head
h13_28_17,0.0,1.0,head
h13_28_18,0.0,1.0,head
h13_28_19,0.0,1.0,head
h13_28_20,0.0,1.0,head
h13_28_21,0.0,1.0,head
h13_28_22,0.0,1.0,head
h13_28_23,0.0,1.0,head
h13_29_00,0.0,1.0,head
h13_29_01,0.0,1.0,head
h13_29_02,0.0,1.0,head
h13_29_03,0.0,1.0,head
h13_29_04,0.0,1.0,head
h13_29_05,0.0,1.0,head
h13_29_06,0.0,1.0,head
h13_29_07,0.0,1.0,head
h13_29_08,0.0,1.0,head
h13_29_09,0.0,1.0,head
h13_29_10,0.0,1.0,head
h13_29_11,0.0,1.0,head
h13_29_12,0.0,1.0,head
h13_29_13,0.0,1.0,head
h13_29_14,0.0,1.0,head
h13_29_15,0.0,1.0,head
h13_29_16,0.0,1.0,head
h13_29_17,0.0,1.0,head
h13_29_18,0.0,1.0,head
h13_29_19,0.0,1.0,head
h13_29_20,0.0,1.0,head
h13_29_21,0.0,1.0,head
h13_29_22,0.0,1.0,head
h13_29_23,0.0,1.0,head
h14_00_00,0.0,1.0,head
h14_00_01,0.0,1.0,head
h14_00_02,0.0,1.0,head
h14_00_03,0.0,1.0,head
h14_00_04,0.0,1.0,head
h14_00_05,0.0,1.0,head
h14_00_06,0.0,1.0,head
h14_00_07,0.0,1.0,head
h14_00_08,0.0,1.0,head
h14_00_09,0.0,1.0,head
h14_00_10,0.0,1.0,head
h14_00_11,0.0,1.0,head
h14_00_12,0.0,1.0,head
h14_00_13,0.0,1.0,head
h14_00_14,0.0,1.0,head
h14_00_15,0.0,1.0,head
h14_00_16,0.0,1.0,head
h14_00_17,0.0,1.0,head
h14_00_18,0.0,1.0,head
h14_00_19,0.0,1.0,head
h14_00_20,0.0,1.0,head
h14_00_21,0.0,1.0,head
h14_00_22,0.0,1.0,head
h14_00_23,0.0,1.0,head
h14_01_00,0.0,1.0,head
h14_01_01,0.0,1.0,head
h14_01_02,0.0,1.0,head
h14_01_03,0.0,1.0,head
h14_01_04,0.0,1.0,head
h14_01_05,0.0,1.0,head
h14_01_06,0.0,1.0,head
h14_01_07,0.0,1.0,head
h14_01_08,0.0,1.0,head
h14_01_09,0.0,1.0,head
h14_01_10,0.0,1.0,head
h14_01_11,0.0,1.0,head
h14_01_12,0.0,1.0,head
h14_01_13,0.0,1.0,head
h14_01_14,0.0,1.0,head
h14_01_15,0.0,1.0,head
h14_01_16,0.0,1.0,head
h14_01_17,0.0,1.0,head
h14_01_18,0.0,1.0,head
h14_01_19,0.0,1.0,head
h14_01_20,0.0,1.0,head
h14_01_21,0.0,1.0,head
h14_01_22,0.0,1.0,head
h14_01_23,0.0,1.0,head
h14_02_00,0.0,1.0,head
h14_02_01,0.0,1.0,head
h14_02_02,0.0,1.0,head
h14_02_03,0.0,1.0,head
h14_02_04,0.0,1.0,head
h14_02_05,0.0,1.0,head
h14_02_06,0.0,1.0,head
h14_02_07,0.0,1.0,head
h14_02_08,0.0,1.0,head
h14_02_09,0.0,1.0,head
h14_02_10,0.0,1.0,head
h14_02_11,0.0,1.0,head
h14_02_12,0.0,1.0,head
h14_02_13,0.0,1.0,head
h14_02_14,0.0,1.0,head
h14_02_15,0.0,1.0,head
h14_02_16,0.0,1.0,head
h14_02_17,0.0,1.0,head
h14_02_18,0.0,1.0,head
h14_02_19,0.0,1.0,head
h14_02_20,0.0,1.0,head
h14_02_21,0.0,1.0,head
h14_02_22,0.0,1.0,head
h14_02_23,0.0,1.0,head
h14_03_00,0.0,1.0,head
h14_03_01,0.0,1.0,head
h14_03_02,0.0,1.0,head
h14_03_03,0.0,1.0,head
h14_03_04,0.0,1.0,head
h14_03_05,0.0,1.0,head
h14_03_06,0.0,1.0,head
h14_03_07,0.0,1.0,head
h14_03_08,0.0,1.0,head
h14_03_09,0.0,1.0,head
h14_03_10,0.0,1.0,head
h14_03_11,0.0,1.0,head
h14_03_12,0.0,1.0,head
h14_03_13,0.0,1.0,head
h14_03_14,0.0,1.0,head
h14_03_15,0.0,1.0,head
h14_03_16,0.0,1.0,head
h14_03_17,0.0,1.0,head
h14_03_18,0.0,1.0,head
h14_03_19,0.0,1.0,head
h14_03_20,0.0,1.0,head
h14_03_21,0.0,1.0,head
h14_03_22,0.0,1.0,head
h14_03_23,0.0,1.0,head
h14_04_00,0.0,1.0,head
h14_04_01,0.0,1.0,head
h14_04_02,0.0,1.0,head
h14_04_03,0.0,1.0,head
h14_04_04,0.0,1.0,head
h14_04_05,0.0,1.0,head
h14_04_06,0.0,1.0,head
h14_04_07,0.0,1.0,head
h14_04_08,0.0,1.0,head
h14_04_09,0.0,1.0,head
h14_04_10,0.0,1.0,head
h14_04_11,0.0,1.0,head
h14_04_12,0.0,1.0,head
h14_04_13,0.0,1.0,head
h14_04_14,0.0,1.0,head
h14_04_15,0.0,1.0,head
h14_04_16,0.0,1.0,head
h14_04_17,0.0,1.0,head
h14_04_18,0.0,1.0,head
h14_04_19,0.0,1.0,head
h14_04_20,0.0,1.0,head
h14_04_21,0.0,1.0,head
h14_04_22,0.0,1.0,head
h14_04_23,0.0,1.0,head
h14_05_00,0.0,1.0,head
h14_05_01,0.0,1.0,head
h14_05_02,0.0,1.0,head
h14_05_03,0.0,1.0,head
h14_05_04,0.0,1.0,head
h14_05_05,0.0,1.0,head
h14_05_06,0.0,1.0,head
h14_05_07,0.0,1.0,head
h14_05_08,0.0,1.0,head
h14_05_09,0.0,1.0,head
h14_05_10,0.0,1.0,head
h14_05_11,0.0,1.0,head
h14_05_12,0.0,1.0,head
h14_05_13,0.0,1.0,head
h14_05_14,0.0,1.0,head
h14_05_15,0.0,1.0,head
h14_05_16,0.0,1.0,head
h14_05_17,0.0,1.0,head
h14_05_18,0.0,1.0,head
h14_05_19,0.0,1.0,head
h14_05_20,0.0,1.0,head
h14_05_21,0.0,1.0,head
h14_05_22,0.0,1.0,head
h14_05_23,0.0,1.0,head
h14_06_00,0.0,1.0,head
h14_06_01,0.0,1.0,head
h14_06_02,0.0,1.0,head
h14_06_03,0.0,1.0,head
h14_06_04,0.0,1.0,head
h14_06_05,0.0,1.0,head
h14_06_06,0.0,1.0,head
h14_06_07,0.0,1.0,head
h14_06_08,0.0,1.0,head
h14_06_09,0.0,1.0,head
h14_06_10,0.0,1.0,head
h14_06_11,0.0,1.0,head
h14_06_12,0.0,1.0,head
h14_06_13,0.0,1.0,head
h14_06_14,0.0,1.0,head
h14_06_15,0.0,1.0,head
h14_06_16,0.0,1.0,head
h14_06_17,0.0,1.0,head
h14_06_18,0.0,1.0,head
h14_06_19,0.0,1.0,head
h14_06_20,0.0,1.0,head
h14_06_21,0.0,1.0,head
h14_06_22,0.0,1.0,head
h14_06_23,0.0,1.0,head
h14_07_00,0.0,1.0,head
h14_07_01,0.0,1.0,head
h14_07_02,0.0,1.0,head
h14_07_03,0.0,1.0,head
h14_07_04,0.0,1.0,head
h14_07_05,0.0,1.0,head
h14_07_06,0.0,1.0,head
h14_07_07,0.0,1.0,head
h14_07_08,0.0,1.0,head
h14_07_09,0.0,1.0,head
h14_07_10,0.0,1.0,head
h14_07_11,0.0,1.0,head
h14_07_12,0.0,1.0,head
h14_07_13,0.0,1.0,head
h14_07_14,0.0,1.0,head
h14_07_15,0.0,1.0,head
h14_07_16,0.0,1.0,head
h14_07_17,0.0,1.0,head
h14_07_18,0.0,1.0,head
h14_07_19,0.0,1.0,head
h14_07_20,0.0,1.0,head
h14_07_21,0.0,1.0,head
h14_07_22,0.0,1.0,head
h14_07_23,0.0,1.0,head
h14_08_00,0.0,1.0,head
h14_08_01,0.0,1.0,head
h14_08_02,0.0,1.0,head
h14_08_03,0.0,1.0,head
h14_08_04,0.0,1.0,head
h14_08_05,0.0,1.0,head
h14_08_06,0.0,1.0,head
h14_08_07,0.0,1.0,head
h14_08_08,0.0,1.0,head
h14_08_09,0.0,1.0,head
h14_08_10,0.0,1.0,head
h14_08_11,0.0,1.0,head
h14_08_12,0.0,1.0,head
h14_08_13,0.0,1.0,head
h14_08_14,0.0,1.0,head
h14_08_15,0.0,1.0,head
h14_08_16,0.0,1.0,head
h14_08_17,0.0,1.0,head
h14_08_18,0.0,1.0,head
h14_08_19,0.0,1.0,head
h14_08_20,0.0,1.0,head
h14_08_21,0.0,1.0,head
h14_08_22,0.0,1.0,head
h14_08_23,0.0,1.0,head
h14_09_00,0.0,1.0,head
h14_09_01,0.0,1.0,head
h14_09_02,0.0,1.0,head
h14_09_03,0.0,1.0,head
h14_09_04,0.0,1.0,head
h14_09_05,0.0,1.0,head
h14_09_06,0.0,1.0,head
h14_09_07,0.0,1.0,head
h14_09_08,0.0,1.0,head
h14_09_09,0.0,1.0,head
h14_09_10,0.0,1.0,head
h14_09_11,0.0,1.0,head
h14_09_12,0.0,1.0,head
h14_09_13,0.0,1.0,head
h14_09_14,0.0,1.0,head
h14_09_15,0.0,1.0,head
h14_09_16,0.0,1.0,head
h14_09_17,0.0,1.0,head
h14_09_18,0.0,1.0,head
h14_09_19,0.0,1.0,head
h14_09_20,0.0,1.0,head
h14_09_21,0.0,1.0,head
h14_09_22,0.0,1.0,head
h14_09_23,0.0,1.0,head
h14_10_00,0.0,1.0,head
h14_10_01,0.0,1.0,head
h14_10_02,0.0,1.0,head
h14_10_03,0.0,1.0,head
h14_10_04,0.0,1.0,head
h14_10_05,0.0,1.0,head
h14_10_06,0.0,1.0,head
h14_10_07,0.0,1.0,head
h14_10_08,0.0,1.0,head
h14_10_09,0.0,1.0,head
h14_10_10,0.0,1.0,head
h14_10_11,0.0,1.0,head
h14_10_12,0.0,1.0,head
h14_10_13,0.0,1.0,head
h14_10_14,0.0,1.0,head
h14_10_15,0.0,1.0,head
h14_10_16,0.0,1.0,head
h14_10_17,0.0,1.0,head
h14_10_18,0.0,1.0,head
h14_10_19,0.0,1.0,head
h14_10_20,0.0,1.0,head
h14_10_21,0.0,1.0,head
h14_10_22,0.0,1.0,head
h14_10_23,0.0,1.0,head
h14_11_00,0.0,1.0,head
h14_11_01,0.0,1.0,head
h14_11_02,0.0,1.0,head
h14_11_03,0.0,1.0,head
h14_11_04,0.0,1.0,head
h14_11_05,0.0,1.0,head
h14_11_06,0.0,1.0,head
h14_11_07,0.0,1.0,head
h14_11_08,0.0,1.0,head
h14_11_09,0.0,1.0,head
h14_11_10,0.0,1.0,head
h14_11_11,0.0,1.0,head
h14_11_12,0.0,1.0,head
h14_11_13,0.0,1.0,head
h14_11_14,0.0,1.0,head
h14_11_15,0.0,1.0,head
h14_11_16,0.0,1.0,head
h14_11_17,0.0,1.0,head
h14_11_18,0.0,1.0,head
h14_11_19,0.0,1.0,head
h14_11_20,0.0,1.0,head
h14_11_21,0.0,1.0,head
h14_11_22,0.0,1.0,head
h14_11_23,0.0,1.0,head
h14_12_00,0.0,1.0,head
h14_12_01,0.0,1.0,head
h14_12_02,0.0,1.0,head
h14_12_03,0.0,1.0,head
h14_12_04,0.0,1.0,head
h14_12_05,0.0,1.0,head
h14_12_06,0.0,1.0,head
h14_12_07,0.0,1.0,head
h14_12_08,0.0,1.0,head
h14_12_09,0.0,1.0,head
h14_12_10,0.0,1.0,head
h14_12_11,0.0,1.0,head
h14_12_12,0.0,1.0,head
h14_12_13,0.0,1.0,head
h14_12_14,0.0,1.0,head
h14_12_15,0.0,1.0,head
h14_12_16,0.0,1.0,head
h14_12_17,0.0,1.0,head
h14_12_18,0.0,1.0,head
h14_12_19,0.0,1.0,head
h14_12_20,0.0,1.0,head
h14_12_21,0.0,1.0,head
h14_12_22,0.0,1.0,head
h14_12_23,0.0,1.0,head
h14_13_00,0.0,1.0,head
h14_13_01,0.0,1.0,head
h14_13_02,0.0,1.0,head
h14_13_03,0.0,1.0,head
h14_13_04,0.0,1.0,head
h14_13_05,0.0,1.0,head
h14_13_06,0.0,1.0,head
h14_13_07,0.0,1.0,head
h14_13_08,0.0,1.0,head
h14_13_09,0.0,1.0,head
h14_13_10,0.0,1.0,head
h14_13_11,0.0,1.0,head
h14_13_12,0.0,1.0,head
h14_13_13,0.0,1.0,head
h14_13_14,0.0,1.0,head
h14_13_15,0.0,1.0,head
h14_13_16,0.0,1.0,head
h14_13_17,0.0,1.0,head
h14_13_18,0.0,1.0,head
h14_13_19,0.0,1.0,head
h14_13_20,0.0,1.0,head
h14_13_21,0.0,1.0,head
h14_13_22,0.0,1.0,head
h14_13_23,0.0,1.0,head
h14_14_00,0.0,1.0,head
h14_14_01,0.0,1.0,head
h14_14_02,0.0,1.0,head
h14_14_03,0.0,1.0,head
h14_14_04,0.0,1.0,head
h14_14_05,0.0,1.0,head
h14_14_06,0.0,1.0,head
h14_14_07,0.0,1.0,head
h14_14_08,0.0,1.0,head
h14_14_09,0.0,1.0,head
h14_14_10,0.0,1.0,head
h14_14_11,0.0,1.0,head
h14_14_12,0.0,1.0,head
h14_14_13,0.0,1.0,head
h14_14_14,0.0,1.0,head
h14_14_15,0.0,1.0,head
h14_14_16,0.0,1.0,head
h14_14_17,0.0,1.0,head
h14_14_18,0.0,1.0,head
h14_14_19,0.0,1.0,head
h14_14_20,0.0,1.0,head
h14_14_21,0.0,1.0,head
h14_14_22,0.0,1.0,head
h14_14_23,0.0,1.0,head
h14_15_00,0.0,1.0,head
h14_15_01,0.0,1.0,head
h14_15_02,0.0,1.0,head
h14_15_03,0.0,1.0,head
h14_15_04,0.0,1.0,head
h14_15_05,0.0,1.0,head
h14_15_06,0.0,1.0,head
h14_15_07,0.0,1.0,head
h14_15_08,0.0,1.0,head
h14_15_09,0.0,1.0,head
h14_15_10,0.0,1.0,head
h14_15_11,0.0,1.0,head
h14_15_12,0.0,1.0,head
h14_15_13,0.0,1.0,head
h14_15_14,0.0,1.0,head
h14_15_15,0.0,1.0,head
h14_15_16,0.0,1.0,head
h14_15_17,0.0,1.0,head
h14_15_18,0.0,1.0,head
h14_15_19,0.0,1.0,head
h14_15_20,0.0,1.0,head
h14_15_21,0.0,1.0,head
h14_15_22,0.0,1.0,head
h14_15_23,0.0,1.0,head
h14_16_00,0.0,1.0,head
h14_16_01,0.0,1.0,head
h14_16_02,0.0,1.0,head
h14_16_03,0.0,1.0,head
h14_16_04,0.0,1.0,head
h14_16_05,0.0,1.0,head
h14_16_06,0.0,1.0,head
h14_16_07,0.0,1.0,head
h14_16_08,0.0,1.0,head
h14_16_09,0.0,1.0,head
h14_16_10,0.0,1.0,head
h14_16_11,0.0,1.0,head
h14_16_12,0.0,1.0,head
h14_16_13,0.0,1.0,head
h14_16_14,0.0,1.0,head
h14_16_15,0.0,1.0,head
h14_16_16,0.0,1.0,head
h14_16_17,0.0,1.0,head
h14_16_18,0.0,1.0,head
h14_16_19,0.0,1.0,head
h14_16_20,0.0,1.0,head
h14_16_21,0.0,1.0,head
h14_16_22,0.0,1.0,head
h14_16_23,0.0,1.0,head
h14_17_00,0.0,1.0,head
h14_17_01,0.0,1.0,head
h14_17_02,0.0,1.0,head
h14_17_03,0.0,1.0,head
h14_17_04,0.0,1.0,head
h14_17_05,0.0,1.0,head
h14_17_06,0.0,1.0,head
h14_17_07,0.0,1.0,head
h14_17_08,0.0,1.0,head
h14_17_09,0.0,1.0,head
h14_17_10,0.0,1.0,head
h14_17_11,0.0,1.0,head
h14_17_12,0.0,1.0,head
h14_17_13,0.0,1.0,head
h14_17_14,0.0,1.0,head
h14_17_15,0.0,1.0,head
h14_17_16,0.0,1.0,head
h14_17_17,0.0,1.0,head
h14_17_18,0.0,1.0,head
h14_17_19,0.0,1.0,head
h14_17_20,0.0,1.0,head
h14_17_21,0.0,1.0,head
h14_17_22,0.0,1.0,head
h14_17_23,0.0,1.0,head
h14_18_00,0.0,1.0,head
h14_18_01,0.0,1.0,head
h14_18_02,0.0,1.0,head
h14_18_03,0.0,1.0,head
h14_18_04,0.0,1.0,head
h14_18_05,0.0,1.0,head
h14_18_06,0.0,1.0,head
h14_18_07,0.0,1.0,head
h14_18_08,0.0,1.0,head
h14_18_09,0.0,1.0,head
h14_18_10,0.0,1.0,head
h14_18_11,0.0,1.0,head
h14_18_12,0.0,1.0,head
h14_18_13,0.0,1.0,head
h14_18_14,0.0,1.0,head
h14_18_15,0.0,1.0,head
h14_18_16,0.0,1.0,head
h14_18_17,0.0,1.0,head
h14_18_18,0.0,1.0,head
h14_18_19,0.0,1.0,head
h14_18_20,0.0,1.0,head
h14_18_21,0.0,1.0,head
h14_18_22,0.0,1.0,head
h14_18_23,0.0,1.0,head
h14_19_00,0.0,1.0,head
h14_19_01,0.0,1.0,head
h14_19_02,0.0,1.0,head
h14_19_03,0.0,1.0,head
h14_19_04,0.0,1.0,head
h14_19_05,0.0,1.0,head
h14_19_06,0.0,1.0,head
h14_19_07,0.0,1.0,head
h14_19_08,0.0,1.0,head
h14_19_09,0.0,1.0,head
h14_19_10,0.0,1.0,head
h14_19_11,0.0,1.0,head
h14_19_12,0.0,1.0,head
h14_19_13,0.0,1.0,head
h14_19_14,0.0,1.0,head
h14_19_15,0.0,1.0,head
h14_19_16,0.0,1.0,head
h14_19_17,0.0,1.0,head
h14_19_18,0.0,1.0,head
h14_19_19,0.0,1.0,head
h14_19_20,0.0,1.0,head
h14_19_21,0.0,1.0,head
h14_19_22,0.0,1.0,head
h14_19_23,0.0,1.0,head
h14_20_00,0.0,1.0,head
h14_20_01,0.0,1.0,head
h14_20_02,0.0,1.0,head
h14_20_03,0.0,1.0,head
h14_20_04,0.0,1.0,head
h14_20_05,0.0,1.0,head
h14_20_06,0.0,1.0,head
h14_20_07,0.0,1.0,head
h14_20_08,0.0,1.0,head
h14_20_09,0.0,1.0,head
h14_20_10,0.0,1.0,head
h14_20_11,0.0,1.0,head
h14_20_12,0.0,1.0,head
h14_20_13,0.0,1.0,head
h14_20_14,0.0,1.0,head
h14_20_15,0.0,1.0,head
h14_20_16,0.0,1.0,head
h14_20_17,0.0,1.0,head
h14_20_18,0.0,1.0,head
h14_20_19,0.0,1.0,head
h14_20_20,0.0,1.0,head
h14_20_21,0.0,1.0,head
h14_20_22,0.0,1.0,head
h14_20_23,0.0,1.0,head
h14_21_00,0.0,1.0,head
h14_21_01,0.0,1.0,head
h14_21_02,0.0,1.0,head
h14_21_03,0.0,1.0,head
h14_21_04,0.0,1.0,head
h14_21_05,0.0,1.0,head
h14_21_06,0.0,1.0,head
h14_21_07,0.0,1.0,head
h14_21_08,0.0,1.0,head
h14_21_09,0.0,1.0,head
h14_21_10,0.0,1.0,head
h14_21_11,0.0,1.0,head
h14_21_12,0.0,1.0,head
h14_21_13,0.0,1.0,head
h14_21_14,0.0,1.0,head
h14_21_15,0.0,1.0,head
h14_21_16,0.0,1.0,head
h14_21_17,0.0,1.0,head
h14_21_18,0.0,1.0,head
h14_21_19,0.0,1.0,head
h14_21_20,0.0,1.0,head
h14_21_21,0.0,1.0,head
h14_21_22,0.0,1.0,head
h14_21_23,0.0,1.0,head
h14_22_00,0.0,1.0,head
h14_22_01,0.0,1.0,head
h14_22_02,0.0,1.0,head
h14_22_03,0.0,1.0,head
h14_22_04,0.0,1.0,head
h14_22_05,0.0,1.0,head
h14_22_06,0.0,1.0,head
h14_22_07,0.0,1.0,head
h14_22_08,0.0,1.0,head
h14_22_09,0.0,1.0,head
h14_22_10,0.0,1.0,head
h14_22_11,0.0,1.0,head
h14_22_12,0.0,1.0,head
h14_22_13,0.0,1.0,head
h14_22_14,0.0,1.0,head
h14_22_15,0.0,1.0,head
h14_22_16,0.0,1.0,head
h14_22_17,0.0,1.0,head
h14_22_18,0.0,1.0,head
h14_22_19,0.0,1.0,head
h14_22_20,0.0,1.0,head
h14_22_21,0.0,1.0,head
h14_22_22,0.0,1.0,head
h14_22_23,0.0,1.0,head
h14_23_00,0.0,1.0,head
h14_23_01,0.0,1.0,head
h14_23_02,0.0,1.0,head
h14_23_03,0.0,1.0,head
h14_23_04,0.0,1.0,head
h14_23_05,0.0,1.0,head
h14_23_06,0.0,1.0,head
h14_23_07,0.0,1.0,head
h14_23_08,0.0,1.0,head
h14_23_09,0.0,1.0,head
h14_23_10,0.0,1.0,head
h14_23_11,0.0,1.0,head
h14_23_12,0.0,1.0,head
h14_23_13,0.0,1.0,head
h14_23_14,0.0,1.0,head
h14_23_15,0.0,1.0,head
h14_23_16,0.0,1.0,head
h14_23_17,0.0,1.0,head
h14_23_18,0.0,1.0,head
h14_23_19,0.0,1.0,head
h14_23_20,0.0,1.0,head
h14_23_21,0.0,1.0,head
h14_23_22,0.0,1.0,head
h14_23_23,0.0,1.0,head
h14_24_00,0.0,1.0,head
h14_24_01,0.0,1.0,head
h14_24_02,0.0,1.0,head
h14_24_03,0.0,1.0,head
h14_24_04,0.0,1.0,head
h14_24_05,0.0,1.0,head
h14_24_06,0.0,1.0,head
h14_24_07,0.0,1.0,head
h14_24_08,0.0,1.0,head
h14_24_09,0.0,1.0,head
h14_24_10,0.0,1.0,head
h14_24_11,0.0,1.0,head
h14_24_12,0.0,1.0,head
h14_24_13,0.0,1.0,head
h14_24_14,0.0,1.0,head
h14_24_15,0.0,1.0,head
h14_24_16,0.0,1.0,head
h14_24_17,0.0,1.0,head
h14_24_18,0.0,1.0,head
h14_24_19,0.0,1.0,head
h14_24_20,0.0,1.0,head
h14_24_21,0.0,1.0,head
h14_24_22,0.0,1.0,head
h14_24_23,0.0,1.0,head
h14_25_00,0.0,1.0,head
h14_25_01,0.0,1.0,head
h14_25_02,0.0,1.0,head
h14_25_03,0.0,1.0,head
h14_25_04,0.0,1.0,head
h14_25_05,0.0,1.0,head
h14_25_06,0.0,1.0,head
h14_25_07,0.0,1.0,head
h14_25_08,0.0,1.0,head
h14_25_09,0.0,1.0,head
h14_25_10,0.0,1.0,head
h14_25_11,0.0,1.0,head
h14_25_12,0.0,1.0,head
h14_25_13,0.0,1.0,head
h14_25_14,0.0,1.0,head
h14_25_15,0.0,1.0,head
h14_25_16,0.0,1.0,head
h14_25_17,0.0,1.0,head
h14_25_18,0.0,1.0,head
h14_25_19,0.0,1.0,head
h14_25_20,0.0,1.0,head
h14_25_21,0.0,1.0,head
h14_25_22,0.0,1.0,head
h14_25_23,0.0,1.0,head
h14_26_00,0.0,1.0,head
h14_26_01,0.0,1.0,head
h14_26_02,0.0,1.0,head
h14_26_03,0.0,1.0,head
h14_26_04,0.0,1.0,head
h14_26_05,0.0,1.0,head
h14_26_06,0.0,1.0,head
h14_26_07,0.0,1.0,head
h14_26_08,0.0,1.0,head
h14_26_09,0.0,1.0,head
h14_26_10,0.0,1.0,head
h14_26_11,0.0,1.0,head
h14_26_12,0.0,1.0,head
h14_26_13,0.0,1.0,head
h14_26_14,0.0,1.0,head
h14_26_15,0.0,1.0,head
h14_26_16,0.0,1.0,head
h14_26_17,0.0,1.0,head
h14_26_18,0.0,1.0,head
h14_26_19,0.0,1.0,head
h14_26_20,0.0,1.0,head
h14_26_21,0.0,1.0,head
h14_26_22,0.0,1.0,head
h14_26_23,0.0,1.0,head
h14_27_00,0.0,1.0,head
h14_27_01,0.0,1.0,head
h14_27_02,0.0,1.0,head
h14_27_03,0.0,1.0,head
h14_27_04,0.0,1.0,head
h14_27_05,0.0,1.0,head
h14_27_06,0.0,1.0,head
h14_27_07,0.0,1.0,head
h14_27_08,0.0,1.0,head
h14_27_09,0.0,1.0,head
h14_27_10,0.0,1.0,head
h14_27_11,0.0,1.0,head
h14_27_12,0.0,1.0,head
h14_27_13,0.0,1.0,head
h14_27_14,0.0,1.0,head
h14_27_15,0.0,1.0,head
h14_27_16,0.0,1.0,head
h14_27_17,0.0,1.0,head
h14_27_18,0.0,1.0,head
h14_27_19,0.0,1.0,head
h14_27_20,0.0,1.0,head
h14_27_21,0.0,1.0,head
h14_27_22,0.0,1.0,head
h14_27_23,0.0,1.0,head
h14_28_00,0.0,1.0,head
h14_28_01,0.0,1.0,head
h14_28_02,0.0,1.0,head
h14_28_03,0.0,1.0,head
h14_28_04,0.0,1.0,head
h14_28_05,0.0,1.0,head
h14_28_06,0.0,1.0,head
h14_28_07,0.0,1.0,head
h14_28_08,0.0,1.0,head
h14_28_09,0.0,1.0,head
h14_28_10,0.0,1.0,head
h14_28_11,0.0,1.0,head
h14_28_12,0.0,1.0,head
h14_28_13,0.0,1.0,head
h14_28_14,0.0,1.0,head
h14_28_15,0.0,1.0,head
h14_28_16,0.0,1.0,head
h14_28_17,0.0,1.0,head
h14_28_18,0.0,1.0,head
h14_28_19,0.0,1.0,head
h14_28_20,0.0,1.0,head
h14_28_21,0.0,1.0,head
h14_28_22,0.0,1.0,head
h14_28_23,0.0,1.0,head
h14_29_00,0.0,1.0,head
h14_29_01,0.0,1.0,head
h14_29_02,0.0,1.0,head
h14_29_03,0.0,1.0,head
h14_29_04,0.0,1.0,head
h14_29_05,0.0,1.0,head
h14_29_06,0.0,1.0,head
h14_29_07,0.0,1.0,head
h14_29_08,0.0,1.0,head
h14_29_09,0.0,1.0,head
h14_29_10,0.0,1.0,head
h14_29_11,0.0,1.0,head
h14_29_12,0.0,1.0,head
h14_29_13,0.0,1.0,head
h14_29_14,0.0,1.0,head
h14_29_15,0.0,1.0,head
h14_29_16,0.0,1.0,head
h14_29_17,0.0,1.0,head
h14_29_18,0.0,1.0,head
h14_29_19,0.0,1.0,head
h14_29_20,0.0,1.0,head
h14_29_21,0.0,1.0,head
h14_29_22,0.0,1.0,head
h14_29_23,0.0,1.0,head
h15_00_00,0.0,1.0,head
h15_00_01,0.0,1.0,head
h15_00_02,0.0,1.0,head
h15_00_03,0.0,1.0,head
h15_00_04,0.0,1.0,head
h15_00_05,0.0,1.0,head
h15_00_06,0.0,1.0,head
h15_00_07,0.0,1.0,head
h15_00_08,0.0,1.0,head
h15_00_09,0.0,1.0,head
h15_00_10,0.0,1.0,head
h15_00_11,0.0,1.0,head
h15_00_12,0.0,1.0,head
h15_00_13,0.0,1.0,head
h15_00_14,0.0,1.0,head
h15_00_15,0.0,1.0,head
h15_00_16,0.0,1.0,head
h15_00_17,0.0,1.0,head
h15_00_18,0.0,1.0,head
h15_00_19,0.0,1.0,head
h15_00_20,0.0,1.0,head
h15_00_21,0.0,1.0,head
h15_00_22,0.0,1.0,head
h15_00_23,0.0,1.0,head
h15_01_00,0.0,1.0,head
h15_01_01,0.0,1.0,head
h15_01_02,0.0,1.0,head
h15_01_03,0.0,1.0,head
h15_01_04,0.0,1.0,head
h15_01_05,0.0,1.0,head
h15_01_06,0.0,1.0,head
h15_01_07,0.0,1.0,head
h15_01_08,0.0,1.0,head
h15_01_09,0.0,1.0,head
h15_01_10,0.0,1.0,head
h15_01_11,0.0,1.0,head
h15_01_12,0.0,1.0,head
h15_01_13,0.0,1.0,head
h15_01_14,0.0,1.0,head
h15_01_15,0.0,1.0,head
h15_01_16,0.0,1.0,head
h15_01_17,0.0,1.0,head
h15_01_18,0.0,1.0,head
h15_01_19,0.0,1.0,head
h15_01_20,0.0,1.0,head
h15_01_21,0.0,1.0,head
h15_01_22,0.0,1.0,head
h15_01_23,0.0,1.0,head
h15_02_00,0.0,1.0,head
h15_02_01,0.0,1.0,head
h15_02_02,0.0,1.0,head
h15_02_03,0.0,1.0,head
h15_02_04,0.0,1.0,head
h15_02_05,0.0,1.0,head
h15_02_06,0.0,1.0,head
h15_02_07,0.0,1.0,head
h15_02_08,0.0,1.0,head
h15_02_09,0.0,1.0,head
h15_02_10,0.0,1.0,head
h15_02_11,0.0,1.0,head
h15_02_12,0.0,1.0,head
h15_02_13,0.0,1.0,head
h15_02_14,0.0,1.0,head
h15_02_15,0.0,1.0,head
h15_02_16,0.0,1.0,head
h15_02_17,0.0,1.0,head
h15_02_18,0.0,1.0,head
h15_02_19,0.0,1.0,head
h15_02_20,0.0,1.0,head
h15_02_21,0.0,1.0,head
h15_02_22,0.0,1.0,head
h15_02_23,0.0,1.0,head
h15_03_00,0.0,1.0,head
h15_03_01,0.0,1.0,head
h15_03_02,0.0,1.0,head
h15_03_03,0.0,1.0,head
h15_03_04,0.0,1.0,head
h15_03_05,0.0,1.0,head
h15_03_06,0.0,1.0,head
h15_03_07,0.0,1.0,head
h15_03_08,0.0,1.0,head
h15_03_09,0.0,1.0,head
h15_03_10,0.0,1.0,head
h15_03_11,0.0,1.0,head
h15_03_12,0.0,1.0,head
h15_03_13,0.0,1.0,head
h15_03_14,0.0,1.0,head
h15_03_15,0.0,1.0,head
h15_03_16,0.0,1.0,head
h15_03_17,0.0,1.0,head
h15_03_18,0.0,1.0,head
h15_03_19,0.0,1.0,head
h15_03_20,0.0,1.0,head
h15_03_21,0.0,1.0,head
h15_03_22,0.0,1.0,head
h15_03_23,0.0,1.0,head
h15_04_00,0.0,1.0,head
h15_04_01,0.0,1.0,head
h15_04_02,0.0,1.0,head
h15_04_03,0.0,1.0,head
h15_04_04,0.0,1.0,head
h15_04_05,0.0,1.0,head
h15_04_06,0.0,1.0,head
h15_04_07,0.0,1.0,head
h15_04_08,0.0,1.0,head
h15_04_09,0.0,1.0,head
h15_04_10,0.0,1.0,head
h15_04_11,0.0,1.0,head
h15_04_12,0.0,1.0,head
h15_04_13,0.0,1.0,head
h15_04_14,0.0,1.0,head
h15_04_15,0.0,1.0,head
h15_04_16,0.0,1.0,head
h15_04_17,0.0,1.0,head
h15_04_18,0.0,1.0,head
h15_04_19,0.0,1.0,head
h15_04_20,0.0,1.0,head
h15_04_21,0.0,1.0,head
h15_04_22,0.0,1.0,head
h15_04_23,0.0,1.0,head
h15_05_00,0.0,1.0,head
h15_05_01,0.0,1.0,head
h15_05_02,0.0,1.0,head
h15_05_03,0.0,1.0,head
h15_05_04,0.0,1.0,head
h15_05_05,0.0,1.0,head
h15_05_06,0.0,1.0,head
h15_05_07,0.0,1.0,head
h15_05_08,0.0,1.0,head
h15_05_09,0.0,1.0,head
h15_05_10,0.0,1.0,head
h15_05_11,0.0,1.0,head
h15_05_12,0.0,1.0,head
h15_05_13,0.0,1.0,head
h15_05_14,0.0,1.0,head
h15_05_15,0.0,1.0,head
h15_05_16,0.0,1.0,head
h15_05_17,0.0,1.0,head
h15_05_18,0.0,1.0,head
h15_05_19,0.0,1.0,head
h15_05_20,0.0,1.0,head
h15_05_21,0.0,1.0,head
h15_05_22,0.0,1.0,head
h15_05_23,0.0,1.0,head
h15_06_00,0.0,1.0,head
h15_06_01,0.0,1.0,head
h15_06_02,0.0,1.0,head
h15_06_03,0.0,1.0,head
h15_06_04,0.0,1.0,head
h15_06_05,0.0,1.0,head
h15_06_06,0.0,1.0,head
h15_06_07,0.0,1.0,head
h15_06_08,0.0,1.0,head
h15_06_09,0.0,1.0,head
h15_06_10,0.0,1.0,head
h15_06_11,0.0,1.0,head
h15_06_12,0.0,1.0,head
h15_06_13,0.0,1.0,head
h15_06_14,0.0,1.0,head
h15_06_15,0.0,1.0,head
h15_06_16,0.0,1.0,head
h15_06_17,0.0,1.0,head
h15_06_18,0.0,1.0,head
h15_06_19,0.0,1.0,head
h15_06_20,0.0,1.0,head
h15_06_21,0.0,1.0,head
h15_06_22,0.0,1.0,head
h15_06_23,0.0,1.0,head
h15_07_00,0.0,1.0,head
h15_07_01,0.0,1.0,head
h15_07_02,0.0,1.0,head
h15_07_03,0.0,1.0,head
h15_07_04,0.0,1.0,head
h15_07_05,0.0,1.0,head
h15_07_06,0.0,1.0,head
h15_07_07,0.0,1.0,head
h15_07_08,0.0,1.0,head
h15_07_09,0.0,1.0,head
h15_07_10,0.0,1.0,head
h15_07_11,0.0,1.0,head
h15_07_12,0.0,1.0,head
h15_07_13,0.0,1.0,head
h15_07_14,0.0,1.0,head
h15_07_15,0.0,1.0,head
h15_07_16,0.0,1.0,head
h15_07_17,0.0,1.0,head
h15_07_18,0.0,1.0,head
h15_07_19,0.0,1.0,head
h15_07_20,0.0,1.0,head
h15_07_21,0.0,1.0,head
h15_07_22,0.0,1.0,head
h15_07_23,0.0,1.0,head
h15_08_00,0.0,1.0,head
h15_08_01,0.0,1.0,head
h15_08_02,0.0,1.0,head
h15_08_03,0.0,1.0,head
h15_08_04,0.0,1.0,head
h15_08_05,0.0,1.0,head
h15_08_06,0.0,1.0,head
h15_08_07,0.0,1.0,head
h15_08_08,0.0,1.0,head
h15_08_09,0.0,1.0,head
h15_08_10,0.0,1.0,head
h15_08_11,0.0,1.0,head
h15_08_12,0.0,1.0,head
h15_08_13,0.0,1.0,head
h15_08_14,0.0,1.0,head
h15_08_15,0.0,1.0,head
h15_08_16,0.0,1.0,head
h15_08_17,0.0,1.0,head
h15_08_18,0.0,1.0,head
h15_08_19,0.0,1.0,head
h15_08_20,0.0,1.0,head
h15_08_21,0.0,1.0,head
h15_08_22,0.0,1.0,head
h15_08_23,0.0,1.0,head
h15_09_00,0.0,1.0,head
h15_09_01,0.0,1.0,head
h15_09_02,0.0,1.0,head
h15_09_03,0.0,1.0,head
h15_09_04,0.0,1.0,head
h15_09_05,0.0,1.0,head
h15_09_06,0.0,1.0,head
h15_09_07,0.0,1.0,head
h15_09_08,0.0,1.0,head
h15_09_09,0.0,1.0,head
h15_09_10,0.0,1.0,head
h15_09_11,0.0,1.0,head
h15_09_12,0.0,1.0,head
h15_09_13,0.0,1.0,head
h15_09_14,0.0,1.0,head
h15_09_15,0.0,1.0,head
h15_09_16,0.0,1.0,head
h15_09_17,0.0,1.0,head
h15_09_18,0.0,1.0,head
h15_09_19,0.0,1.0,head
h15_09_20,0.0,1.0,head
h15_09_21,0.0,1.0,head
h15_09_22,0.0,1.0,head
h15_09_23,0.0,1.0,head
h15_10_00,0.0,1.0,head
h15_10_01,0.0,1.0,head
h15_10_02,0.0,1.0,head
h15_10_03,0.0,1.0,head
h15_10_04,0.0,1.0,head
h15_10_05,0.0,1.0,head
h15_10_06,0.0,1.0,head
h15_10_07,0.0,1.0,head
h15_10_08,0.0,1.0,head
h15_10_09,0.0,1.0,head
h15_10_10,0.0,1.0,head
h15_10_11,0.0,1.0,head
h15_10_12,0.0,1.0,head
h15_10_13,0.0,1.0,head
h15_10_14,0.0,1.0,head
h15_10_15,0.0,1.0,head
h15_10_16,0.0,1.0,head
h15_10_17,0.0,1.0,head
h15_10_18,0.0,1.0,head
h15_10_19,0.0,1.0,head
h15_10_20,0.0,1.0,head
h15_10_21,0.0,1.0,head
h15_10_22,0.0,1.0,head
h15_10_23,0.0,1.0,head
h15_11_00,0.0,1.0,head
h15_11_01,0.0,1.0,head
h15_11_02,0.0,1.0,head
h15_11_03,0.0,1.0,head
h15_11_04,0.0,1.0,head
h15_11_05,0.0,1.0,head
h15_11_06,0.0,1.0,head
h15_11_07,0.0,1.0,head
h15_11_08,0.0,1.0,head
h15_11_09,0.0,1.0,head
h15_11_10,0.0,1.0,head
h15_11_11,0.0,1.0,head
h15_11_12,0.0,1.0,head
h15_11_13,0.0,1.0,head
h15_11_14,0.0,1.0,head
h15_11_15,0.0,1.0,head
h15_11_16,0.0,1.0,head
h15_11_17,0.0,1.0,head
h15_11_18,0.0,1.0,head
h15_11_19,0.0,1.0,head
h15_11_20,0.0,1.0,head
h15_11_21,0.0,1.0,head
h15_11_22,0.0,1.0,head
h15_11_23,0.0,1.0,head
h15_12_00,0.0,1.0,head
h15_12_01,0.0,1.0,head
h15_12_02,0.0,1.0,head
h15_12_03,0.0,1.0,head
h15_12_04,0.0,1.0,head
h15_12_05,0.0,1.0,head
h15_12_06,0.0,1.0,head
h15_12_07,0.0,1.0,head
h15_12_08,0.0,1.0,head
h15_12_09,0.0,1.0,head
h15_12_10,0.0,1.0,head
h15_12_11,0.0,1.0,head
h15_12_12,0.0,1.0,head
h15_12_13,0.0,1.0,head
h15_12_14,0.0,1.0,head
h15_12_15,0.0,1.0,head
h15_12_16,0.0,1.0,head
h15_12_17,0.0,1.0,head
h15_12_18,0.0,1.0,head
h15_12_19,0.0,1.0,head
h15_12_20,0.0,1.0,head
h15_12_21,0.0,1.0,head
h15_12_22,0.0,1.0,head
h15_12_23,0.0,1.0,head
h15_13_00,0.0,1.0,head
h15_13_01,0.0,1.0,head
h15_13_02,0.0,1.0,head
h15_13_03,0.0,1.0,head
h15_13_04,0.0,1.0,head
h15_13_05,0.0,1.0,head
h15_13_06,0.0,1.0,head
h15_13_07,0.0,1.0,head
h15_13_08,0.0,1.0,head
h15_13_09,0.0,1.0,head
h15_13_10,0.0,1.0,head
h15_13_11,0.0,1.0,head
h15_13_12,0.0,1.0,head
h15_13_13,0.0,1.0,head
h15_13_14,0.0,1.0,head
h15_13_15,0.0,1.0,head
h15_13_16,0.0,1.0,head
h15_13_17,0.0,1.0,head
h15_13_18,0.0,1.0,head
h15_13_19,0.0,1.0,head
h15_13_20,0.0,1.0,head
h15_13_21,0.0,1.0,head
h15_13_22,0.0,1.0,head
h15_13_23,0.0,1.0,head
h15_14_00,0.0,1.0,head
h15_14_01,0.0,1.0,head
h15_14_02,0.0,1.0,head
h15_14_03,0.0,1.0,head
h15_14_04,0.0,1.0,head
h15_14_05,0.0,1.0,head
h15_14_06,0.0,1.0,head
h15_14_07,0.0,1.0,head
h15_14_08,0.0,1.0,head
h15_14_09,0.0,1.0,head
h15_14_10,0.0,1.0,head
h15_14_11,0.0,1.0,head
h15_14_12,0.0,1.0,head
h15_14_13,0.0,1.0,head
h15_14_14,0.0,1.0,head
h15_14_15,0.0,1.0,head
h15_14_16,0.0,1.0,head
h15_14_17,0.0,1.0,head
h15_14_18,0.0,1.0,head
h15_14_19,0.0,1.0,head
h15_14_20,0.0,1.0,head
h15_14_21,0.0,1.0,head
h15_14_22,0.0,1.0,head
h15_14_23,0.0,1.0,head
h15_15_00,0.0,1.0,head
h15_15_01,0.0,1.0,head
h15_15_02,0.0,1.0,head
h15_15_03,0.0,1.0,head
h15_15_04,0.0,1.0,head
h15_15_05,0.0,1.0,head
h15_15_06,0.0,1.0,head
h15_15_07,0.0,1.0,head
h15_15_08,0.0,1.0,head
h15_15_09,0.0,1.0,head
h15_15_10,0.0,1.0,head
h15_15_11,0.0,1.0,head
h15_15_12,0.0,1.0,head
h15_15_13,0.0,1.0,head
h15_15_14,0.0,1.0,head
h15_15_15,0.0,1.0,head
h15_15_16,0.0,1.0,head
h15_15_17,0.0,1.0,head
h15_15_18,0.0,1.0,head
h15_15_19,0.0,1.0,head
h15_15_20,0.0,1.0,head
h15_15_21,0.0,1.0,head
h15_15_22,0.0,1.0,head
h15_15_23,0.0,1.0,head
h15_16_00,0.0,1.0,head
h15_16_01,0.0,1.0,head
h15_16_02,0.0,1.0,head
h15_16_03,0.0,1.0,head
h15_16_04,0.0,1.0,head
h15_16_05,0.0,1.0,head
h15_16_06,0.0,1.0,head
h15_16_07,0.0,1.0,head
h15_16_08,0.0,1.0,head
h15_16_09,0.0,1.0,head
h15_16_10,0.0,1.0,head
h15_16_11,0.0,1.0,head
h15_16_12,0.0,1.0,head
h15_16_13,0.0,1.0,head
h15_16_14,0.0,1.0,head
h15_16_15,0.0,1.0,head
h15_16_16,0.0,1.0,head
h15_16_17,0.0,1.0,head
h15_16_18,0.0,1.0,head
h15_16_19,0.0,1.0,head
h15_16_20,0.0,1.0,head
h15_16_21,0.0,1.0,head
h15_16_22,0.0,1.0,head
h15_16_23,0.0,1.0,head
h15_17_00,0.0,1.0,head
h15_17_01,0.0,1.0,head
h15_17_02,0.0,1.0,head
h15_17_03,0.0,1.0,head
h15_17_04,0.0,1.0,head
h15_17_05,0.0,1.0,head
h15_17_06,0.0,1.0,head
h15_17_07,0.0,1.0,head
h15_17_08,0.0,1.0,head
h15_17_09,0.0,1.0,head
h15_17_10,0.0,1.0,head
h15_17_11,0.0,1.0,head
h15_17_12,0.0,1.0,head
h15_17_13,0.0,1.0,head
h15_17_14,0.0,1.0,head
h15_17_15,0.0,1.0,head
h15_17_16,0.0,1.0,head
h15_17_17,0.0,1.0,head
h15_17_18,0.0,1.0,head
h15_17_19,0.0,1.0,head
h15_17_20,0.0,1.0,head
h15_17_21,0.0,1.0,head
h15_17_22,0.0,1.0,head
h15_17_23,0.0,1.0,head
h15_18_00,0.0,1.0,head
h15_18_01,0.0,1.0,head
h15_18_02,0.0,1.0,head
h15_18_03,0.0,1.0,head
h15_18_04,0.0,1.0,head
h15_18_05,0.0,1.0,head
h15_18_06,0.0,1.0,head
h15_18_07,0.0,1.0,head
h15_18_08,0.0,1.0,head
h15_18_09,0.0,1.0,head
h15_18_10,0.0,1.0,head
h15_18_11,0.0,1.0,head
h15_18_12,0.0,1.0,head
h15_18_13,0.0,1.0,head
h15_18_14,0.0,1.0,head
h15_18_15,0.0,1.0,head
h15_18_16,0.0,1.0,head
h15_18_17,0.0,1.0,head
h15_18_18,0.0,1.0,head
h15_18_19,0.0,1.0,head
h15_18_20,0.0,1.0,head
h15_18_21,0.0,1.0,head
h15_18_22,0.0,1.0,head
h15_18_23,0.0,1.0,head
h15_19_00,0.0,1.0,head
h15_19_01,0.0,1.0,head
h15_19_02,0.0,1.0,head
h15_19_03,0.0,1.0,head
h15_19_04,0.0,1.0,head
h15_19_05,0.0,1.0,head
h15_19_06,0.0,1.0,head
h15_19_07,0.0,1.0,head
h15_19_08,0.0,1.0,head
h15_19_09,0.0,1.0,head
h15_19_10,0.0,1.0,head
h15_19_11,0.0,1.0,head
h15_19_12,0.0,1.0,head
h15_19_13,0.0,1.0,head
h15_19_14,0.0,1.0,head
h15_19_15,0.0,1.0,head
h15_19_16,0.0,1.0,head
h15_19_17,0.0,1.0,head
h15_19_18,0.0,1.0,head
h15_19_19,0.0,1.0,head
h15_19_20,0.0,1.0,head
h15_19_21,0.0,1.0,head
h15_19_22,0.0,1.0,head
h15_19_23,0.0,1.0,head
h15_20_00,0.0,1.0,head
h15_20_01,0.0,1.0,head
h15_20_02,0.0,1.0,head
h15_20_03,0.0,1.0,head
h15_20_04,0.0,1.0,head
h15_20_05,0.0,1.0,head
h15_20_06,0.0,1.0,head
h15_20_07,0.0,1.0,head
h15_20_08,0.0,1.0,head
h15_20_09,0.0,1.0,head
h15_20_10,0.0,1.0,head
h15_20_11,0.0,1.0,head
h15_20_12,0.0,1.0,head
h15_20_13,0.0,1.0,head
h15_20_14,0.0,1.0,head
h15_20_15,0.0,1.0,head
h15_20_16,0.0,1.0,head
h15_20_17,0.0,1.0,head
h15_20_18,0.0,1.0,head
h15_20_19,0.0,1.0,head
h15_20_20,0.0,1.0,head
h15_20_21,0.0,1.0,head
h15_20_22,0.0,1.0,head
h15_20_23,0.0,1.0,head
h15_21_00,0.0,1.0,head
h15_21_01,0.0,1.0,head
h15_21_02,0.0,1.0,head
h15_21_03,0.0,1.0,head
h15_21_04,0.0,1.0,head
h15_21_05,0.0,1.0,head
h15_21_06,0.0,1.0,head
h15_21_07,0.0,1.0,head
h15_21_08,0.0,1.0,head
h15_21_09,0.0,1.0,head
h15_21_10,0.0,1.0,head
h15_21_11,0.0,1.0,head
h15_21_12,0.0,1.0,head
h15_21_13,0.0,1.0,head
h15_21_14,0.0,1.0,head
h15_21_15,0.0,1.0,head
h15_21_16,0.0,1.0,head
h15_21_17,0.0,1.0,head
h15_21_18,0.0,1.0,head
h15_21_19,0.0,1.0,head
h15_21_20,0.0,1.0,head
h15_21_21,0.0,1.0,head
h15_21_22,0.0,1.0,head
h15_21_23,0.0,1.0,head
h15_22_00,0.0,1.0,head
h15_22_01,0.0,1.0,head
h15_22_02,0.0,1.0,head
h15_22_03,0.0,1.0,head
h15_22_04,0.0,1.0,head
h15_22_05,0.0,1.0,head
h15_22_06,0.0,1.0,head
h15_22_07,0.0,1.0,head
h15_22_08,0.0,1.0,head
h15_22_09,0.0,1.0,head
h15_22_10,0.0,1.0,head
h15_22_11,0.0,1.0,head
h15_22_12,0.0,1.0,head
h15_22_13,0.0,1.0,head
h15_22_14,0.0,1.0,head
h15_22_15,0.0,1.0,head
h15_22_16,0.0,1.0,head
h15_22_17,0.0,1.0,head
h15_22_18,0.0,1.0,head
h15_22_19,0.0,1.0,head
h15_22_20,0.0,1.0,head
h15_22_21,0.0,1.0,head
h15_22_22,0.0,1.0,head
h15_22_23,0.0,1.0,head
h15_23_00,0.0,1.0,head
h15_23_01,0.0,1.0,head
h15_23_02,0.0,1.0,head
h15_23_03,0.0,1.0,head
h15_23_04,0.0,1.0,head
h15_23_05,0.0,1.0,head
h15_23_06,0.0,1.0,head
h15_23_07,0.0,1.0,head
h15_23_08,0.0,1.0,head
h15_23_09,0.0,1.0,head
h15_23_10,0.0,1.0,head
h15_23_11,0.0,1.0,head
h15_23_12,0.0,1.0,head
h15_23_13,0.0,1.0,head
h15_23_14,0.0,1.0,head
h15_23_15,0.0,1.0,head
h15_23_16,0.0,1.0,head
h15_23_17,0.0,1.0,head
h15_23_18,0.0,1.0,head
h15_23_19,0.0,1.0,head
h15_23_20,0.0,1.0,head
h15_23_21,0.0,1.0,head
h15_23_22,0.0,1.0,head
h15_23_23,0.0,1.0,head
h15_24_00,0.0,1.0,head
h15_24_01,0.0,1.0,head
h15_24_02,0.0,1.0,head
h15_24_03,0.0,1.0,head
h15_24_04,0.0,1.0,head
h15_24_05,0.0,1.0,head
h15_24_06,0.0,1.0,head
h15_24_07,0.0,1.0,head
h15_24_08,0.0,1.0,head
h15_24_09,0.0,1.0,head
h15_24_10,0.0,1.0,head
h15_24_11,0.0,1.0,head
h15_24_12,0.0,1.0,head
h15_24_13,0.0,1.0,head
h15_24_14,0.0,1.0,head
h15_24_15,0.0,1.0,head
h15_24_16,0.0,1.0,head
h15_24_17,0.0,1.0,head
h15_24_18,0.0,1.0,head
h15_24_19,0.0,1.0,head
h15_24_20,0.0,1.0,head
h15_24_21,0.0,1.0,head
h15_24_22,0.0,1.0,head
h15_24_23,0.0,1.0,head
h15_25_00,0.0,1.0,head
h15_25_01,0.0,1.0,head
h15_25_02,0.0,1.0,head
h15_25_03,0.0,1.0,head
h15_25_04,0.0,1.0,head
h15_25_05,0.0,1.0,head
h15_25_06,0.0,1.0,head
h15_25_07,0.0,1.0,head
h15_25_08,0.0,1.0,head
h15_25_09,0.0,1.0,head
h15_25_10,0.0,1.0,head
h15_25_11,0.0,1.0,head
h15_25_12,0.0,1.0,head
h15_25_13,0.0,1.0,head
h15_25_14,0.0,1.0,head
h15_25_15,0.0,1.0,head
h15_25_16,0.0,1.0,head
h15_25_17,0.0,1.0,head
h15_25_18,0.0,1.0,head
h15_25_19,0.0,1.0,head
h15_25_20,0.0,1.0,head
h15_25_21,0.0,1.0,head
h15_25_22,0.0,1.0,head
h15_25_23,0.0,1.0,head
h15_26_00,0.0,1.0,head
h15_26_01,0.0,1.0,head
h15_26_02,0.0,1.0,head
h15_26_03,0.0,1.0,head
h15_26_04,0.0,1.0,head
h15_26_05,0.0,1.0,head
h15_26_06,0.0,1.0,head
h15_26_07,0.0,1.0,head
h15_26_08,0.0,1.0,head
h15_26_09,0.0,1.0,head
h15_26_10,0.0,1.0,head
h15_26_11,0.0,1.0,head
h15_26_12,0.0,1.0,head
h15_26_13,0.0,1.0,head
h15_26_14,0.0,1.0,head
h15_26_15,0.0,1.0,head
h15_26_16,0.0,1.0,head
h15_26_17,0.0,1.0,head
h15_26_18,0.0,1.0,head
h15_26_19,0.0,1.0,head
h15_26_20,0.0,1.0,head
h15_26_21,0.0,1.0,head
h15_26_22,0.0,1.0,head
h15_26_23,0.0,1.0,head
h15_27_00,0.0,1.0,head
h15_27_01,0.0,1.0,head
h15_27_02,0.0,1.0,head
h15_27_03,0.0,1.0,head
h15_27_04,0.0,1.0,head
h15_27_05,0.0,1.0,head
h15_27_06,0.0,1.0,head
h15_27_07,0.0,1.0,head
h15_27_08,0.0,1.0,head
h15_27_09,0.0,1.0,head
h15_27_10,0.0,1.0,head
h15_27_11,0.0,1.0,head
h15_27_12,0.0,1.0,head
h15_27_13,0.0,1.0,head
h15_27_14,0.0,1.0,head
h15_27_15,0.0,1.0,head
h15_27_16,0.0,1.0,head
h15_27_17,0.0,1.0,head
h15_27_18,0.0,1.0,head
h15_27_19,0.0,1.0,head
h15_27_20,0.0,1.0,head
h15_27_21,0.0,1.0,head
h15_27_22,0.0,1.0,head
h15_27_23,0.0,1.0,head
h15_28_00,0.0,1.0,head
h15_28_01,0.0,1.0,head
h15_28_02,0.0,1.0,head
h15_28_03,0.0,1.0,head
h15_28_04,0.0,1.0,head
h15_28_05,0.0,1.0,head
h15_28_06,0.0,1.0,head
h15_28_07,0.0,1.0,head
h15_28_08,0.0,1.0,head
h15_28_09,0.0,1.0,head
h15_28_10,0.0,1.0,head
h15_28_11,0.0,1.0,head
h15_28_12,0.0,1.0,head
h15_28_13,0.0,1.0,head
h15_28_14,0.0,1.0,head
h15_28_15,0.0,1.0,head
h15_28_16,0.0,1.0,head
h15_28_17,0.0,1.0,head
h15_28_18,0.0,1.0,head
h15_28_19,0.0,1.0,head
h15_28_20,0.0,1.0,head
h15_28_21,0.0,1.0,head
h15_28_22,0.0,1.0,head
h15_28_23,0.0,1.0,head
h15_29_00,0.0,1.0,head
h15_29_01,0.0,1.0,head
h15_29_02,0.0,1.0,head
h15_29_03,0.0,1.0,head
h15_29_04,0.0,1.0,head
h15_29_05,0.0,1.0,head
h15_29_06,0.0,1.0,head
h15_29_07,0.0,1.0,head
h15_29_08,0.0,1.0,head
h15_29_09,0.0,1.0,head
h15_29_10,0.0,1.0,head
h15_29_11,0.0,1.0,head
h15_29_12,0.0,1.0,head
h15_29_13,0.0,1.0,head
h15_29_14,0.0,1.0,head
h15_29_15,0.0,1.0,head
h15_29_16,0.0,1.0,head
h15_29_17,0.0,1.0,head
h15_29_18,0.0,1.0,head
h15_29_19,0.0,1.0,head
h15_29_20,0.0,1.0,head
h15_29_21,0.0,1.0,head
h15_29_22,0.0,1.0,head
h15_29_23,0.0,1.0,head
h16_00_00,0.0,1.0,head
h16_00_01,0.0,1.0,head
h16_00_02,0.0,1.0,head
h16_00_03,0.0,1.0,head
h16_00_04,0.0,1.0,head
h16_00_05,0.0,1.0,head
h16_00_06,0.0,1.0,head
h16_00_07,0.0,1.0,head
h16_00_08,0.0,1.0,head
h16_00_09,0.0,1.0,head
h16_00_10,0.0,1.0,head
h16_00_11,0.0,1.0,head
h16_00_12,0.0,1.0,head
h16_00_13,0.0,1.0,head
h16_00_14,0.0,1.0,head
h16_00_15,0.0,1.0,head
h16_00_16,0.0,1.0,head
h16_00_17,0.0,1.0,head
h16_00_18,0.0,1.0,head
h16_00_19,0.0,1.0,head
h16_00_20,0.0,1.0,head
h16_00_21,0.0,1.0,head
h16_00_22,0.0,1.0,head
h16_00_23,0.0,1.0,head
h16_01_00,0.0,1.0,head
h16_01_01,0.0,1.0,head
h16_01_02,0.0,1.0,head
h16_01_03,0.0,1.0,head
h16_01_04,0.0,1.0,head
h16_01_05,0.0,1.0,head
h16_01_06,0.0,1.0,head
h16_01_07,0.0,1.0,head
h16_01_08,0.0,1.0,head
h16_01_09,0.0,1.0,head
h16_01_10,0.0,1.0,head
h16_01_11,0.0,1.0,head
h16_01_12,0.0,1.0,head
h16_01_13,0.0,1.0,head
h16_01_14,0.0,1.0,head
h16_01_15,0.0,1.0,head
h16_01_16,0.0,1.0,head
h16_01_17,0.0,1.0,head
h16_01_18,0.0,1.0,head
h16_01_19,0.0,1.0,head
h16_01_20,0.0,1.0,head
h16_01_21,0.0,1.0,head
h16_01_22,0.0,1.0,head
h16_01_23,0.0,1.0,head
h16_02_00,0.0,1.0,head
h16_02_01,0.0,1.0,head
h16_02_02,0.0,1.0,head
h16_02_03,0.0,1.0,head
h16_02_04,0.0,1.0,head
h16_02_05,0.0,1.0,head
h16_02_06,0.0,1.0,head
h16_02_07,0.0,1.0,head
h16_02_08,0.0,1.0,head
h16_02_09,0.0,1.0,head
h16_02_10,0.0,1.0,head
h16_02_11,0.0,1.0,head
h16_02_12,0.0,1.0,head
h16_02_13,0.0,1.0,head
h16_02_14,0.0,1.0,head
h16_02_15,0.0,1.0,head
h16_02_16,0.0,1.0,head
h16_02_17,0.0,1.0,head
h16_02_18,0.0,1.0,head
h16_02_19,0.0,1.0,head
h16_02_20,0.0,1.0,head
h16_02_21,0.0,1.0,head
h16_02_22,0.0,1.0,head
h16_02_23,0.0,1.0,head
h16_03_00,0.0,1.0,head
h16_03_01,0.0,1.0,head
h16_03_02,0.0,1.0,head
h16_03_03,0.0,1.0,head
h16_03_04,0.0,1.0,head
h16_03_05,0.0,1.0,head
h16_03_06,0.0,1.0,head
h16_03_07,0.0,1.0,head
h16_03_08,0.0,1.0,head
h16_03_09,0.0,1.0,head
h16_03_10,0.0,1.0,head
h16_03_11,0.0,1.0,head
h16_03_12,0.0,1.0,head
h16_03_13,0.0,1.0,head
h16_03_14,0.0,1.0,head
h16_03_15,0.0,1.0,head
h16_03_16,0.0,1.0,head
h16_03_17,0.0,1.0,head
h16_03_18,0.0,1.0,head
h16_03_19,0.0,1.0,head
h16_03_20,0.0,1.0,head
h16_03_21,0.0,1.0,head
h16_03_22,0.0,1.0,head
h16_03_23,0.0,1.0,head
h16_04_00,0.0,1.0,head
h16_04_01,0.0,1.0,head
h16_04_02,0.0,1.0,head
h16_04_03,0.0,1.0,head
h16_04_04,0.0,1.0,head
h16_04_05,0.0,1.0,head
h16_04_06,0.0,1.0,head
h16_04_07,0.0,1.0,head
h16_04_08,0.0,1.0,head
h16_04_09,0.0,1.0,head
h16_04_10,0.0,1.0,head
h16_04_11,0.0,1.0,head
h16_04_12,0.0,1.0,head
h16_04_13,0.0,1.0,head
h16_04_14,0.0,1.0,head
h16_04_15,0.0,1.0,head
h16_04_16,0.0,1.0,head
h16_04_17,0.0,1.0,head
h16_04_18,0.0,1.0,head
h16_04_19,0.0,1.0,head
h16_04_20,0.0,1.0,head
h16_04_21,0.0,1.0,head
h16_04_22,0.0,1.0,head
h16_04_23,0.0,1.0,head
h16_05_00,0.0,1.0,head
h16_05_01,0.0,1.0,head
h16_05_02,0.0,1.0,head
h16_05_03,0.0,1.0,head
h16_05_04,0.0,1.0,head
h16_05_05,0.0,1.0,head
h16_05_06,0.0,1.0,head
h16_05_07,0.0,1.0,head
h16_05_08,0.0,1.0,head
h16_05_09,0.0,1.0,head
h16_05_10,0.0,1.0,head
h16_05_11,0.0,1.0,head
h16_05_12,0.0,1.0,head
h16_05_13,0.0,1.0,head
h16_05_14,0.0,1.0,head
h16_05_15,0.0,1.0,head
h16_05_16,0.0,1.0,head
h16_05_17,0.0,1.0,head
h16_05_18,0.0,1.0,head
h16_05_19,0.0,1.0,head
h16_05_20,0.0,1.0,head
h16_05_21,0.0,1.0,head
h16_05_22,0.0,1.0,head
h16_05_23,0.0,1.0,head
h16_06_00,0.0,1.0,head
h16_06_01,0.0,1.0,head
h16_06_02,0.0,1.0,head
h16_06_03,0.0,1.0,head
h16_06_04,0.0,1.0,head
h16_06_05,0.0,1.0,head
h16_06_06,0.0,1.0,head
h16_06_07,0.0,1.0,head
h16_06_08,0.0,1.0,head
h16_06_09,0.0,1.0,head
h16_06_10,0.0,1.0,head
h16_06_11,0.0,1.0,head
h16_06_12,0.0,1.0,head
h16_06_13,0.0,1.0,head
h16_06_14,0.0,1.0,head
h16_06_15,0.0,1.0,head
h16_06_16,0.0,1.0,head
h16_06_17,0.0,1.0,head
h16_06_18,0.0,1.0,head
h16_06_19,0.0,1.0,head
h16_06_20,0.0,1.0,head
h16_06_21,0.0,1.0,head
h16_06_22,0.0,1.0,head
h16_06_23,0.0,1.0,head
h16_07_00,0.0,1.0,head
h16_07_01,0.0,1.0,head
h16_07_02,0.0,1.0,head
h16_07_03,0.0,1.0,head
h16_07_04,0.0,1.0,head
h16_07_05,0.0,1.0,head
h16_07_06,0.0,1.0,head
h16_07_07,0.0,1.0,head
h16_07_08,0.0,1.0,head
h16_07_09,0.0,1.0,head
h16_07_10,0.0,1.0,head
h16_07_11,0.0,1.0,head
h16_07_12,0.0,1.0,head
h16_07_13,0.0,1.0,head
h16_07_14,0.0,1.0,head
h16_07_15,0.0,1.0,head
h16_07_16,0.0,1.0,head
h16_07_17,0.0,1.0,head
h16_07_18,0.0,1.0,head
h16_07_19,0.0,1.0,head
h16_07_20,0.0,1.0,head
h16_07_21,0.0,1.0,head
h16_07_22,0.0,1.0,head
h16_07_23,0.0,1.0,head
h16_08_00,0.0,1.0,head
h16_08_01,0.0,1.0,head
h16_08_02,0.0,1.0,head
h16_08_03,0.0,1.0,head
h16_08_04,0.0,1.0,head
h16_08_05,0.0,1.0,head
h16_08_06,0.0,1.0,head
h16_08_07,0.0,1.0,head
h16_08_08,0.0,1.0,head
h16_08_09,0.0,1.0,head
h16_08_10,0.0,1.0,head
h16_08_11,0.0,1.0,head
h16_08_12,0.0,1.0,head
h16_08_13,0.0,1.0,head
h16_08_14,0.0,1.0,head
h16_08_15,0.0,1.0,head
h16_08_16,0.0,1.0,head
h16_08_17,0.0,1.0,head
h16_08_18,0.0,1.0,head
h16_08_19,0.0,1.0,head
h16_08_20,0.0,1.0,head
h16_08_21,0.0,1.0,head
h16_08_22,0.0,1.0,head
h16_08_23,0.0,1.0,head
h16_09_00,0.0,1.0,head
h16_09_01,0.0,1.0,head
h16_09_02,0.0,1.0,head
h16_09_03,0.0,1.0,head
h16_09_04,0.0,1.0,head
h16_09_05,0.0,1.0,head
h16_09_06,0.0,1.0,head
h16_09_07,0.0,1.0,head
h16_09_08,0.0,1.0,head
h16_09_09,0.0,1.0,head
h16_09_10,0.0,1.0,head
h16_09_11,0.0,1.0,head
h16_09_12,0.0,1.0,head
h16_09_13,0.0,1.0,head
h16_09_14,0.0,1.0,head
h16_09_15,0.0,1.0,head
h16_09_16,0.0,1.0,head
h16_09_17,0.0,1.0,head
h16_09_18,0.0,1.0,head
h16_09_19,0.0,1.0,head
h16_09_20,0.0,1.0,head
h16_09_21,0.0,1.0,head
h16_09_22,0.0,1.0,head
h16_09_23,0.0,1.0,head
h16_10_00,0.0,1.0,head
h16_10_01,0.0,1.0,head
h16_10_02,0.0,1.0,head
h16_10_03,0.0,1.0,head
h16_10_04,0.0,1.0,head
h16_10_05,0.0,1.0,head
h16_10_06,0.0,1.0,head
h16_10_07,0.0,1.0,head
h16_10_08,0.0,1.0,head
h16_10_09,0.0,1.0,head
h16_10_10,0.0,1.0,head
h16_10_11,0.0,1.0,head
h16_10_12,0.0,1.0,head
h16_10_13,0.0,1.0,head
h16_10_14,0.0,1.0,head
h16_10_15,0.0,1.0,head
h16_10_16,0.0,1.0,head
h16_10_17,0.0,1.0,head
h16_10_18,0.0,1.0,head
h16_10_19,0.0,1.0,head
h16_10_20,0.0,1.0,head
h16_10_21,0.0,1.0,head
h16_10_22,0.0,1.0,head
h16_10_23,0.0,1.0,head
h16_11_00,0.0,1.0,head
h16_11_01,0.0,1.0,head
h16_11_02,0.0,1.0,head
h16_11_03,0.0,1.0,head
h16_11_04,0.0,1.0,head
h16_11_05,0.0,1.0,head
h16_11_06,0.0,1.0,head
h16_11_07,0.0,1.0,head
h16_11_08,0.0,1.0,head
h16_11_09,0.0,1.0,head
h16_11_10,0.0,1.0,head
h16_11_11,0.0,1.0,head
h16_11_12,0.0,1.0,head
h16_11_13,0.0,1.0,head
h16_11_14,0.0,1.0,head
h16_11_15,0.0,1.0,head
h16_11_16,0.0,1.0,head
h16_11_17,0.0,1.0,head
h16_11_18,0.0,1.0,head
h16_11_19,0.0,1.0,head
h16_11_20,0.0,1.0,head
h16_11_21,0.0,1.0,head
h16_11_22,0.0,1.0,head
h16_11_23,0.0,1.0,head
h16_12_00,0.0,1.0,head
h16_12_01,0.0,1.0,head
h16_12_02,0.0,1.0,head
h16_12_03,0.0,1.0,head
h16_12_04,0.0,1.0,head
h16_12_05,0.0,1.0,head
h16_12_06,0.0,1.0,head
h16_12_07,0.0,1.0,head
h16_12_08,0.0,1.0,head
h16_12_09,0.0,1.0,head
h16_12_10,0.0,1.0,head
h16_12_11,0.0,1.0,head
h16_12_12,0.0,1.0,head
h16_12_13,0.0,1.0,head
h16_12_14,0.0,1.0,head
h16_12_15,0.0,1.0,head
h16_12_16,0.0,1.0,head
h16_12_17,0.0,1.0,head
h16_12_18,0.0,1.0,head
h16_12_19,0.0,1.0,head
h16_12_20,0.0,1.0,head
h16_12_21,0.0,1.0,head
h16_12_22,0.0,1.0,head
h16_12_23,0.0,1.0,head
h16_13_00,0.0,1.0,head
h16_13_01,0.0,1.0,head
h16_13_02,0.0,1.0,head
h16_13_03,0.0,1.0,head
h16_13_04,0.0,1.0,head
h16_13_05,0.0,1.0,head
h16_13_06,0.0,1.0,head
h16_13_07,0.0,1.0,head
h16_13_08,0.0,1.0,head
h16_13_09,0.0,1.0,head
h16_13_10,0.0,1.0,head
h16_13_11,0.0,1.0,head
h16_13_12,0.0,1.0,head
h16_13_13,0.0,1.0,head
h16_13_14,0.0,1.0,head
h16_13_15,0.0,1.0,head
h16_13_16,0.0,1.0,head
h16_13_17,0.0,1.0,head
h16_13_18,0.0,1.0,head
h16_13_19,0.0,1.0,head
h16_13_20,0.0,1.0,head
h16_13_21,0.0,1.0,head
h16_13_22,0.0,1.0,head
h16_13_23,0.0,1.0,head
h16_14_00,0.0,1.0,head
h16_14_01,0.0,1.0,head
h16_14_02,0.0,1.0,head
h16_14_03,0.0,1.0,head
h16_14_04,0.0,1.0,head
h16_14_05,0.0,1.0,head
h16_14_06,0.0,1.0,head
h16_14_07,0.0,1.0,head
h16_14_08,0.0,1.0,head
h16_14_09,0.0,1.0,head
h16_14_10,0.0,1.0,head
h16_14_11,0.0,1.0,head
h16_14_12,0.0,1.0,head
h16_14_13,0.0,1.0,head
h16_14_14,0.0,1.0,head
h16_14_15,0.0,1.0,head
h16_14_16,0.0,1.0,head
h16_14_17,0.0,1.0,head
h16_14_18,0.0,1.0,head
h16_14_19,0.0,1.0,head
h16_14_20,0.0,1.0,head
h16_14_21,0.0,1.0,head
h16_14_22,0.0,1.0,head
h16_14_23,0.0,1.0,head
h16_15_00,0.0,1.0,head
h16_15_01,0.0,1.0,head
h16_15_02,0.0,1.0,head
h16_15_03,0.0,1.0,head
h16_15_04,0.0,1.0,head
h16_15_05,0.0,1.0,head
h16_15_06,0.0,1.0,head
h16_15_07,0.0,1.0,head
h16_15_08,0.0,1.0,head
h16_15_09,0.0,1.0,head
h16_15_10,0.0,1.0,head
h16_15_11,0.0,1.0,head
h16_15_12,0.0,1.0,head
h16_15_13,0.0,1.0,head
h16_15_14,0.0,1.0,head
h16_15_15,0.0,1.0,head
h16_15_16,0.0,1.0,head
h16_15_17,0.0,1.0,head
h16_15_18,0.0,1.0,head
h16_15_19,0.0,1.0,head
h16_15_20,0.0,1.0,head
h16_15_21,0.0,1.0,head
h16_15_22,0.0,1.0,head
h16_15_23,0.0,1.0,head
h16_16_00,0.0,1.0,head
h16_16_01,0.0,1.0,head
h16_16_02,0.0,1.0,head
h16_16_03,0.0,1.0,head
h16_16_04,0.0,1.0,head
h16_16_05,0.0,1.0,head
h16_16_06,0.0,1.0,head
h16_16_07,0.0,1.0,head
h16_16_08,0.0,1.0,head
h16_16_09,0.0,1.0,head
h16_16_10,0.0,1.0,head
h16_16_11,0.0,1.0,head
h16_16_12,0.0,1.0,head
h16_16_13,0.0,1.0,head
h16_16_14,0.0,1.0,head
h16_16_15,0.0,1.0,head
h16_16_16,0.0,1.0,head
h16_16_17,0.0,1.0,head
h16_16_18,0.0,1.0,head
h16_16_19,0.0,1.0,head
h16_16_20,0.0,1.0,head
h16_16_21,0.0,1.0,head
h16_16_22,0.0,1.0,head
h16_16_23,0.0,1.0,head
h16_17_00,0.0,1.0,head
h16_17_01,0.0,1.0,head
h16_17_02,0.0,1.0,head
h16_17_03,0.0,1.0,head
h16_17_04,0.0,1.0,head
h16_17_05,0.0,1.0,head
h16_17_06,0.0,1.0,head
h16_17_07,0.0,1.0,head
h16_17_08,0.0,1.0,head
h16_17_09,0.0,1.0,head
h16_17_10,0.0,1.0,head
h16_17_11,0.0,1.0,head
h16_17_12,0.0,1.0,head
h16_17_13,0.0,1.0,head
h16_17_14,0.0,1.0,head
h16_17_15,0.0,1.0,head
h16_17_16,0.0,1.0,head
h16_17_17,0.0,1.0,head
h16_17_18,0.0,1.0,head
h16_17_19,0.0,1.0,head
h16_17_20,0.0,1.0,head
h16_17_21,0.0,1.0,head
h16_17_22,0.0,1.0,head
h16_17_23,0.0,1.0,head
h16_18_00,0.0,1.0,head
h16_18_01,0.0,1.0,head
h16_18_02,0.0,1.0,head
h16_18_03,0.0,1.0,head
h16_18_04,0.0,1.0,head
h16_18_05,0.0,1.0,head
h16_18_06,0.0,1.0,head
h16_18_07,0.0,1.0,head
h16_18_08,0.0,1.0,head
h16_18_09,0.0,1.0,head
h16_18_10,0.0,1.0,head
h16_18_11,0.0,1.0,head
h16_18_12,0.0,1.0,head
h16_18_13,0.0,1.0,head
h16_18_14,0.0,1.0,head
h16_18_15,0.0,1.0,head
h16_18_16,0.0,1.0,head
h16_18_17,0.0,1.0,head
h16_18_18,0.0,1.0,head
h16_18_19,0.0,1.0,head
h16_18_20,0.0,1.0,head
h16_18_21,0.0,1.0,head
h16_18_22,0.0,1.0,head
h16_18_23,0.0,1.0,head
h16_19_00,0.0,1.0,head
h16_19_01,0.0,1.0,head
h16_19_02,0.0,1.0,head
h16_19_03,0.0,1.0,head
h16_19_04,0.0,1.0,head
h16_19_05,0.0,1.0,head
h16_19_06,0.0,1.0,head
h16_19_07,0.0,1.0,head
h16_19_08,0.0,1.0,head
h16_19_09,0.0,1.0,head
h16_19_10,0.0,1.0,head
h16_19_11,0.0,1.0,head
h16_19_12,0.0,1.0,head
h16_19_13,0.0,1.0,head
h16_19_14,0.0,1.0,head
h16_19_15,0.0,1.0,head
h16_19_16,0.0,1.0,head
h16_19_17,0.0,1.0,head
h16_19_18,0.0,1.0,head
h16_19_19,0.0,1.0,head
h16_19_20,0.0,1.0,head
h16_19_21,0.0,1.0,head
h16_19_22,0.0,1.0,head
h16_19_23,0.0,1.0,head
h16_20_00,0.0,1.0,head
h16_20_01,0.0,1.0,head
h16_20_02,0.0,1.0,head
h16_20_03,0.0,1.0,head
h16_20_04,0.0,1.0,head
h16_20_05,0.0,1.0,head
h16_20_06,0.0,1.0,head
h16_20_07,0.0,1.0,head
h16_20_08,0.0,1.0,head
h16_20_09,0.0,1.0,head
h16_20_10,0.0,1.0,head
h16_20_11,0.0,1.0,head
h16_20_12,0.0,1.0,head
h16_20_13,0.0,1.0,head
h16_20_14,0.0,1.0,head
h16_20_15,0.0,1.0,head
h16_20_16,0.0,1.0,head
h16_20_17,0.0,1.0,head
h16_20_18,0.0,1.0,head
h16_20_19,0.0,1.0,head
h16_20_20,0.0,1.0,head
h16_20_21,0.0,1.0,head
h16_20_22,0.0,1.0,head
h16_20_23,0.0,1.0,head
h16_21_00,0.0,1.0,head
h16_21_01,0.0,1.0,head
h16_21_02,0.0,1.0,head
h16_21_03,0.0,1.0,head
h16_21_04,0.0,1.0,head
h16_21_05,0.0,1.0,head
h16_21_06,0.0,1.0,head
h16_21_07,0.0,1.0,head
h16_21_08,0.0,1.0,head
h16_21_09,0.0,1.0,head
h16_21_10,0.0,1.0,head
h16_21_11,0.0,1.0,head
h16_21_12,0.0,1.0,head
h16_21_13,0.0,1.0,head
h16_21_14,0.0,1.0,head
h16_21_15,0.0,1.0,head
h16_21_16,0.0,1.0,head
h16_21_17,0.0,1.0,head
h16_21_18,0.0,1.0,head
h16_21_19,0.0,1.0,head
h16_21_20,0.0,1.0,head
h16_21_21,0.0,1.0,head
h16_21_22,0.0,1.0,head
h16_21_23,0.0,1.0,head
h16_22_00,0.0,1.0,head
h16_22_01,0.0,1.0,head
h16_22_02,0.0,1.0,head
h16_22_03,0.0,1.0,head
h16_22_04,0.0,1.0,head
h16_22_05,0.0,1.0,head
h16_22_06,0.0,1.0,head
h16_22_07,0.0,1.0,head
h16_22_08,0.0,1.0,head
h16_22_09,0.0,1.0,head
h16_22_10,0.0,1.0,head
h16_22_11,0.0,1.0,head
h16_22_12,0.0,1.0,head
h16_22_13,0.0,1.0,head
h16_22_14,0.0,1.0,head
h16_22_15,0.0,1.0,head
h16_22_16,0.0,1.0,head
h16_22_17,0.0,1.0,head
h16_22_18,0.0,1.0,head
h16_22_19,0.0,1.0,head
h16_22_20,0.0,1.0,head
h16_22_21,0.0,1.0,head
h16_22_22,0.0,1.0,head
h16_22_23,0.0,1.0,head
h16_23_00,0.0,1.0,head
h16_23_01,0.0,1.0,head
h16_23_02,0.0,1.0,head
h16_23_03,0.0,1.0,head
h16_23_04,0.0,1.0,head
h16_23_05,0.0,1.0,head
h16_23_06,0.0,1.0,head
h16_23_07,0.0,1.0,head
h16_23_08,0.0,1.0,head
h16_23_09,0.0,1.0,head
h16_23_10,0.0,1.0,head
h16_23_11,0.0,1.0,head
h16_23_12,0.0,1.0,head
h16_23_13,0.0,1.0,head
h16_23_14,0.0,1.0,head
h16_23_15,0.0,1.0,head
h16_23_16,0.0,1.0,head
h16_23_17,0.0,1.0,head
h16_23_18,0.0,1.0,head
h16_23_19,0.0,1.0,head
h16_23_20,0.0,1.0,head
h16_23_21,0.0,1.0,head
h16_23_22,0.0,1.0,head
h16_23_23,0.0,1.0,head
h16_24_00,0.0,1.0,head
h16_24_01,0.0,1.0,head
h16_24_02,0.0,1.0,head
h16_24_03,0.0,1.0,head
h16_24_04,0.0,1.0,head
h16_24_05,0.0,1.0,head
h16_24_06,0.0,1.0,head
h16_24_07,0.0,1.0,head
h16_24_08,0.0,1.0,head
h16_24_09,0.0,1.0,head
h16_24_10,0.0,1.0,head
h16_24_11,0.0,1.0,head
h16_24_12,0.0,1.0,head
h16_24_13,0.0,1.0,head
h16_24_14,0.0,1.0,head
h16_24_15,0.0,1.0,head
h16_24_16,0.0,1.0,head
h16_24_17,0.0,1.0,head
h16_24_18,0.0,1.0,head
h16_24_19,0.0,1.0,head
h16_24_20,0.0,1.0,head
h16_24_21,0.0,1.0,head
h16_24_22,0.0,1.0,head
h16_24_23,0.0,1.0,head
h16_25_00,0.0,1.0,head
h16_25_01,0.0,1.0,head
h16_25_02,0.0,1.0,head
h16_25_03,0.0,1.0,head
h16_25_04,0.0,1.0,head
h16_25_05,0.0,1.0,head
h16_25_06,0.0,1.0,head
h16_25_07,0.0,1.0,head
h16_25_08,0.0,1.0,head
h16_25_09,0.0,1.0,head
h16_25_10,0.0,1.0,head
h16_25_11,0.0,1.0,head
h16_25_12,0.0,1.0,head
h16_25_13,0.0,1.0,head
h16_25_14,0.0,1.0,head
h16_25_15,0.0,1.0,head
h16_25_16,0.0,1.0,head
h16_25_17,0.0,1.0,head
h16_25_18,0.0,1.0,head
h16_25_19,0.0,1.0,head
h16_25_20,0.0,1.0,head
h16_25_21,0.0,1.0,head
h16_25_22,0.0,1.0,head
h16_25_23,0.0,1.0,head
h16_26_00,0.0,1.0,head
h16_26_01,0.0,1.0,head
h16_26_02,0.0,1.0,head
h16_26_03,0.0,1.0,head
h16_26_04,0.0,1.0,head
h16_26_05,0.0,1.0,head
h16_26_06,0.0,1.0,head
h16_26_07,0.0,1.0,head
h16_26_08,0.0,1.0,head
h16_26_09,0.0,1.0,head
h16_26_10,0.0,1.0,head
h16_26_11,0.0,1.0,head
h16_26_12,0.0,1.0,head
h16_26_13,0.0,1.0,head
h16_26_14,0.0,1.0,head
h16_26_15,0.0,1.0,head
h16_26_16,0.0,1.0,head
h16_26_17,0.0,1.0,head
h16_26_18,0.0,1.0,head
h16_26_19,0.0,1.0,head
h16_26_20,0.0,1.0,head
h16_26_21,0.0,1.0,head
h16_26_22,0.0,1.0,head
h16_26_23,0.0,1.0,head
h16_27_00,0.0,1.0,head
h16_27_01,0.0,1.0,head
h16_27_02,0.0,1.0,head
h16_27_03,0.0,1.0,head
h16_27_04,0.0,1.0,head
h16_27_05,0.0,1.0,head
h16_27_06,0.0,1.0,head
h16_27_07,0.0,1.0,head
h16_27_08,0.0,1.0,head
h16_27_09,0.0,1.0,head
h16_27_10,0.0,1.0,head
h16_27_11,0.0,1.0,head
h16_27_12,0.0,1.0,head
h16_27_13,0.0,1.0,head
h16_27_14,0.0,1.0,head
h16_27_15,0.0,1.0,head
h16_27_16,0.0,1.0,head
h16_27_17,0.0,1.0,head
h16_27_18,0.0,1.0,head
h16_27_19,0.0,1.0,head
h16_27_20,0.0,1.0,head
h16_27_21,0.0,1.0,head
h16_27_22,0.0,1.0,head
h16_27_23,0.0,1.0,head
h16_28_00,0.0,1.0,head
h16_28_01,0.0,1.0,head
h16_28_02,0.0,1.0,head
h16_28_03,0.0,1.0,head
h16_28_04,0.0,1.0,head
h16_28_05,0.0,1.0,head
h16_28_06,0.0,1.0,head
h16_28_07,0.0,1.0,head
h16_28_08,0.0,1.0,head
h16_28_09,0.0,1.0,head
h16_28_10,0.0,1.0,head
h16_28_11,0.0,1.0,head
h16_28_12,0.0,1.0,head
h16_28_13,0.0,1.0,head
h16_28_14,0.0,1.0,head
h16_28_15,0.0,1.0,head
h16_28_16,0.0,1.0,head
h16_28_17,0.0,1.0,head
h16_28_18,0.0,1.0,head
h16_28_19,0.0,1.0,head
h16_28_20,0.0,1.0,head
h16_28_21,0.0,1.0,head
h16_28_22,0.0,1.0,head
h16_28_23,0.0,1.0,head
h16_29_00,0.0,1.0,head
h16_29_01,0.0,1.0,head
h16_29_02,0.0,1.0,head
h16_29_03,0.0,1.0,head
h16_29_04,0.0,1.0,head
h16_29_05,0.0,1.0,head
h16_29_06,0.0,1.0,head
h16_29_07,0.0,1.0,head
h16_29_08,0.0,1.0,head
h16_29_09,0.0,1.0,head
h16_29_10,0.0,1.0,head
h16_29_11,0.0,1.0,head
h16_29_12,0.0,1.0,head
h16_29_13,0.0,1.0,head
h16_29_14,0.0,1.0,head
h16_29_15,0.0,1.0,head
h16_29_16,0.0,1.0,head
h16_29_17,0.0,1.0,head
h16_29_18,0.0,1.0,head
h16_29_19,0.0,1.0,head
h16_29_20,0.0,1.0,head
h16_29_21,0.0,1.0,head
h16_29_22,0.0,1.0,head
h16_29_23,0.0,1.0,head
h17_00_00,0.0,1.0,head
h17_00_01,0.0,1.0,head
h17_00_02,0.0,1.0,head
h17_00_03,0.0,1.0,head
h17_00_04,0.0,1.0,head
h17_00_05,0.0,1.0,head
h17_00_06,0.0,1.0,head
h17_00_07,0.0,1.0,head
h17_00_08,0.0,1.0,head
h17_00_09,0.0,1.0,head
h17_00_10,0.0,1.0,head
h17_00_11,0.0,1.0,head
h17_00_12,0.0,1.0,head
h17_00_13,0.0,1.0,head
h17_00_14,0.0,1.0,head
h17_00_15,0.0,1.0,head
h17_00_16,0.0,1.0,head
h17_00_17,0.0,1.0,head
h17_00_18,0.0,1.0,head
h17_00_19,0.0,1.0,head
h17_00_20,0.0,1.0,head
h17_00_21,0.0,1.0,head
h17_00_22,0.0,1.0,head
h17_00_23,0.0,1.0,head
h17_01_00,0.0,1.0,head
h17_01_01,0.0,1.0,head
h17_01_02,0.0,1.0,head
h17_01_03,0.0,1.0,head
h17_01_04,0.0,1.0,head
h17_01_05,0.0,1.0,head
h17_01_06,0.0,1.0,head
h17_01_07,0.0,1.0,head
h17_01_08,0.0,1.0,head
h17_01_09,0.0,1.0,head
h17_01_10,0.0,1.0,head
h17_01_11,0.0,1.0,head
h17_01_12,0.0,1.0,head
h17_01_13,0.0,1.0,head
h17_01_14,0.0,1.0,head
h17_01_15,0.0,1.0,head
h17_01_16,0.0,1.0,head
h17_01_17,0.0,1.0,head
h17_01_18,0.0,1.0,head
h17_01_19,0.0,1.0,head
h17_01_20,0.0,1.0,head
h17_01_21,0.0,1.0,head
h17_01_22,0.0,1.0,head
h17_01_23,0.0,1.0,head
h17_02_00,0.0,1.0,head
h17_02_01,0.0,1.0,head
h17_02_02,0.0,1.0,head
h17_02_03,0.0,1.0,head
h17_02_04,0.0,1.0,head
h17_02_05,0.0,1.0,head
h17_02_06,0.0,1.0,head
h17_02_07,0.0,1.0,head
h17_02_08,0.0,1.0,head
h17_02_09,0.0,1.0,head
h17_02_10,0.0,1.0,head
h17_02_11,0.0,1.0,head
h17_02_12,0.0,1.0,head
h17_02_13,0.0,1.0,head
h17_02_14,0.0,1.0,head
h17_02_15,0.0,1.0,head
h17_02_16,0.0,1.0,head
h17_02_17,0.0,1.0,head
h17_02_18,0.0,1.0,head
h17_02_19,0.0,1.0,head
h17_02_20,0.0,1.0,head
h17_02_21,0.0,1.0,head
h17_02_22,0.0,1.0,head
h17_02_23,0.0,1.0,head
h17_03_00,0.0,1.0,head
h17_03_01,0.0,1.0,head
h17_03_02,0.0,1.0,head
h17_03_03,0.0,1.0,head
h17_03_04,0.0,1.0,head
h17_03_05,0.0,1.0,head
h17_03_06,0.0,1.0,head
h17_03_07,0.0,1.0,head
h17_03_08,0.0,1.0,head
h17_03_09,0.0,1.0,head
h17_03_10,0.0,1.0,head
h17_03_11,0.0,1.0,head
h17_03_12,0.0,1.0,head
h17_03_13,0.0,1.0,head
h17_03_14,0.0,1.0,head
h17_03_15,0.0,1.0,head
h17_03_16,0.0,1.0,head
h17_03_17,0.0,1.0,head
h17_03_18,0.0,1.0,head
h17_03_19,0.0,1.0,head
h17_03_20,0.0,1.0,head
h17_03_21,0.0,1.0,head
h17_03_22,0.0,1.0,head
h17_03_23,0.0,1.0,head
h17_04_00,0.0,1.0,head
h17_04_01,0.0,1.0,head
h17_04_02,0.0,1.0,head
h17_04_03,0.0,1.0,head
h17_04_04,0.0,1.0,head
h17_04_05,0.0,1.0,head
h17_04_06,0.0,1.0,head
h17_04_07,0.0,1.0,head
h17_04_08,0.0,1.0,head
h17_04_09,0.0,1.0,head
h17_04_10,0.0,1.0,head
h17_04_11,0.0,1.0,head
h17_04_12,0.0,1.0,head
h17_04_13,0.0,1.0,head
h17_04_14,0.0,1.0,head
h17_04_15,0.0,1.0,head
h17_04_16,0.0,1.0,head
h17_04_17,0.0,1.0,head
h17_04_18,0.0,1.0,head
h17_04_19,0.0,1.0,head
h17_04_20,0.0,1.0,head
h17_04_21,0.0,1.0,head
h17_04_22,0.0,1.0,head
h17_04_23,0.0,1.0,head
h17_05_00,0.0,1.0,head
h17_05_01,0.0,1.0,head
h17_05_02,0.0,1.0,head
h17_05_03,0.0,1.0,head
h17_05_04,0.0,1.0,head
h17_05_05,0.0,1.0,head
h17_05_06,0.0,1.0,head
h17_05_07,0.0,1.0,head
h17_05_08,0.0,1.0,head
h17_05_09,0.0,1.0,head
h17_05_10,0.0,1.0,head
h17_05_11,0.0,1.0,head
h17_05_12,0.0,1.0,head
h17_05_13,0.0,1.0,head
h17_05_14,0.0,1.0,head
h17_05_15,0.0,1.0,head
h17_05_16,0.0,1.0,head
h17_05_17,0.0,1.0,head
h17_05_18,0.0,1.0,head
h17_05_19,0.0,1.0,head
h17_05_20,0.0,1.0,head
h17_05_21,0.0,1.0,head
h17_05_22,0.0,1.0,head
h17_05_23,0.0,1.0,head
h17_06_00,0.0,1.0,head
h17_06_01,0.0,1.0,head
h17_06_02,0.0,1.0,head
h17_06_03,0.0,1.0,head
h17_06_04,0.0,1.0,head
h17_06_05,0.0,1.0,head
h17_06_06,0.0,1.0,head
h17_06_07,0.0,1.0,head
h17_06_08,0.0,1.0,head
h17_06_09,0.0,1.0,head
h17_06_10,0.0,1.0,head
h17_06_11,0.0,1.0,head
h17_06_12,0.0,1.0,head
h17_06_13,0.0,1.0,head
h17_06_14,0.0,1.0,head
h17_06_15,0.0,1.0,head
h17_06_16,0.0,1.0,head
h17_06_17,0.0,1.0,head
h17_06_18,0.0,1.0,head
h17_06_19,0.0,1.0,head
h17_06_20,0.0,1.0,head
h17_06_21,0.0,1.0,head
h17_06_22,0.0,1.0,head
h17_06_23,0.0,1.0,head
h17_07_00,0.0,1.0,head
h17_07_01,0.0,1.0,head
h17_07_02,0.0,1.0,head
h17_07_03,0.0,1.0,head
h17_07_04,0.0,1.0,head
h17_07_05,0.0,1.0,head
h17_07_06,0.0,1.0,head
h17_07_07,0.0,1.0,head
h17_07_08,0.0,1.0,head
h17_07_09,0.0,1.0,head
h17_07_10,0.0,1.0,head
h17_07_11,0.0,1.0,head
h17_07_12,0.0,1.0,head
h17_07_13,0.0,1.0,head
h17_07_14,0.0,1.0,head
h17_07_15,0.0,1.0,head
h17_07_16,0.0,1.0,head
h17_07_17,0.0,1.0,head
h17_07_18,0.0,1.0,head
h17_07_19,0.0,1.0,head
h17_07_20,0.0,1.0,head
h17_07_21,0.0,1.0,head
h17_07_22,0.0,1.0,head
h17_07_23,0.0,1.0,head
h17_08_00,0.0,1.0,head
h17_08_01,0.0,1.0,head
h17_08_02,0.0,1.0,head
h17_08_03,0.0,1.0,head
h17_08_04,0.0,1.0,head
h17_08_05,0.0,1.0,head
h17_08_06,0.0,1.0,head
h17_08_07,0.0,1.0,head
h17_08_08,0.0,1.0,head
h17_08_09,0.0,1.0,head
h17_08_10,0.0,1.0,head
h17_08_11,0.0,1.0,head
h17_08_12,0.0,1.0,head
h17_08_13,0.0,1.0,head
h17_08_14,0.0,1.0,head
h17_08_15,0.0,1.0,head
h17_08_16,0.0,1.0,head
h17_08_17,0.0,1.0,head
h17_08_18,0.0,1.0,head
h17_08_19,0.0,1.0,head
h17_08_20,0.0,1.0,head
h17_08_21,0.0,1.0,head
h17_08_22,0.0,1.0,head
h17_08_23,0.0,1.0,head
h17_09_00,0.0,1.0,head
h17_09_01,0.0,1.0,head
h17_09_02,0.0,1.0,head
h17_09_03,0.0,1.0,head
h17_09_04,0.0,1.0,head
h17_09_05,0.0,1.0,head
h17_09_06,0.0,1.0,head
h17_09_07,0.0,1.0,head
h17_09_08,0.0,1.0,head
h17_09_09,0.0,1.0,head
h17_09_10,0.0,1.0,head
h17_09_11,0.0,1.0,head
h17_09_12,0.0,1.0,head
h17_09_13,0.0,1.0,head
h17_09_14,0.0,1.0,head
h17_09_15,0.0,1.0,head
h17_09_16,0.0,1.0,head
h17_09_17,0.0,1.0,head
h17_09_18,0.0,1.0,head
h17_09_19,0.0,1.0,head
h17_09_20,0.0,1.0,head
h17_09_21,0.0,1.0,head
h17_09_22,0.0,1.0,head
h17_09_23,0.0,1.0,head
h17_10_00,0.0,1.0,head
h17_10_01,0.0,1.0,head
h17_10_02,0.0,1.0,head
h17_10_03,0.0,1.0,head
h17_10_04,0.0,1.0,head
h17_10_05,0.0,1.0,head
h17_10_06,0.0,1.0,head
h17_10_07,0.0,1.0,head
h17_10_08,0.0,1.0,head
h17_10_09,0.0,1.0,head
h17_10_10,0.0,1.0,head
h17_10_11,0.0,1.0,head
h17_10_12,0.0,1.0,head
h17_10_13,0.0,1.0,head
h17_10_14,0.0,1.0,head
h17_10_15,0.0,1.0,head
h17_10_16,0.0,1.0,head
h17_10_17,0.0,1.0,head
h17_10_18,0.0,1.0,head
h17_10_19,0.0,1.0,head
h17_10_20,0.0,1.0,head
h17_10_21,0.0,1.0,head
h17_10_22,0.0,1.0,head
h17_10_23,0.0,1.0,head
h17_11_00,0.0,1.0,head
h17_11_01,0.0,1.0,head
h17_11_02,0.0,1.0,head
h17_11_03,0.0,1.0,head
h17_11_04,0.0,1.0,head
h17_11_05,0.0,1.0,head
h17_11_06,0.0,1.0,head
h17_11_07,0.0,1.0,head
h17_11_08,0.0,1.0,head
h17_11_09,0.0,1.0,head
h17_11_10,0.0,1.0,head
h17_11_11,0.0,1.0,head
h17_11_12,0.0,1.0,head
h17_11_13,0.0,1.0,head
h17_11_14,0.0,1.0,head
h17_11_15,0.0,1.0,head
h17_11_16,0.0,1.0,head
h17_11_17,0.0,1.0,head
h17_11_18,0.0,1.0,head
h17_11_19,0.0,1.0,head
h17_11_20,0.0,1.0,head
h17_11_21,0.0,1.0,head
h17_11_22,0.0,1.0,head
h17_11_23,0.0,1.0,head
h17_12_00,0.0,1.0,head
h17_12_01,0.0,1.0,head
h17_12_02,0.0,1.0,head
h17_12_03,0.0,1.0,head
h17_12_04,0.0,1.0,head
h17_12_05,0.0,1.0,head
h17_12_06,0.0,1.0,head
h17_12_07,0.0,1.0,head
h17_12_08,0.0,1.0,head
h17_12_09,0.0,1.0,head
h17_12_10,0.0,1.0,head
h17_12_11,0.0,1.0,head
h17_12_12,0.0,1.0,head
h17_12_13,0.0,1.0,head
h17_12_14,0.0,1.0,head
h17_12_15,0.0,1.0,head
h17_12_16,0.0,1.0,head
h17_12_17,0.0,1.0,head
h17_12_18,0.0,1.0,head
h17_12_19,0.0,1.0,head
h17_12_20,0.0,1.0,head
h17_12_21,0.0,1.0,head
h17_12_22,0.0,1.0,head
h17_12_23,0.0,1.0,head
h17_13_00,0.0,1.0,head
h17_13_01,0.0,1.0,head
h17_13_02,0.0,1.0,head
h17_13_03,0.0,1.0,head
h17_13_04,0.0,1.0,head
h17_13_05,0.0,1.0,head
h17_13_06,0.0,1.0,head
h17_13_07,0.0,1.0,head
h17_13_08,0.0,1.0,head
h17_13_09,0.0,1.0,head
h17_13_10,0.0,1.0,head
h17_13_11,0.0,1.0,head
h17_13_12,0.0,1.0,head
h17_13_13,0.0,1.0,head
h17_13_14,0.0,1.0,head
h17_13_15,0.0,1.0,head
h17_13_16,0.0,1.0,head
h17_13_17,0.0,1.0,head
h17_13_18,0.0,1.0,head
h17_13_19,0.0,1.0,head
h17_13_20,0.0,1.0,head
h17_13_21,0.0,1.0,head
h17_13_22,0.0,1.0,head
h17_13_23,0.0,1.0,head
h17_14_00,0.0,1.0,head
h17_14_01,0.0,1.0,head
h17_14_02,0.0,1.0,head
h17_14_03,0.0,1.0,head
h17_14_04,0.0,1.0,head
h17_14_05,0.0,1.0,head
h17_14_06,0.0,1.0,head
h17_14_07,0.0,1.0,head
h17_14_08,0.0,1.0,head
h17_14_09,0.0,1.0,head
h17_14_10,0.0,1.0,head
h17_14_11,0.0,1.0,head
h17_14_12,0.0,1.0,head
h17_14_13,0.0,1.0,head
h17_14_14,0.0,1.0,head
h17_14_15,0.0,1.0,head
h17_14_16,0.0,1.0,head
h17_14_17,0.0,1.0,head
h17_14_18,0.0,1.0,head
h17_14_19,0.0,1.0,head
h17_14_20,0.0,1.0,head
h17_14_21,0.0,1.0,head
h17_14_22,0.0,1.0,head
h17_14_23,0.0,1.0,head
h17_15_00,0.0,1.0,head
h17_15_01,0.0,1.0,head
h17_15_02,0.0,1.0,head
h17_15_03,0.0,1.0,head
h17_15_04,0.0,1.0,head
h17_15_05,0.0,1.0,head
h17_15_06,0.0,1.0,head
h17_15_07,0.0,1.0,head
h17_15_08,0.0,1.0,head
h17_15_09,0.0,1.0,head
h17_15_10,0.0,1.0,head
h17_15_11,0.0,1.0,head
h17_15_12,0.0,1.0,head
h17_15_13,0.0,1.0,head
h17_15_14,0.0,1.0,head
h17_15_15,0.0,1.0,head
h17_15_16,0.0,1.0,head
h17_15_17,0.0,1.0,head
h17_15_18,0.0,1.0,head
h17_15_19,0.0,1.0,head
h17_15_20,0.0,1.0,head
h17_15_21,0.0,1.0,head
h17_15_22,0.0,1.0,head
h17_15_23,0.0,1.0,head
h17_16_00,0.0,1.0,head
h17_16_01,0.0,1.0,head
h17_16_02,0.0,1.0,head
h17_16_03,0.0,1.0,head
h17_16_04,0.0,1.0,head
h17_16_05,0.0,1.0,head
h17_16_06,0.0,1.0,head
h17_16_07,0.0,1.0,head
h17_16_08,0.0,1.0,head
h17_16_09,0.0,1.0,head
h17_16_10,0.0,1.0,head
h17_16_11,0.0,1.0,head
h17_16_12,0.0,1.0,head
h17_16_13,0.0,1.0,head
h17_16_14,0.0,1.0,head
h17_16_15,0.0,1.0,head
h17_16_16,0.0,1.0,head
h17_16_17,0.0,1.0,head
h17_16_18,0.0,1.0,head
h17_16_19,0.0,1.0,head
h17_16_20,0.0,1.0,head
h17_16_21,0.0,1.0,head
h17_16_22,0.0,1.0,head
h17_16_23,0.0,1.0,head
h17_17_00,0.0,1.0,head
h17_17_01,0.0,1.0,head
h17_17_02,0.0,1.0,head
h17_17_03,0.0,1.0,head
h17_17_04,0.0,1.0,head
h17_17_05,0.0,1.0,head
h17_17_06,0.0,1.0,head
h17_17_07,0.0,1.0,head
h17_17_08,0.0,1.0,head
h17_17_09,0.0,1.0,head
h17_17_10,0.0,1.0,head
h17_17_11,0.0,1.0,head
h17_17_12,0.0,1.0,head
h17_17_13,0.0,1.0,head
h17_17_14,0.0,1.0,head
h17_17_15,0.0,1.0,head
h17_17_16,0.0,1.0,head
h17_17_17,0.0,1.0,head
h17_17_18,0.0,1.0,head
h17_17_19,0.0,1.0,head
h17_17_20,0.0,1.0,head
h17_17_21,0.0,1.0,head
h17_17_22,0.0,1.0,head
h17_17_23,0.0,1.0,head
h17_18_00,0.0,1.0,head
h17_18_01,0.0,1.0,head
h17_18_02,0.0,1.0,head
h17_18_03,0.0,1.0,head
h17_18_04,0.0,1.0,head
h17_18_05,0.0,1.0,head
h17_18_06,0.0,1.0,head
h17_18_07,0.0,1.0,head
h17_18_08,0.0,1.0,head
h17_18_09,0.0,1.0,head
h17_18_10,0.0,1.0,head
h17_18_11,0.0,1.0,head
h17_18_12,0.0,1.0,head
h17_18_13,0.0,1.0,head
h17_18_14,0.0,1.0,head
h17_18_15,0.0,1.0,head
h17_18_16,0.0,1.0,head
h17_18_17,0.0,1.0,head
h17_18_18,0.0,1.0,head
h17_18_19,0.0,1.0,head
h17_18_20,0.0,1.0,head
h17_18_21,0.0,1.0,head
h17_18_22,0.0,1.0,head
h17_18_23,0.0,1.0,head
h17_19_00,0.0,1.0,head
h17_19_01,0.0,1.0,head
h17_19_02,0.0,1.0,head
h17_19_03,0.0,1.0,head
h17_19_04,0.0,1.0,head
h17_19_05,0.0,1.0,head
h17_19_06,0.0,1.0,head
h17_19_07,0.0,1.0,head
h17_19_08,0.0,1.0,head
h17_19_09,0.0,1.0,head
h17_19_10,0.0,1.0,head
h17_19_11,0.0,1.0,head
h17_19_12,0.0,1.0,head
h17_19_13,0.0,1.0,head
h17_19_14,0.0,1.0,head
h17_19_15,0.0,1.0,head
h17_19_16,0.0,1.0,head
h17_19_17,0.0,1.0,head
h17_19_18,0.0,1.0,head
h17_19_19,0.0,1.0,head
h17_19_20,0.0,1.0,head
h17_19_21,0.0,1.0,head
h17_19_22,0.0,1.0,head
h17_19_23,0.0,1.0,head
h17_20_00,0.0,1.0,head
h17_20_01,0.0,1.0,head
h17_20_02,0.0,1.0,head
h17_20_03,0.0,1.0,head
h17_20_04,0.0,1.0,head
h17_20_05,0.0,1.0,head
h17_20_06,0.0,1.0,head
h17_20_07,0.0,1.0,head
h17_20_08,0.0,1.0,head
h17_20_09,0.0,1.0,head
h17_20_10,0.0,1.0,head
h17_20_11,0.0,1.0,head
h17_20_12,0.0,1.0,head
h17_20_13,0.0,1.0,head
h17_20_14,0.0,1.0,head
h17_20_15,0.0,1.0,head
h17_20_16,0.0,1.0,head
h17_20_17,0.0,1.0,head
h17_20_18,0.0,1.0,head
h17_20_19,0.0,1.0,head
h17_20_20,0.0,1.0,head
h17_20_21,0.0,1.0,head
h17_20_22,0.0,1.0,head
h17_20_23,0.0,1.0,head
h17_21_00,0.0,1.0,head
h17_21_01,0.0,1.0,head
h17_21_02,0.0,1.0,head
h17_21_03,0.0,1.0,head
h17_21_04,0.0,1.0,head
h17_21_05,0.0,1.0,head
h17_21_06,0.0,1.0,head
h17_21_07,0.0,1.0,head
h17_21_08,0.0,1.0,head
h17_21_09,0.0,1.0,head
h17_21_10,0.0,1.0,head
h17_21_11,0.0,1.0,head
h17_21_12,0.0,1.0,head
h17_21_13,0.0,1.0,head
h17_21_14,0.0,1.0,head
h17_21_15,0.0,1.0,head
h17_21_16,0.0,1.0,head
h17_21_17,0.0,1.0,head
h17_21_18,0.0,1.0,head
h17_21_19,0.0,1.0,head
h17_21_20,0.0,1.0,head
h17_21_21,0.0,1.0,head
h17_21_22,0.0,1.0,head
h17_21_23,0.0,1.0,head
h17_22_00,0.0,1.0,head
h17_22_01,0.0,1.0,head
h17_22_02,0.0,1.0,head
h17_22_03,0.0,1.0,head
h17_22_04,0.0,1.0,head
h17_22_05,0.0,1.0,head
h17_22_06,0.0,1.0,head
h17_22_07,0.0,1.0,head
h17_22_08,0.0,1.0,head
h17_22_09,0.0,1.0,head
h17_22_10,0.0,1.0,head
h17_22_11,0.0,1.0,head
h17_22_12,0.0,1.0,head
h17_22_13,0.0,1.0,head
h17_22_14,0.0,1.0,head
h17_22_15,0.0,1.0,head
h17_22_16,0.0,1.0,head
h17_22_17,0.0,1.0,head
h17_22_18,0.0,1.0,head
h17_22_19,0.0,1.0,head
h17_22_20,0.0,1.0,head
h17_22_21,0.0,1.0,head
h17_22_22,0.0,1.0,head
h17_22_23,0.0,1.0,head
h17_23_00,0.0,1.0,head
h17_23_01,0.0,1.0,head
h17_23_02,0.0,1.0,head
h17_23_03,0.0,1.0,head
h17_23_04,0.0,1.0,head
h17_23_05,0.0,1.0,head
h17_23_06,0.0,1.0,head
h17_23_07,0.0,1.0,head
h17_23_08,0.0,1.0,head
h17_23_09,0.0,1.0,head
h17_23_10,0.0,1.0,head
h17_23_11,0.0,1.0,head
h17_23_12,0.0,1.0,head
h17_23_13,0.0,1.0,head
h17_23_14,0.0,1.0,head
h17_23_15,0.0,1.0,head
h17_23_16,0.0,1.0,head
h17_23_17,0.0,1.0,head
h17_23_18,0.0,1.0,head
h17_23_19,0.0,1.0,head
h17_23_20,0.0,1.0,head
h17_23_21,0.0,1.0,head
h17_23_22,0.0,1.0,head
h17_23_23,0.0,1.0,head
h17_24_00,0.0,1.0,head
h17_24_01,0.0,1.0,head
h17_24_02,0.0,1.0,head
h17_24_03,0.0,1.0,head
h17_24_04,0.0,1.0,head
h17_24_05,0.0,1.0,head
h17_24_06,0.0,1.0,head
h17_24_07,0.0,1.0,head
h17_24_08,0.0,1.0,head
h17_24_09,0.0,1.0,head
h17_24_10,0.0,1.0,head
h17_24_11,0.0,1.0,head
h17_24_12,0.0,1.0,head
h17_24_13,0.0,1.0,head
h17_24_14,0.0,1.0,head
h17_24_15,0.0,1.0,head
h17_24_16,0.0,1.0,head
h17_24_17,0.0,1.0,head
h17_24_18,0.0,1.0,head
h17_24_19,0.0,1.0,head
h17_24_20,0.0,1.0,head
h17_24_21,0.0,1.0,head
h17_24_22,0.0,1.0,head
h17_24_23,0.0,1.0,head
h17_25_00,0.0,1.0,head
h17_25_01,0.0,1.0,head
h17_25_02,0.0,1.0,head
h17_25_03,0.0,1.0,head
h17_25_04,0.0,1.0,head
h17_25_05,0.0,1.0,head
h17_25_06,0.0,1.0,head
h17_25_07,0.0,1.0,head
h17_25_08,0.0,1.0,head
h17_25_09,0.0,1.0,head
h17_25_10,0.0,1.0,head
h17_25_11,0.0,1.0,head
h17_25_12,0.0,1.0,head
h17_25_13,0.0,1.0,head
h17_25_14,0.0,1.0,head
h17_25_15,0.0,1.0,head
h17_25_16,0.0,1.0,head
h17_25_17,0.0,1.0,head
h17_25_18,0.0,1.0,head
h17_25_19,0.0,1.0,head
h17_25_20,0.0,1.0,head
h17_25_21,0.0,1.0,head
h17_25_22,0.0,1.0,head
h17_25_23,0.0,1.0,head
h17_26_00,0.0,1.0,head
h17_26_01,0.0,1.0,head
h17_26_02,0.0,1.0,head
h17_26_03,0.0,1.0,head
h17_26_04,0.0,1.0,head
h17_26_05,0.0,1.0,head
h17_26_06,0.0,1.0,head
h17_26_07,0.0,1.0,head
h17_26_08,0.0,1.0,head
h17_26_09,0.0,1.0,head
h17_26_10,0.0,1.0,head
h17_26_11,0.0,1.0,head
h17_26_12,0.0,1.0,head
h17_26_13,0.0,1.0,head
h17_26_14,0.0,1.0,head
h17_26_15,0.0,1.0,head
h17_26_16,0.0,1.0,head
h17_26_17,0.0,1.0,head
h17_26_18,0.0,1.0,head
h17_26_19,0.0,1.0,head
h17_26_20,0.0,1.0,head
h17_26_21,0.0,1.0,head
h17_26_22,0.0,1.0,head
h17_26_23,0.0,1.0,head
h17_27_00,0.0,1.0,head
h17_27_01,0.0,1.0,head
h17_27_02,0.0,1.0,head
h17_27_03,0.0,1.0,head
h17_27_04,0.0,1.0,head
h17_27_05,0.0,1.0,head
h17_27_06,0.0,1.0,head
h17_27_07,0.0,1.0,head
h17_27_08,0.0,1.0,head
h17_27_09,0.0,1.0,head
h17_27_10,0.0,1.0,head
h17_27_11,0.0,1.0,head
h17_27_12,0.0,1.0,head
h17_27_13,0.0,1.0,head
h17_27_14,0.0,1.0,head
h17_27_15,0.0,1.0,head
h17_27_16,0.0,1.0,head
h17_27_17,0.0,1.0,head
h17_27_18,0.0,1.0,head
h17_27_19,0.0,1.0,head
h17_27_20,0.0,1.0,head
h17_27_21,0.0,1.0,head
h17_27_22,0.0,1.0,head
h17_27_23,0.0,1.0,head
h17_28_00,0.0,1.0,head
h17_28_01,0.0,1.0,head
h17_28_02,0.0,1.0,head
h17_28_03,0.0,1.0,head
h17_28_04,0.0,1.0,head
h17_28_05,0.0,1.0,head
h17_28_06,0.0,1.0,head
h17_28_07,0.0,1.0,head
h17_28_08,0.0,1.0,head
h17_28_09,0.0,1.0,head
h17_28_10,0.0,1.0,head
h17_28_11,0.0,1.0,head
h17_28_12,0.0,1.0,head
h17_28_13,0.0,1.0,head
h17_28_14,0.0,1.0,head
h17_28_15,0.0,1.0,head
h17_28_16,0.0,1.0,head
h17_28_17,0.0,1.0,head
h17_28_18,0.0,1.0,head
h17_28_19,0.0,1.0,head
h17_28_20,0.0,1.0,head
h17_28_21,0.0,1.0,head
h17_28_22,0.0,1.0,head
h17_28_23,0.0,1.0,head
h17_29_00,0.0,1.0,head
h17_29_01,0.0,1.0,head
h17_29_02,0.0,1.0,head
h17_29_03,0.0,1.0,head
h17_29_04,0.0,1.0,head
h17_29_05,0.0,1.0,head
h17_29_06,0.0,1.0,head
h17_29_07,0.0,1.0,head
h17_29_08,0.0,1.0,head
h17_29_09,0.0,1.0,head
h17_29_10,0.0,1.0,head
h17_29_11,0.0,1.0,head
h17_29_12,0.0,1.0,head
h17_29_13,0.0,1.0,head
h17_29_14,0.0,1.0,head
h17_29_15,0.0,1.0,head
h17_29_16,0.0,1.0,head
h17_29_17,0.0,1.0,head
h17_29_18,0.0,1.0,head
h17_29_19,0.0,1.0,head
h17_29_20,0.0,1.0,head
h17_29_21,0.0,1.0,head
h17_29_22,0.0,1.0,head
h17_29_23,0.0,1.0,head
h18_00_00,0.0,1.0,head
h18_00_01,0.0,1.0,head
h18_00_02,0.0,1.0,head
h18_00_03,0.0,1.0,head
h18_00_04,0.0,1.0,head
h18_00_05,0.0,1.0,head
h18_00_06,0.0,1.0,head
h18_00_07,0.0,1.0,head
h18_00_08,0.0,1.0,head
h18_00_09,0.0,1.0,head
h18_00_10,0.0,1.0,head
h18_00_11,0.0,1.0,head
h18_00_12,0.0,1.0,head
h18_00_13,0.0,1.0,head
h18_00_14,0.0,1.0,head
h18_00_15,0.0,1.0,head
h18_00_16,0.0,1.0,head
h18_00_17,0.0,1.0,head
h18_00_18,0.0,1.0,head
h18_00_19,0.0,1.0,head
h18_00_20,0.0,1.0,head
h18_00_21,0.0,1.0,head
h18_00_22,0.0,1.0,head
h18_00_23,0.0,1.0,head
h18_01_00,0.0,1.0,head
h18_01_01,0.0,1.0,head
h18_01_02,0.0,1.0,head
h18_01_03,0.0,1.0,head
h18_01_04,0.0,1.0,head
h18_01_05,0.0,1.0,head
h18_01_06,0.0,1.0,head
h18_01_07,0.0,1.0,head
h18_01_08,0.0,1.0,head
h18_01_09,0.0,1.0,head
h18_01_10,0.0,1.0,head
h18_01_11,0.0,1.0,head
h18_01_12,0.0,1.0,head
h18_01_13,0.0,1.0,head
h18_01_14,0.0,1.0,head
h18_01_15,0.0,1.0,head
h18_01_16,0.0,1.0,head
h18_01_17,0.0,1.0,head
h18_01_18,0.0,1.0,head
h18_01_19,0.0,1.0,head
h18_01_20,0.0,1.0,head
h18_01_21,0.0,1.0,head
h18_01_22,0.0,1.0,head
h18_01_23,0.0,1.0,head
h18_02_00,0.0,1.0,head
h18_02_01,0.0,1.0,head
h18_02_02,0.0,1.0,head
h18_02_03,0.0,1.0,head
h18_02_04,0.0,1.0,head
h18_02_05,0.0,1.0,head
h18_02_06,0.0,1.0,head
h18_02_07,0.0,1.0,head
h18_02_08,0.0,1.0,head
h18_02_09,0.0,1.0,head
h18_02_10,0.0,1.0,head
h18_02_11,0.0,1.0,head
h18_02_12,0.0,1.0,head
h18_02_13,0.0,1.0,head
h18_02_14,0.0,1.0,head
h18_02_15,0.0,1.0,head
h18_02_16,0.0,1.0,head
h18_02_17,0.0,1.0,head
h18_02_18,0.0,1.0,head
h18_02_19,0.0,1.0,head
h18_02_20,0.0,1.0,head
h18_02_21,0.0,1.0,head
h18_02_22,0.0,1.0,head
h18_02_23,0.0,1.0,head
h18_03_00,0.0,1.0,head
h18_03_01,0.0,1.0,head
h18_03_02,0.0,1.0,head
h18_03_03,0.0,1.0,head
h18_03_04,0.0,1.0,head
h18_03_05,0.0,1.0,head
h18_03_06,0.0,1.0,head
h18_03_07,0.0,1.0,head
h18_03_08,0.0,1.0,head
h18_03_09,0.0,1.0,head
h18_03_10,0.0,1.0,head
h18_03_11,0.0,1.0,head
h18_03_12,0.0,1.0,head
h18_03_13,0.0,1.0,head
h18_03_14,0.0,1.0,head
h18_03_15,0.0,1.0,head
h18_03_16,0.0,1.0,head
h18_03_17,0.0,1.0,head
h18_03_18,0.0,1.0,head
h18_03_19,0.0,1.0,head
h18_03_20,0.0,1.0,head
h18_03_21,0.0,1.0,head
h18_03_22,0.0,1.0,head
h18_03_23,0.0,1.0,head
h18_04_00,0.0,1.0,head
h18_04_01,0.0,1.0,head
h18_04_02,0.0,1.0,head
h18_04_03,0.0,1.0,head
h18_04_04,0.0,1.0,head
h18_04_05,0.0,1.0,head
h18_04_06,0.0,1.0,head
h18_04_07,0.0,1.0,head
h18_04_08,0.0,1.0,head
h18_04_09,0.0,1.0,head
h18_04_10,0.0,1.0,head
h18_04_11,0.0,1.0,head
h18_04_12,0.0,1.0,head
h18_04_13,0.0,1.0,head
h18_04_14,0.0,1.0,head
h18_04_15,0.0,1.0,head
h18_04_16,0.0,1.0,head
h18_04_17,0.0,1.0,head
h18_04_18,0.0,1.0,head
h18_04_19,0.0,1.0,head
h18_04_20,0.0,1.0,head
h18_04_21,0.0,1.0,head
h18_04_22,0.0,1.0,head
h18_04_23,0.0,1.0,head
h18_05_00,0.0,1.0,head
h18_05_01,0.0,1.0,head
h18_05_02,0.0,1.0,head
h18_05_03,0.0,1.0,head
h18_05_04,0.0,1.0,head
h18_05_05,0.0,1.0,head
h18_05_06,0.0,1.0,head
h18_05_07,0.0,1.0,head
h18_05_08,0.0,1.0,head
h18_05_09,0.0,1.0,head
h18_05_10,0.0,1.0,head
h18_05_11,0.0,1.0,head
h18_05_12,0.0,1.0,head
h18_05_13,0.0,1.0,head
h18_05_14,0.0,1.0,head
h18_05_15,0.0,1.0,head
h18_05_16,0.0,1.0,head
h18_05_17,0.0,1.0,head
h18_05_18,0.0,1.0,head
h18_05_19,0.0,1.0,head
h18_05_20,0.0,1.0,head
h18_05_21,0.0,1.0,head
h18_05_22,0.0,1.0,head
h18_05_23,0.0,1.0,head
h18_06_00,0.0,1.0,head
h18_06_01,0.0,1.0,head
h18_06_02,0.0,1.0,head
h18_06_03,0.0,1.0,head
h18_06_04,0.0,1.0,head
h18_06_05,0.0,1.0,head
h18_06_06,0.0,1.0,head
h18_06_07,0.0,1.0,head
h18_06_08,0.0,1.0,head
h18_06_09,0.0,1.0,head
h18_06_10,0.0,1.0,head
h18_06_11,0.0,1.0,head
h18_06_12,0.0,1.0,head
h18_06_13,0.0,1.0,head
h18_06_14,0.0,1.0,head
h18_06_15,0.0,1.0,head
h18_06_16,0.0,1.0,head
h18_06_17,0.0,1.0,head
h18_06_18,0.0,1.0,head
h18_06_19,0.0,1.0,head
h18_06_20,0.0,1.0,head
h18_06_21,0.0,1.0,head
h18_06_22,0.0,1.0,head
h18_06_23,0.0,1.0,head
h18_07_00,0.0,1.0,head
h18_07_01,0.0,1.0,head
h18_07_02,0.0,1.0,head
h18_07_03,0.0,1.0,head
h18_07_04,0.0,1.0,head
h18_07_05,0.0,1.0,head
h18_07_06,0.0,1.0,head
h18_07_07,0.0,1.0,head
h18_07_08,0.0,1.0,head
h18_07_09,0.0,1.0,head
h18_07_10,0.0,1.0,head
h18_07_11,0.0,1.0,head
h18_07_12,0.0,1.0,head
h18_07_13,0.0,1.0,head
h18_07_14,0.0,1.0,head
h18_07_15,0.0,1.0,head
h18_07_16,0.0,1.0,head
h18_07_17,0.0,1.0,head
h18_07_18,0.0,1.0,head
h18_07_19,0.0,1.0,head
h18_07_20,0.0,1.0,head
h18_07_21,0.0,1.0,head
h18_07_22,0.0,1.0,head
h18_07_23,0.0,1.0,head
h18_08_00,0.0,1.0,head
h18_08_01,0.0,1.0,head
h18_08_02,0.0,1.0,head
h18_08_03,0.0,1.0,head
h18_08_04,0.0,1.0,head
h18_08_05,0.0,1.0,head
h18_08_06,0.0,1.0,head
h18_08_07,0.0,1.0,head
h18_08_08,0.0,1.0,head
h18_08_09,0.0,1.0,head
h18_08_10,0.0,1.0,head
h18_08_11,0.0,1.0,head
h18_08_12,0.0,1.0,head
h18_08_13,0.0,1.0,head
h18_08_14,0.0,1.0,head
h18_08_15,0.0,1.0,head
h18_08_16,0.0,1.0,head
h18_08_17,0.0,1.0,head
h18_08_18,0.0,1.0,head
h18_08_19,0.0,1.0,head
h18_08_20,0.0,1.0,head
h18_08_21,0.0,1.0,head
h18_08_22,0.0,1.0,head
h18_08_23,0.0,1.0,head
h18_09_00,0.0,1.0,head
h18_09_01,0.0,1.0,head
h18_09_02,0.0,1.0,head
h18_09_03,0.0,1.0,head
h18_09_04,0.0,1.0,head
h18_09_05,0.0,1.0,head
h18_09_06,0.0,1.0,head
h18_09_07,0.0,1.0,head
h18_09_08,0.0,1.0,head
h18_09_09,0.0,1.0,head
h18_09_10,0.0,1.0,head
h18_09_11,0.0,1.0,head
h18_09_12,0.0,1.0,head
h18_09_13,0.0,1.0,head
h18_09_14,0.0,1.0,head
h18_09_15,0.0,1.0,head
h18_09_16,0.0,1.0,head
h18_09_17,0.0,1.0,head
h18_09_18,0.0,1.0,head
h18_09_19,0.0,1.0,head
h18_09_20,0.0,1.0,head
h18_09_21,0.0,1.0,head
h18_09_22,0.0,1.0,head
h18_09_23,0.0,1.0,head
h18_10_00,0.0,1.0,head
h18_10_01,0.0,1.0,head
h18_10_02,0.0,1.0,head
h18_10_03,0.0,1.0,head
h18_10_04,0.0,1.0,head
h18_10_05,0.0,1.0,head
h18_10_06,0.0,1.0,head
h18_10_07,0.0,1.0,head
h18_10_08,0.0,1.0,head
h18_10_09,0.0,1.0,head
h18_10_10,0.0,1.0,head
h18_10_11,0.0,1.0,head
h18_10_12,0.0,1.0,head
h18_10_13,0.0,1.0,head
h18_10_14,0.0,1.0,head
h18_10_15,0.0,1.0,head
h18_10_16,0.0,1.0,head
h18_10_17,0.0,1.0,head
h18_10_18,0.0,1.0,head
h18_10_19,0.0,1.0,head
h18_10_20,0.0,1.0,head
h18_10_21,0.0,1.0,head
h18_10_22,0.0,1.0,head
h18_10_23,0.0,1.0,head
h18_11_00,0.0,1.0,head
h18_11_01,0.0,1.0,head
h18_11_02,0.0,1.0,head
h18_11_03,0.0,1.0,head
h18_11_04,0.0,1.0,head
h18_11_05,0.0,1.0,head
h18_11_06,0.0,1.0,head
h18_11_07,0.0,1.0,head
h18_11_08,0.0,1.0,head
h18_11_09,0.0,1.0,head
h18_11_10,0.0,1.0,head
h18_11_11,0.0,1.0,head
h18_11_12,0.0,1.0,head
h18_11_13,0.0,1.0,head
h18_11_14,0.0,1.0,head
h18_11_15,0.0,1.0,head
h18_11_16,0.0,1.0,head
h18_11_17,0.0,1.0,head
h18_11_18,0.0,1.0,head
h18_11_19,0.0,1.0,head
h18_11_20,0.0,1.0,head
h18_11_21,0.0,1.0,head
h18_11_22,0.0,1.0,head
h18_11_23,0.0,1.0,head
h18_12_00,0.0,1.0,head
h18_12_01,0.0,1.0,head
h18_12_02,0.0,1.0,head
h18_12_03,0.0,1.0,head
h18_12_04,0.0,1.0,head
h18_12_05,0.0,1.0,head
h18_12_06,0.0,1.0,head
h18_12_07,0.0,1.0,head
h18_12_08,0.0,1.0,head
h18_12_09,0.0,1.0,head
h18_12_10,0.0,1.0,head
h18_12_11,0.0,1.0,head
h18_12_12,0.0,1.0,head
h18_12_13,0.0,1.0,head
h18_12_14,0.0,1.0,head
h18_12_15,0.0,1.0,head
h18_12_16,0.0,1.0,head
h18_12_17,0.0,1.0,head
h18_12_18,0.0,1.0,head
h18_12_19,0.0,1.0,head
h18_12_20,0.0,1.0,head
h18_12_21,0.0,1.0,head
h18_12_22,0.0,1.0,head
h18_12_23,0.0,1.0,head
h18_13_00,0.0,1.0,head
h18_13_01,0.0,1.0,head
h18_13_02,0.0,1.0,head
h18_13_03,0.0,1.0,head
h18_13_04,0.0,1.0,head
h18_13_05,0.0,1.0,head
h18_13_06,0.0,1.0,head
h18_13_07,0.0,1.0,head
h18_13_08,0.0,1.0,head
h18_13_09,0.0,1.0,head
h18_13_10,0.0,1.0,head
h18_13_11,0.0,1.0,head
h18_13_12,0.0,1.0,head
h18_13_13,0.0,1.0,head
h18_13_14,0.0,1.0,head
h18_13_15,0.0,1.0,head
h18_13_16,0.0,1.0,head
h18_13_17,0.0,1.0,head
h18_13_18,0.0,1.0,head
h18_13_19,0.0,1.0,head
h18_13_20,0.0,1.0,head
h18_13_21,0.0,1.0,head
h18_13_22,0.0,1.0,head
h18_13_23,0.0,1.0,head
h18_14_00,0.0,1.0,head
h18_14_01,0.0,1.0,head
h18_14_02,0.0,1.0,head
h18_14_03,0.0,1.0,head
h18_14_04,0.0,1.0,head
h18_14_05,0.0,1.0,head
h18_14_06,0.0,1.0,head
h18_14_07,0.0,1.0,head
h18_14_08,0.0,1.0,head
h18_14_09,0.0,1.0,head
h18_14_10,0.0,1.0,head
h18_14_11,0.0,1.0,head
h18_14_12,0.0,1.0,head
h18_14_13,0.0,1.0,head
h18_14_14,0.0,1.0,head
h18_14_15,0.0,1.0,head
h18_14_16,0.0,1.0,head
h18_14_17,0.0,1.0,head
h18_14_18,0.0,1.0,head
h18_14_19,0.0,1.0,head
h18_14_20,0.0,1.0,head
h18_14_21,0.0,1.0,head
h18_14_22,0.0,1.0,head
h18_14_23,0.0,1.0,head
h18_15_00,0.0,1.0,head
h18_15_01,0.0,1.0,head
h18_15_02,0.0,1.0,head
h18_15_03,0.0,1.0,head
h18_15_04,0.0,1.0,head
h18_15_05,0.0,1.0,head
h18_15_06,0.0,1.0,head
h18_15_07,0.0,1.0,head
h18_15_08,0.0,1.0,head
h18_15_09,0.0,1.0,head
h18_15_10,0.0,1.0,head
h18_15_11,0.0,1.0,head
h18_15_12,0.0,1.0,head
h18_15_13,0.0,1.0,head
h18_15_14,0.0,1.0,head
h18_15_15,0.0,1.0,head
h18_15_16,0.0,1.0,head
h18_15_17,0.0,1.0,head
h18_15_18,0.0,1.0,head
h18_15_19,0.0,1.0,head
h18_15_20,0.0,1.0,head
h18_15_21,0.0,1.0,head
h18_15_22,0.0,1.0,head
h18_15_23,0.0,1.0,head
h18_16_00,0.0,1.0,head
h18_16_01,0.0,1.0,head
h18_16_02,0.0,1.0,head
h18_16_03,0.0,1.0,head
h18_16_04,0.0,1.0,head
h18_16_05,0.0,1.0,head
h18_16_06,0.0,1.0,head
h18_16_07,0.0,1.0,head
h18_16_08,0.0,1.0,head
h18_16_09,0.0,1.0,head
h18_16_10,0.0,1.0,head
h18_16_11,0.0,1.0,head
h18_16_12,0.0,1.0,head
h18_16_13,0.0,1.0,head
h18_16_14,0.0,1.0,head
h18_16_15,0.0,1.0,head
h18_16_16,0.0,1.0,head
h18_16_17,0.0,1.0,head
h18_16_18,0.0,1.0,head
h18_16_19,0.0,1.0,head
h18_16_20,0.0,1.0,head
h18_16_21,0.0,1.0,head
h18_16_22,0.0,1.0,head
h18_16_23,0.0,1.0,head
h18_17_00,0.0,1.0,head
h18_17_01,0.0,1.0,head
h18_17_02,0.0,1.0,head
h18_17_03,0.0,1.0,head
h18_17_04,0.0,1.0,head
h18_17_05,0.0,1.0,head
h18_17_06,0.0,1.0,head
h18_17_07,0.0,1.0,head
h18_17_08,0.0,1.0,head
h18_17_09,0.0,1.0,head
h18_17_10,0.0,1.0,head
h18_17_11,0.0,1.0,head
h18_17_12,0.0,1.0,head
h18_17_13,0.0,1.0,head
h18_17_14,0.0,1.0,head
h18_17_15,0.0,1.0,head
h18_17_16,0.0,1.0,head
h18_17_17,0.0,1.0,head
h18_17_18,0.0,1.0,head
h18_17_19,0.0,1.0,head
h18_17_20,0.0,1.0,head
h18_17_21,0.0,1.0,head
h18_17_22,0.0,1.0,head
h18_17_23,0.0,1.0,head
h18_18_00,0.0,1.0,head
h18_18_01,0.0,1.0,head
h18_18_02,0.0,1.0,head
h18_18_03,0.0,1.0,head
h18_18_04,0.0,1.0,head
h18_18_05,0.0,1.0,head
h18_18_06,0.0,1.0,head
h18_18_07,0.0,1.0,head
h18_18_08,0.0,1.0,head
h18_18_09,0.0,1.0,head
h18_18_10,0.0,1.0,head
h18_18_11,0.0,1.0,head
h18_18_12,0.0,1.0,head
h18_18_13,0.0,1.0,head
h18_18_14,0.0,1.0,head
h18_18_15,0.0,1.0,head
h18_18_16,0.0,1.0,head
h18_18_17,0.0,1.0,head
h18_18_18,0.0,1.0,head
h18_18_19,0.0,1.0,head
h18_18_20,0.0,1.0,head
h18_18_21,0.0,1.0,head
h18_18_22,0.0,1.0,head
h18_18_23,0.0,1.0,head
h18_19_00,0.0,1.0,head
h18_19_01,0.0,1.0,head
h18_19_02,0.0,1.0,head
h18_19_03,0.0,1.0,head
h18_19_04,0.0,1.0,head
h18_19_05,0.0,1.0,head
h18_19_06,0.0,1.0,head
h18_19_07,0.0,1.0,head
h18_19_08,0.0,1.0,head
h18_19_09,0.0,1.0,head
h18_19_10,0.0,1.0,head
h18_19_11,0.0,1.0,head
h18_19_12,0.0,1.0,head
h18_19_13,0.0,1.0,head
h18_19_14,0.0,1.0,head
h18_19_15,0.0,1.0,head
h18_19_16,0.0,1.0,head
h18_19_17,0.0,1.0,head
h18_19_18,0.0,1.0,head
h18_19_19,0.0,1.0,head
h18_19_20,0.0,1.0,head
h18_19_21,0.0,1.0,head
h18_19_22,0.0,1.0,head
h18_19_23,0.0,1.0,head
h18_20_00,0.0,1.0,head
h18_20_01,0.0,1.0,head
h18_20_02,0.0,1.0,head
h18_20_03,0.0,1.0,head
h18_20_04,0.0,1.0,head
h18_20_05,0.0,1.0,head
h18_20_06,0.0,1.0,head
h18_20_07,0.0,1.0,head
h18_20_08,0.0,1.0,head
h18_20_09,0.0,1.0,head
h18_20_10,0.0,1.0,head
h18_20_11,0.0,1.0,head
h18_20_12,0.0,1.0,head
h18_20_13,0.0,1.0,head
h18_20_14,0.0,1.0,head
h18_20_15,0.0,1.0,head
h18_20_16,0.0,1.0,head
h18_20_17,0.0,1.0,head
h18_20_18,0.0,1.0,head
h18_20_19,0.0,1.0,head
h18_20_20,0.0,1.0,head
h18_20_21,0.0,1.0,head
h18_20_22,0.0,1.0,head
h18_20_23,0.0,1.0,head
h18_21_00,0.0,1.0,head
h18_21_01,0.0,1.0,head
h18_21_02,0.0,1.0,head
h18_21_03,0.0,1.0,head
h18_21_04,0.0,1.0,head
h18_21_05,0.0,1.0,head
h18_21_06,0.0,1.0,head
h18_21_07,0.0,1.0,head
h18_21_08,0.0,1.0,head
h18_21_09,0.0,1.0,head
h18_21_10,0.0,1.0,head
h18_21_11,0.0,1.0,head
h18_21_12,0.0,1.0,head
h18_21_13,0.0,1.0,head
h18_21_14,0.0,1.0,head
h18_21_15,0.0,1.0,head
h18_21_16,0.0,1.0,head
h18_21_17,0.0,1.0,head
h18_21_18,0.0,1.0,head
h18_21_19,0.0,1.0,head
h18_21_20,0.0,1.0,head
h18_21_21,0.0,1.0,head
h18_21_22,0.0,1.0,head
h18_21_23,0.0,1.0,head
h18_22_00,0.0,1.0,head
h18_22_01,0.0,1.0,head
h18_22_02,0.0,1.0,head
h18_22_03,0.0,1.0,head
h18_22_04,0.0,1.0,head
h18_22_05,0.0,1.0,head
h18_22_06,0.0,1.0,head
h18_22_07,0.0,1.0,head
h18_22_08,0.0,1.0,head
h18_22_09,0.0,1.0,head
h18_22_10,0.0,1.0,head
h18_22_11,0.0,1.0,head
h18_22_12,0.0,1.0,head
h18_22_13,0.0,1.0,head
h18_22_14,0.0,1.0,head
h18_22_15,0.0,1.0,head
h18_22_16,0.0,1.0,head
h18_22_17,0.0,1.0,head
h18_22_18,0.0,1.0,head
h18_22_19,0.0,1.0,head
h18_22_20,0.0,1.0,head
h18_22_21,0.0,1.0,head
h18_22_22,0.0,1.0,head
h18_22_23,0.0,1.0,head
h18_23_00,0.0,1.0,head
h18_23_01,0.0,1.0,head
h18_23_02,0.0,1.0,head
h18_23_03,0.0,1.0,head
h18_23_04,0.0,1.0,head
h18_23_05,0.0,1.0,head
h18_23_06,0.0,1.0,head
h18_23_07,0.0,1.0,head
h18_23_08,0.0,1.0,head
h18_23_09,0.0,1.0,head
h18_23_10,0.0,1.0,head
h18_23_11,0.0,1.0,head
h18_23_12,0.0,1.0,head
h18_23_13,0.0,1.0,head
h18_23_14,0.0,1.0,head
h18_23_15,0.0,1.0,head
h18_23_16,0.0,1.0,head
h18_23_17,0.0,1.0,head
h18_23_18,0.0,1.0,head
h18_23_19,0.0,1.0,head
h18_23_20,0.0,1.0,head
h18_23_21,0.0,1.0,head
h18_23_22,0.0,1.0,head
h18_23_23,0.0,1.0,head
h18_24_00,0.0,1.0,head
h18_24_01,0.0,1.0,head
h18_24_02,0.0,1.0,head
h18_24_03,0.0,1.0,head
h18_24_04,0.0,1.0,head
h18_24_05,0.0,1.0,head
h18_24_06,0.0,1.0,head
h18_24_07,0.0,1.0,head
h18_24_08,0.0,1.0,head
h18_24_09,0.0,1.0,head
h18_24_10,0.0,1.0,head
h18_24_11,0.0,1.0,head
h18_24_12,0.0,1.0,head
h18_24_13,0.0,1.0,head
h18_24_14,0.0,1.0,head
h18_24_15,0.0,1.0,head
h18_24_16,0.0,1.0,head
h18_24_17,0.0,1.0,head
h18_24_18,0.0,1.0,head
h18_24_19,0.0,1.0,head
h18_24_20,0.0,1.0,head
h18_24_21,0.0,1.0,head
h18_24_22,0.0,1.0,head
h18_24_23,0.0,1.0,head
h18_25_00,0.0,1.0,head
h18_25_01,0.0,1.0,head
h18_25_02,0.0,1.0,head
h18_25_03,0.0,1.0,head
h18_25_04,0.0,1.0,head
h18_25_05,0.0,1.0,head
h18_25_06,0.0,1.0,head
h18_25_07,0.0,1.0,head
h18_25_08,0.0,1.0,head
h18_25_09,0.0,1.0,head
h18_25_10,0.0,1.0,head
h18_25_11,0.0,1.0,head
h18_25_12,0.0,1.0,head
h18_25_13,0.0,1.0,head
h18_25_14,0.0,1.0,head
h18_25_15,0.0,1.0,head
h18_25_16,0.0,1.0,head
h18_25_17,0.0,1.0,head
h18_25_18,0.0,1.0,head
h18_25_19,0.0,1.0,head
h18_25_20,0.0,1.0,head
h18_25_21,0.0,1.0,head
h18_25_22,0.0,1.0,head
h18_25_23,0.0,1.0,head
h18_26_00,0.0,1.0,head
h18_26_01,0.0,1.0,head
h18_26_02,0.0,1.0,head
h18_26_03,0.0,1.0,head
h18_26_04,0.0,1.0,head
h18_26_05,0.0,1.0,head
h18_26_06,0.0,1.0,head
h18_26_07,0.0,1.0,head
h18_26_08,0.0,1.0,head
h18_26_09,0.0,1.0,head
h18_26_10,0.0,1.0,head
h18_26_11,0.0,1.0,head
h18_26_12,0.0,1.0,head
h18_26_13,0.0,1.0,head
h18_26_14,0.0,1.0,head
h18_26_15,0.0,1.0,head
h18_26_16,0.0,1.0,head
h18_26_17,0.0,1.0,head
h18_26_18,0.0,1.0,head
h18_26_19,0.0,1.0,head
h18_26_20,0.0,1.0,head
h18_26_21,0.0,1.0,head
h18_26_22,0.0,1.0,head
h18_26_23,0.0,1.0,head
h18_27_00,0.0,1.0,head
h18_27_01,0.0,1.0,head
h18_27_02,0.0,1.0,head
h18_27_03,0.0,1.0,head
h18_27_04,0.0,1.0,head
h18_27_05,0.0,1.0,head
h18_27_06,0.0,1.0,head
h18_27_07,0.0,1.0,head
h18_27_08,0.0,1.0,head
h18_27_09,0.0,1.0,head
h18_27_10,0.0,1.0,head
h18_27_11,0.0,1.0,head
h18_27_12,0.0,1.0,head
h18_27_13,0.0,1.0,head
h18_27_14,0.0,1.0,head
h18_27_15,0.0,1.0,head
h18_27_16,0.0,1.0,head
h18_27_17,0.0,1.0,head
h18_27_18,0.0,1.0,head
h18_27_19,0.0,1.0,head
h18_27_20,0.0,1.0,head
h18_27_21,0.0,1.0,head
h18_27_22,0.0,1.0,head
h18_27_23,0.0,1.0,head
h18_28_00,0.0,1.0,head
h18_28_01,0.0,1.0,head
h18_28_02,0.0,1.0,head
h18_28_03,0.0,1.0,head
h18_28_04,0.0,1.0,head
h18_28_05,0.0,1.0,head
h18_28_06,0.0,1.0,head
h18_28_07,0.0,1.0,head
h18_28_08,0.0,1.0,head
h18_28_09,0.0,1.0,head
h18_28_10,0.0,1.0,head
h18_28_11,0.0,1.0,head
h18_28_12,0.0,1.0,head
h18_28_13,0.0,1.0,head
h18_28_14,0.0,1.0,head
h18_28_15,0.0,1.0,head
h18_28_16,0.0,1.0,head
h18_28_17,0.0,1.0,head
h18_28_18,0.0,1.0,head
h18_28_19,0.0,1.0,head
h18_28_20,0.0,1.0,head
h18_28_21,0.0,1.0,head
h18_28_22,0.0,1.0,head
h18_28_23,0.0,1.0,head
h18_29_00,0.0,1.0,head
h18_29_01,0.0,1.0,head
h18_29_02,0.0,1.0,head
h18_29_03,0.0,1.0,head
h18_29_04,0.0,1.0,head
h18_29_05,0.0,1.0,head
h18_29_06,0.0,1.0,head
h18_29_07,0.0,1.0,head
h18_29_08,0.0,1.0,head
h18_29_09,0.0,1.0,head
h18_29_10,0.0,1.0,head
h18_29_11,0.0,1.0,head
h18_29_12,0.0,1.0,head
h18_29_13,0.0,1.0,head
h18_29_14,0.0,1.0,head
h18_29_15,0.0,1.0,head
h18_29_16,0.0,1.0,head
h18_29_17,0.0,1.0,head
h18_29_18,0.0,1.0,head
h18_29_19,0.0,1.0,head
h18_29_20,0.0,1.0,head
h18_29_21,0.0,1.0,head
h18_29_22,0.0,1.0,head
h18_29_23,0.0,1.0,head
h19_00_00,0.0,1.0,head
h19_00_01,0.0,1.0,head
h19_00_02,0.0,1.0,head
h19_00_03,0.0,1.0,head
h19_00_04,0.0,1.0,head
h19_00_05,0.0,1.0,head
h19_00_06,0.0,1.0,head
h19_00_07,0.0,1.0,head
h19_00_08,0.0,1.0,head
h19_00_09,0.0,1.0,head
h19_00_10,0.0,1.0,head
h19_00_11,0.0,1.0,head
h19_00_12,0.0,1.0,head
h19_00_13,0.0,1.0,head
h19_00_14,0.0,1.0,head
h19_00_15,0.0,1.0,head
h19_00_16,0.0,1.0,head
h19_00_17,0.0,1.0,head
h19_00_18,0.0,1.0,head
h19_00_19,0.0,1.0,head
h19_00_20,0.0,1.0,head
h19_00_21,0.0,1.0,head
h19_00_22,0.0,1.0,head
h19_00_23,0.0,1.0,head
h19_01_00,0.0,1.0,head
h19_01_01,0.0,1.0,head
h19_01_02,0.0,1.0,head
h19_01_03,0.0,1.0,head
h19_01_04,0.0,1.0,head
h19_01_05,0.0,1.0,head
h19_01_06,0.0,1.0,head
h19_01_07,0.0,1.0,head
h19_01_08,0.0,1.0,head
h19_01_09,0.0,1.0,head
h19_01_10,0.0,1.0,head
h19_01_11,0.0,1.0,head
h19_01_12,0.0,1.0,head
h19_01_13,0.0,1.0,head
h19_01_14,0.0,1.0,head
h19_01_15,0.0,1.0,head
h19_01_16,0.0,1.0,head
h19_01_17,0.0,1.0,head
h19_01_18,0.0,1.0,head
h19_01_19,0.0,1.0,head
h19_01_20,0.0,1.0,head
h19_01_21,0.0,1.0,head
h19_01_22,0.0,1.0,head
h19_01_23,0.0,1.0,head
h19_02_00,0.0,1.0,head
h19_02_01,0.0,1.0,head
h19_02_02,0.0,1.0,head
h19_02_03,0.0,1.0,head
h19_02_04,0.0,1.0,head
h19_02_05,0.0,1.0,head
h19_02_06,0.0,1.0,head
h19_02_07,0.0,1.0,head
h19_02_08,0.0,1.0,head
h19_02_09,0.0,1.0,head
h19_02_10,0.0,1.0,head
h19_02_11,0.0,1.0,head
h19_02_12,0.0,1.0,head
h19_02_13,0.0,1.0,head
h19_02_14,0.0,1.0,head
h19_02_15,0.0,1.0,head
h19_02_16,0.0,1.0,head
h19_02_17,0.0,1.0,head
h19_02_18,0.0,1.0,head
h19_02_19,0.0,1.0,head
h19_02_20,0.0,1.0,head
h19_02_21,0.0,1.0,head
h19_02_22,0.0,1.0,head
h19_02_23,0.0,1.0,head
h19_03_00,0.0,1.0,head
h19_03_01,0.0,1.0,head
h19_03_02,0.0,1.0,head
h19_03_03,0.0,1.0,head
h19_03_04,0.0,1.0,head
h19_03_05,0.0,1.0,head
h19_03_06,0.0,1.0,head
h19_03_07,0.0,1.0,head
h19_03_08,0.0,1.0,head
h19_03_09,0.0,1.0,head
h19_03_10,0.0,1.0,head
h19_03_11,0.0,1.0,head
h19_03_12,0.0,1.0,head
h19_03_13,0.0,1.0,head
h19_03_14,0.0,1.0,head
h19_03_15,0.0,1.0,head
h19_03_16,0.0,1.0,head
h19_03_17,0.0,1.0,head
h19_03_18,0.0,1.0,head
h19_03_19,0.0,1.0,head
h19_03_20,0.0,1.0,head
h19_03_21,0.0,1.0,head
h19_03_22,0.0,1.0,head
h19_03_23,0.0,1.0,head
h19_04_00,0.0,1.0,head
h19_04_01,0.0,1.0,head
h19_04_02,0.0,1.0,head
h19_04_03,0.0,1.0,head
h19_04_04,0.0,1.0,head
h19_04_05,0.0,1.0,head
h19_04_06,0.0,1.0,head
h19_04_07,0.0,1.0,head
h19_04_08,0.0,1.0,head
h19_04_09,0.0,1.0,head
h19_04_10,0.0,1.0,head
h19_04_11,0.0,1.0,head
h19_04_12,0.0,1.0,head
h19_04_13,0.0,1.0,head
h19_04_14,0.0,1.0,head
h19_04_15,0.0,1.0,head
h19_04_16,0.0,1.0,head
h19_04_17,0.0,1.0,head
h19_04_18,0.0,1.0,head
h19_04_19,0.0,1.0,head
h19_04_20,0.0,1.0,head
h19_04_21,0.0,1.0,head
h19_04_22,0.0,1.0,head
h19_04_23,0.0,1.0,head
h19_05_00,0.0,1.0,head
h19_05_01,0.0,1.0,head
h19_05_02,0.0,1.0,head
h19_05_03,0.0,1.0,head
h19_05_04,0.0,1.0,head
h19_05_05,0.0,1.0,head
h19_05_06,0.0,1.0,head
h19_05_07,0.0,1.0,head
h19_05_08,0.0,1.0,head
h19_05_09,0.0,1.0,head
h19_05_10,0.0,1.0,head
h19_05_11,0.0,1.0,head
h19_05_12,0.0,1.0,head
h19_05_13,0.0,1.0,head
h19_05_14,0.0,1.0,head
h19_05_15,0.0,1.0,head
h19_05_16,0.0,1.0,head
h19_05_17,0.0,1.0,head
h19_05_18,0.0,1.0,head
h19_05_19,0.0,1.0,head
h19_05_20,0.0,1.0,head
h19_05_21,0.0,1.0,head
h19_05_22,0.0,1.0,head
h19_05_23,0.0,1.0,head
h19_06_00,0.0,1.0,head
h19_06_01,0.0,1.0,head
h19_06_02,0.0,1.0,head
h19_06_03,0.0,1.0,head
h19_06_04,0.0,1.0,head
h19_06_05,0.0,1.0,head
h19_06_06,0.0,1.0,head
h19_06_07,0.0,1.0,head
h19_06_08,0.0,1.0,head
h19_06_09,0.0,1.0,head
h19_06_10,0.0,1.0,head
h19_06_11,0.0,1.0,head
h19_06_12,0.0,1.0,head
h19_06_13,0.0,1.0,head
h19_06_14,0.0,1.0,head
h19_06_15,0.0,1.0,head
h19_06_16,0.0,1.0,head
h19_06_17,0.0,1.0,head
h19_06_18,0.0,1.0,head
h19_06_19,0.0,1.0,head
h19_06_20,0.0,1.0,head
h19_06_21,0.0,1.0,head
h19_06_22,0.0,1.0,head
h19_06_23,0.0,1.0,head
h19_07_00,0.0,1.0,head
h19_07_01,0.0,1.0,head
h19_07_02,0.0,1.0,head
h19_07_03,0.0,1.0,head
h19_07_04,0.0,1.0,head
h19_07_05,0.0,1.0,head
h19_07_06,0.0,1.0,head
h19_07_07,0.0,1.0,head
h19_07_08,0.0,1.0,head
h19_07_09,0.0,1.0,head
h19_07_10,0.0,1.0,head
h19_07_11,0.0,1.0,head
h19_07_12,0.0,1.0,head
h19_07_13,0.0,1.0,head
h19_07_14,0.0,1.0,head
h19_07_15,0.0,1.0,head
h19_07_16,0.0,1.0,head
h19_07_17,0.0,1.0,head
h19_07_18,0.0,1.0,head
h19_07_19,0.0,1.0,head
h19_07_20,0.0,1.0,head
h19_07_21,0.0,1.0,head
h19_07_22,0.0,1.0,head
h19_07_23,0.0,1.0,head
h19_08_00,0.0,1.0,head
h19_08_01,0.0,1.0,head
h19_08_02,0.0,1.0,head
h19_08_03,0.0,1.0,head
h19_08_04,0.0,1.0,head
h19_08_05,0.0,1.0,head
h19_08_06,0.0,1.0,head
h19_08_07,0.0,1.0,head
h19_08_08,0.0,1.0,head
h19_08_09,0.0,1.0,head
h19_08_10,0.0,1.0,head
h19_08_11,0.0,1.0,head
h19_08_12,0.0,1.0,head
h19_08_13,0.0,1.0,head
h19_08_14,0.0,1.0,head
h19_08_15,0.0,1.0,head
h19_08_16,0.0,1.0,head
h19_08_17,0.0,1.0,head
h19_08_18,0.0,1.0,head
h19_08_19,0.0,1.0,head
h19_08_20,0.0,1.0,head
h19_08_21,0.0,1.0,head
h19_08_22,0.0,1.0,head
h19_08_23,0.0,1.0,head
h19_09_00,0.0,1.0,head
h19_09_01,0.0,1.0,head
h19_09_02,0.0,1.0,head
h19_09_03,0.0,1.0,head
h19_09_04,0.0,1.0,head
h19_09_05,0.0,1.0,head
h19_09_06,0.0,1.0,head
h19_09_07,0.0,1.0,head
h19_09_08,0.0,1.0,head
h19_09_09,0.0,1.0,head
h19_09_10,0.0,1.0,head
h19_09_11,0.0,1.0,head
h19_09_12,0.0,1.0,head
h19_09_13,0.0,1.0,head
h19_09_14,0.0,1.0,head
h19_09_15,0.0,1.0,head
h19_09_16,0.0,1.0,head
h19_09_17,0.0,1.0,head
h19_09_18,0.0,1.0,head
h19_09_19,0.0,1.0,head
h19_09_20,0.0,1.0,head
h19_09_21,0.0,1.0,head
h19_09_22,0.0,1.0,head
h19_09_23,0.0,1.0,head
h19_10_00,0.0,1.0,head
h19_10_01,0.0,1.0,head
h19_10_02,0.0,1.0,head
h19_10_03,0.0,1.0,head
h19_10_04,0.0,1.0,head
h19_10_05,0.0,1.0,head
h19_10_06,0.0,1.0,head
h19_10_07,0.0,1.0,head
h19_10_08,0.0,1.0,head
h19_10_09,0.0,1.0,head
h19_10_10,0.0,1.0,head
h19_10_11,0.0,1.0,head
h19_10_12,0.0,1.0,head
h19_10_13,0.0,1.0,head
h19_10_14,0.0,1.0,head
h19_10_15,0.0,1.0,head
h19_10_16,0.0,1.0,head
h19_10_17,0.0,1.0,head
h19_10_18,0.0,1.0,head
h19_10_19,0.0,1.0,head
h19_10_20,0.0,1.0,head
h19_10_21,0.0,1.0,head
h19_10_22,0.0,1.0,head
h19_10_23,0.0,1.0,head
h19_11_00,0.0,1.0,head
h19_11_01,0.0,1.0,head
h19_11_02,0.0,1.0,head
h19_11_03,0.0,1.0,head
h19_11_04,0.0,1.0,head
h19_11_05,0.0,1.0,head
h19_11_06,0.0,1.0,head
h19_11_07,0.0,1.0,head
h19_11_08,0.0,1.0,head
h19_11_09,0.0,1.0,head
h19_11_10,0.0,1.0,head
h19_11_11,0.0,1.0,head
h19_11_12,0.0,1.0,head
h19_11_13,0.0,1.0,head
h19_11_14,0.0,1.0,head
h19_11_15,0.0,1.0,head
h19_11_16,0.0,1.0,head
h19_11_17,0.0,1.0,head
h19_11_18,0.0,1.0,head
h19_11_19,0.0,1.0,head
h19_11_20,0.0,1.0,head
h19_11_21,0.0,1.0,head
h19_11_22,0.0,1.0,head
h19_11_23,0.0,1.0,head
h19_12_00,0.0,1.0,head
h19_12_01,0.0,1.0,head
h19_12_02,0.0,1.0,head
h19_12_03,0.0,1.0,head
h19_12_04,0.0,1.0,head
h19_12_05,0.0,1.0,head
h19_12_06,0.0,1.0,head
h19_12_07,0.0,1.0,head
h19_12_08,0.0,1.0,head
h19_12_09,0.0,1.0,head
h19_12_10,0.0,1.0,head
h19_12_11,0.0,1.0,head
h19_12_12,0.0,1.0,head
h19_12_13,0.0,1.0,head
h19_12_14,0.0,1.0,head
h19_12_15,0.0,1.0,head
h19_12_16,0.0,1.0,head
h19_12_17,0.0,1.0,head
h19_12_18,0.0,1.0,head
h19_12_19,0.0,1.0,head
h19_12_20,0.0,1.0,head
h19_12_21,0.0,1.0,head
h19_12_22,0.0,1.0,head
h19_12_23,0.0,1.0,head
h19_13_00,0.0,1.0,head
h19_13_01,0.0,1.0,head
h19_13_02,0.0,1.0,head
h19_13_03,0.0,1.0,head
h19_13_04,0.0,1.0,head
h19_13_05,0.0,1.0,head
h19_13_06,0.0,1.0,head
h19_13_07,0.0,1.0,head
h19_13_08,0.0,1.0,head
h19_13_09,0.0,1.0,head
h19_13_10,0.0,1.0,head
h19_13_11,0.0,1.0,head
h19_13_12,0.0,1.0,head
h19_13_13,0.0,1.0,head
h19_13_14,0.0,1.0,head
h19_13_15,0.0,1.0,head
h19_13_16,0.0,1.0,head
h19_13_17,0.0,1.0,head
h19_13_18,0.0,1.0,head
h19_13_19,0.0,1.0,head
h19_13_20,0.0,1.0,head
h19_13_21,0.0,1.0,head
h19_13_22,0.0,1.0,head
h19_13_23,0.0,1.0,head
h19_14_00,0.0,1.0,head
h19_14_01,0.0,1.0,head
h19_14_02,0.0,1.0,head
h19_14_03,0.0,1.0,head
h19_14_04,0.0,1.0,head
h19_14_05,0.0,1.0,head
h19_14_06,0.0,1.0,head
h19_14_07,0.0,1.0,head
h19_14_08,0.0,1.0,head
h19_14_09,0.0,1.0,head
h19_14_10,0.0,1.0,head
h19_14_11,0.0,1.0,head
h19_14_12,0.0,1.0,head
h19_14_13,0.0,1.0,head
h19_14_14,0.0,1.0,head
h19_14_15,0.0,1.0,head
h19_14_16,0.0,1.0,head
h19_14_17,0.0,1.0,head
h19_14_18,0.0,1.0,head
h19_14_19,0.0,1.0,head
h19_14_20,0.0,1.0,head
h19_14_21,0.0,1.0,head
h19_14_22,0.0,1.0,head
h19_14_23,0.0,1.0,head
h19_15_00,0.0,1.0,head
h19_15_01,0.0,1.0,head
h19_15_02,0.0,1.0,head
h19_15_03,0.0,1.0,head
h19_15_04,0.0,1.0,head
h19_15_05,0.0,1.0,head
h19_15_06,0.0,1.0,head
h19_15_07,0.0,1.0,head
h19_15_08,0.0,1.0,head
h19_15_09,0.0,1.0,head
h19_15_10,0.0,1.0,head
h19_15_11,0.0,1.0,head
h19_15_12,0.0,1.0,head
h19_15_13,0.0,1.0,head
h19_15_14,0.0,1.0,head
h19_15_15,0.0,1.0,head
h19_15_16,0.0,1.0,head
h19_15_17,0.0,1.0,head
h19_15_18,0.0,1.0,head
h19_15_19,0.0,1.0,head
h19_15_20,0.0,1.0,head
h19_15_21,0.0,1.0,head
h19_15_22,0.0,1.0,head
h19_15_23,0.0,1.0,head
h19_16_00,0.0,1.0,head
h19_16_01,0.0,1.0,head
h19_16_02,0.0,1.0,head
h19_16_03,0.0,1.0,head
h19_16_04,0.0,1.0,head
h19_16_05,0.0,1.0,head
h19_16_06,0.0,1.0,head
h19_16_07,0.0,1.0,head
h19_16_08,0.0,1.0,head
h19_16_09,0.0,1.0,head
h19_16_10,0.0,1.0,head
h19_16_11,0.0,1.0,head
h19_16_12,0.0,1.0,head
h19_16_13,0.0,1.0,head
h19_16_14,0.0,1.0,head
h19_16_15,0.0,1.0,head
h19_16_16,0.0,1.0,head
h19_16_17,0.0,1.0,head
h19_16_18,0.0,1.0,head
h19_16_19,0.0,1.0,head
h19_16_20,0.0,1.0,head
h19_16_21,0.0,1.0,head
h19_16_22,0.0,1.0,head
h19_16_23,0.0,1.0,head
h19_17_00,0.0,1.0,head
h19_17_01,0.0,1.0,head
h19_17_02,0.0,1.0,head
h19_17_03,0.0,1.0,head
h19_17_04,0.0,1.0,head
h19_17_05,0.0,1.0,head
h19_17_06,0.0,1.0,head
h19_17_07,0.0,1.0,head
h19_17_08,0.0,1.0,head
h19_17_09,0.0,1.0,head
h19_17_10,0.0,1.0,head
h19_17_11,0.0,1.0,head
h19_17_12,0.0,1.0,head
h19_17_13,0.0,1.0,head
h19_17_14,0.0,1.0,head
h19_17_15,0.0,1.0,head
h19_17_16,0.0,1.0,head
h19_17_17,0.0,1.0,head
h19_17_18,0.0,1.0,head
h19_17_19,0.0,1.0,head
h19_17_20,0.0,1.0,head
h19_17_21,0.0,1.0,head
h19_17_22,0.0,1.0,head
h19_17_23,0.0,1.0,head
h19_18_00,0.0,1.0,head
h19_18_01,0.0,1.0,head
h19_18_02,0.0,1.0,head
h19_18_03,0.0,1.0,head
h19_18_04,0.0,1.0,head
h19_18_05,0.0,1.0,head
h19_18_06,0.0,1.0,head
h19_18_07,0.0,1.0,head
h19_18_08,0.0,1.0,head
h19_18_09,0.0,1.0,head
h19_18_10,0.0,1.0,head
h19_18_11,0.0,1.0,head
h19_18_12,0.0,1.0,head
h19_18_13,0.0,1.0,head
h19_18_14,0.0,1.0,head
h19_18_15,0.0,1.0,head
h19_18_16,0.0,1.0,head
h19_18_17,0.0,1.0,head
h19_18_18,0.0,1.0,head
h19_18_19,0.0,1.0,head
h19_18_20,0.0,1.0,head
h19_18_21,0.0,1.0,head
h19_18_22,0.0,1.0,head
h19_18_23,0.0,1.0,head
h19_19_00,0.0,1.0,head
h19_19_01,0.0,1.0,head
h19_19_02,0.0,1.0,head
h19_19_03,0.0,1.0,head
h19_19_04,0.0,1.0,head
h19_19_05,0.0,1.0,head
h19_19_06,0.0,1.0,head
h19_19_07,0.0,1.0,head
h19_19_08,0.0,1.0,head
h19_19_09,0.0,1.0,head
h19_19_10,0.0,1.0,head
h19_19_11,0.0,1.0,head
h19_19_12,0.0,1.0,head
h19_19_13,0.0,1.0,head
h19_19_14,0.0,1.0,head
h19_19_15,0.0,1.0,head
h19_19_16,0.0,1.0,head
h19_19_17,0.0,1.0,head
h19_19_18,0.0,1.0,head
h19_19_19,0.0,1.0,head
h19_19_20,0.0,1.0,head
h19_19_21,0.0,1.0,head
h19_19_22,0.0,1.0,head
h19_19_23,0.0,1.0,head
h19_20_00,0.0,1.0,head
h19_20_01,0.0,1.0,head
h19_20_02,0.0,1.0,head
h19_20_03,0.0,1.0,head
h19_20_04,0.0,1.0,head
h19_20_05,0.0,1.0,head
h19_20_06,0.0,1.0,head
h19_20_07,0.0,1.0,head
h19_20_08,0.0,1.0,head
h19_20_09,0.0,1.0,head
h19_20_10,0.0,1.0,head
h19_20_11,0.0,1.0,head
h19_20_12,0.0,1.0,head
h19_20_13,0.0,1.0,head
h19_20_14,0.0,1.0,head
h19_20_15,0.0,1.0,head
h19_20_16,0.0,1.0,head
h19_20_17,0.0,1.0,head
h19_20_18,0.0,1.0,head
h19_20_19,0.0,1.0,head
h19_20_20,0.0,1.0,head
h19_20_21,0.0,1.0,head
h19_20_22,0.0,1.0,head
h19_20_23,0.0,1.0,head
h19_21_00,0.0,1.0,head
h19_21_01,0.0,1.0,head
h19_21_02,0.0,1.0,head
h19_21_03,0.0,1.0,head
h19_21_04,0.0,1.0,head
h19_21_05,0.0,1.0,head
h19_21_06,0.0,1.0,head
h19_21_07,0.0,1.0,head
h19_21_08,0.0,1.0,head
h19_21_09,0.0,1.0,head
h19_21_10,0.0,1.0,head
h19_21_11,0.0,1.0,head
h19_21_12,0.0,1.0,head
h19_21_13,0.0,1.0,head
h19_21_14,0.0,1.0,head
h19_21_15,0.0,1.0,head
h19_21_16,0.0,1.0,head
h19_21_17,0.0,1.0,head
h19_21_18,0.0,1.0,head
h19_21_19,0.0,1.0,head
h19_21_20,0.0,1.0,head
h19_21_21,0.0,1.0,head
h19_21_22,0.0,1.0,head
h19_21_23,0.0,1.0,head
h19_22_00,0.0,1.0,head
h19_22_01,0.0,1.0,head
h19_22_02,0.0,1.0,head
h19_22_03,0.0,1.0,head
h19_22_04,0.0,1.0,head
h19_22_05,0.0,1.0,head
h19_22_06,0.0,1.0,head
h19_22_07,0.0,1.0,head
h19_22_08,0.0,1.0,head
h19_22_09,0.0,1.0,head
h19_22_10,0.0,1.0,head
h19_22_11,0.0,1.0,head
h19_22_12,0.0,1.0,head
h19_22_13,0.0,1.0,head
h19_22_14,0.0,1.0,head
h19_22_15,0.0,1.0,head
h19_22_16,0.0,1.0,head
h19_22_17,0.0,1.0,head
h19_22_18,0.0,1.0,head
h19_22_19,0.0,1.0,head
h19_22_20,0.0,1.0,head
h19_22_21,0.0,1.0,head
h19_22_22,0.0,1.0,head
h19_22_23,0.0,1.0,head
h19_23_00,0.0,1.0,head
h19_23_01,0.0,1.0,head
h19_23_02,0.0,1.0,head
h19_23_03,0.0,1.0,head
h19_23_04,0.0,1.0,head
h19_23_05,0.0,1.0,head
h19_23_06,0.0,1.0,head
h19_23_07,0.0,1.0,head
h19_23_08,0.0,1.0,head
h19_23_09,0.0,1.0,head
h19_23_10,0.0,1.0,head
h19_23_11,0.0,1.0,head
h19_23_12,0.0,1.0,head
h19_23_13,0.0,1.0,head
h19_23_14,0.0,1.0,head
h19_23_15,0.0,1.0,head
h19_23_16,0.0,1.0,head
h19_23_17,0.0,1.0,head
h19_23_18,0.0,1.0,head
h19_23_19,0.0,1.0,head
h19_23_20,0.0,1.0,head
h19_23_21,0.0,1.0,head
h19_23_22,0.0,1.0,head
h19_23_23,0.0,1.0,head
h19_24_00,0.0,1.0,head
h19_24_01,0.0,1.0,head
h19_24_02,0.0,1.0,head
h19_24_03,0.0,1.0,head
h19_24_04,0.0,1.0,head
h19_24_05,0.0,1.0,head
h19_24_06,0.0,1.0,head
h19_24_07,0.0,1.0,head
h19_24_08,0.0,1.0,head
h19_24_09,0.0,1.0,head
h19_24_10,0.0,1.0,head
h19_24_11,0.0,1.0,head
h19_24_12,0.0,1.0,head
h19_24_13,0.0,1.0,head
h19_24_14,0.0,1.0,head
h19_24_15,0.0,1.0,head
h19_24_16,0.0,1.0,head
h19_24_17,0.0,1.0,head
h19_24_18,0.0,1.0,head
h19_24_19,0.0,1.0,head
h19_24_20,0.0,1.0,head
h19_24_21,0.0,1.0,head
h19_24_22,0.0,1.0,head
h19_24_23,0.0,1.0,head
h19_25_00,0.0,1.0,head
h19_25_01,0.0,1.0,head
h19_25_02,0.0,1.0,head
h19_25_03,0.0,1.0,head
h19_25_04,0.0,1.0,head
h19_25_05,0.0,1.0,head
h19_25_06,0.0,1.0,head
h19_25_07,0.0,1.0,head
h19_25_08,0.0,1.0,head
h19_25_09,0.0,1.0,head
h19_25_10,0.0,1.0,head
h19_25_11,0.0,1.0,head
h19_25_12,0.0,1.0,head
h19_25_13,0.0,1.0,head
h19_25_14,0.0,1.0,head
h19_25_15,0.0,1.0,head
h19_25_16,0.0,1.0,head
h19_25_17,0.0,1.0,head
h19_25_18,0.0,1.0,head
h19_25_19,0.0,1.0,head
h19_25_20,0.0,1.0,head
h19_25_21,0.0,1.0,head
h19_25_22,0.0,1.0,head
h19_25_23,0.0,1.0,head
h19_26_00,0.0,1.0,head
h19_26_01,0.0,1.0,head
h19_26_02,0.0,1.0,head
h19_26_03,0.0,1.0,head
h19_26_04,0.0,1.0,head
h19_26_05,0.0,1.0,head
h19_26_06,0.0,1.0,head
h19_26_07,0.0,1.0,head
h19_26_08,0.0,1.0,head
h19_26_09,0.0,1.0,head
h19_26_10,0.0,1.0,head
h19_26_11,0.0,1.0,head
h19_26_12,0.0,1.0,head
h19_26_13,0.0,1.0,head
h19_26_14,0.0,1.0,head
h19_26_15,0.0,1.0,head
h19_26_16,0.0,1.0,head
h19_26_17,0.0,1.0,head
h19_26_18,0.0,1.0,head
h19_26_19,0.0,1.0,head
h19_26_20,0.0,1.0,head
h19_26_21,0.0,1.0,head
h19_26_22,0.0,1.0,head
h19_26_23,0.0,1.0,head
h19_27_00,0.0,1.0,head
h19_27_01,0.0,1.0,head
h19_27_02,0.0,1.0,head
h19_27_03,0.0,1.0,head
h19_27_04,0.0,1.0,head
h19_27_05,0.0,1.0,head
h19_27_06,0.0,1.0,head
h19_27_07,0.0,1.0,head
h19_27_08,0.0,1.0,head
h19_27_09,0.0,1.0,head
h19_27_10,0.0,1.0,head
h19_27_11,0.0,1.0,head
h19_27_12,0.0,1.0,head
h19_27_13,0.0,1.0,head
h19_27_14,0.0,1.0,head
h19_27_15,0.0,1.0,head
h19_27_16,0.0,1.0,head
h19_27_17,0.0,1.0,head
h19_27_18,0.0,1.0,head
h19_27_19,0.0,1.0,head
h19_27_20,0.0,1.0,head
h19_27_21,0.0,1.0,head
h19_27_22,0.0,1.0,head
h19_27_23,0.0,1.0,head
h19_28_00,0.0,1.0,head
h19_28_01,0.0,1.0,head
h19_28_02,0.0,1.0,head
h19_28_03,0.0,1.0,head
h19_28_04,0.0,1.0,head
h19_28_05,0.0,1.0,head
h19_28_06,0.0,1.0,head
h19_28_07,0.0,1.0,head
h19_28_08,0.0,1.0,head
h19_28_09,0.0,1.0,head
h19_28_10,0.0,1.0,head
h19_28_11,0.0,1.0,head
h19_28_12,0.0,1.0,head
h19_28_13,0.0,1.0,head
h19_28_14,0.0,1.0,head
h19_28_15,0.0,1.0,head
h19_28_16,0.0,1.0,head
h19_28_17,0.0,1.0,head
h19_28_18,0.0,1.0,head
h19_28_19,0.0,1.0,head
h19_28_20,0.0,1.0,head
h19_28_21,0.0,1.0,head
h19_28_22,0.0,1.0,head
h19_28_23,0.0,1.0,head
h19_29_00,0.0,1.0,head
h19_29_01,0.0,1.0,head
h19_29_02,0.0,1.0,head
h19_29_03,0.0,1.0,head
h19_29_04,0.0,1.0,head
h19_29_05,0.0,1.0,head
h19_29_06,0.0,1.0,head
h19_29_07,0.0,1.0,head
h19_29_08,0.0,1.0,head
h19_29_09,0.0,1.0,head
h19_29_10,0.0,1.0,head
h19_29_11,0.0,1.0,head
h19_29_12,0.0,1.0,head
h19_29_13,0.0,1.0,head
h19_29_14,0.0,1.0,head
h19_29_15,0.0,1.0,head
h19_29_16,0.0,1.0,head
h19_29_17,0.0,1.0,head
h19_29_18,0.0,1.0,head
h19_29_19,0.0,1.0,head
h19_29_20,0.0,1.0,head
h19_29_21,0.0,1.0,head
h19_29_22,0.0,1.0,head
h19_29_23,0.0,1.0,head
h20_00_00,0.0,1.0,head
h20_00_01,0.0,1.0,head
h20_00_02,0.0,1.0,head
h20_00_03,0.0,1.0,head
h20_00_04,0.0,1.0,head
h20_00_05,0.0,1.0,head
h20_00_06,0.0,1.0,head
h20_00_07,0.0,1.0,head
h20_00_08,0.0,1.0,head
h20_00_09,0.0,1.0,head
h20_00_10,0.0,1.0,head
h20_00_11,0.0,1.0,head
h20_00_12,0.0,1.0,head
h20_00_13,0.0,1.0,head
h20_00_14,0.0,1.0,head
h20_00_15,0.0,1.0,head
h20_00_16,0.0,1.0,head
h20_00_17,0.0,1.0,head
h20_00_18,0.0,1.0,head
h20_00_19,0.0,1.0,head
h20_00_20,0.0,1.0,head
h20_00_21,0.0,1.0,head
h20_00_22,0.0,1.0,head
h20_00_23,0.0,1.0,head
h20_01_00,0.0,1.0,head
h20_01_01,0.0,1.0,head
h20_01_02,0.0,1.0,head
h20_01_03,0.0,1.0,head
h20_01_04,0.0,1.0,head
h20_01_05,0.0,1.0,head
h20_01_06,0.0,1.0,head
h20_01_07,0.0,1.0,head
h20_01_08,0.0,1.0,head
h20_01_09,0.0,1.0,head
h20_01_10,0.0,1.0,head
h20_01_11,0.0,1.0,head
h20_01_12,0.0,1.0,head
h20_01_13,0.0,1.0,head
h20_01_14,0.0,1.0,head
h20_01_15,0.0,1.0,head
h20_01_16,0.0,1.0,head
h20_01_17,0.0,1.0,head
h20_01_18,0.0,1.0,head
h20_01_19,0.0,1.0,head
h20_01_20,0.0,1.0,head
h20_01_21,0.0,1.0,head
h20_01_22,0.0,1.0,head
h20_01_23,0.0,1.0,head
h20_02_00,0.0,1.0,head
h20_02_01,0.0,1.0,head
h20_02_02,0.0,1.0,head
h20_02_03,0.0,1.0,head
h20_02_04,0.0,1.0,head
h20_02_05,0.0,1.0,head
h20_02_06,0.0,1.0,head
h20_02_07,0.0,1.0,head
h20_02_08,0.0,1.0,head
h20_02_09,0.0,1.0,head
h20_02_10,0.0,1.0,head
h20_02_11,0.0,1.0,head
h20_02_12,0.0,1.0,head
h20_02_13,0.0,1.0,head
h20_02_14,0.0,1.0,head
h20_02_15,0.0,1.0,head
h20_02_16,0.0,1.0,head
h20_02_17,0.0,1.0,head
h20_02_18,0.0,1.0,head
h20_02_19,0.0,1.0,head
h20_02_20,0.0,1.0,head
h20_02_21,0.0,1.0,head
h20_02_22,0.0,1.0,head
h20_02_23,0.0,1.0,head
h20_03_00,0.0,1.0,head
h20_03_01,0.0,1.0,head
h20_03_02,0.0,1.0,head
h20_03_03,0.0,1.0,head
h20_03_04,0.0,1.0,head
h20_03_05,0.0,1.0,head
h20_03_06,0.0,1.0,head
h20_03_07,0.0,1.0,head
h20_03_08,0.0,1.0,head
h20_03_09,0.0,1.0,head
h20_03_10,0.0,1.0,head
h20_03_11,0.0,1.0,head
h20_03_12,0.0,1.0,head
h20_03_13,0.0,1.0,head
h20_03_14,0.0,1.0,head
h20_03_15,0.0,1.0,head
h20_03_16,0.0,1.0,head
h20_03_17,0.0,1.0,head
h20_03_18,0.0,1.0,head
h20_03_19,0.0,1.0,head
h20_03_20,0.0,1.0,head
h20_03_21,0.0,1.0,head
h20_03_22,0.0,1.0,head
h20_03_23,0.0,1.0,head
h20_04_00,0.0,1.0,head
h20_04_01,0.0,1.0,head
h20_04_02,0.0,1.0,head
h20_04_03,0.0,1.0,head
h20_04_04,0.0,1.0,head
h20_04_05,0.0,1.0,head
h20_04_06,0.0,1.0,head
h20_04_07,0.0,1.0,head
h20_04_08,0.0,1.0,head
h20_04_09,0.0,1.0,head
h20_04_10,0.0,1.0,head
h20_04_11,0.0,1.0,head
h20_04_12,0.0,1.0,head
h20_04_13,0.0,1.0,head
h20_04_14,0.0,1.0,head
h20_04_15,0.0,1.0,head
h20_04_16,0.0,1.0,head
h20_04_17,0.0,1.0,head
h20_04_18,0.0,1.0,head
h20_04_19,0.0,1.0,head
h20_04_20,0.0,1.0,head
h20_04_21,0.0,1.0,head
h20_04_22,0.0,1.0,head
h20_04_23,0.0,1.0,head
h20_05_00,0.0,1.0,head
h20_05_01,0.0,1.0,head
h20_05_02,0.0,1.0,head
h20_05_03,0.0,1.0,head
h20_05_04,0.0,1.0,head
h20_05_05,0.0,1.0,head
h20_05_06,0.0,1.0,head
h20_05_07,0.0,1.0,head
h20_05_08,0.0,1.0,head
h20_05_09,0.0,1.0,head
h20_05_10,0.0,1.0,head
h20_05_11,0.0,1.0,head
h20_05_12,0.0,1.0,head
h20_05_13,0.0,1.0,head
h20_05_14,0.0,1.0,head
h20_05_15,0.0,1.0,head
h20_05_16,0.0,1.0,head
h20_05_17,0.0,1.0,head
h20_05_18,0.0,1.0,head
h20_05_19,0.0,1.0,head
h20_05_20,0.0,1.0,head
h20_05_21,0.0,1.0,head
h20_05_22,0.0,1.0,head
h20_05_23,0.0,1.0,head
h20_06_00,0.0,1.0,head
h20_06_01,0.0,1.0,head
h20_06_02,0.0,1.0,head
h20_06_03,0.0,1.0,head
h20_06_04,0.0,1.0,head
h20_06_05,0.0,1.0,head
h20_06_06,0.0,1.0,head
h20_06_07,0.0,1.0,head
h20_06_08,0.0,1.0,head
h20_06_09,0.0,1.0,head
h20_06_10,0.0,1.0,head
h20_06_11,0.0,1.0,head
h20_06_12,0.0,1.0,head
h20_06_13,0.0,1.0,head
h20_06_14,0.0,1.0,head
h20_06_15,0.0,1.0,head
h20_06_16,0.0,1.0,head
h20_06_17,0.0,1.0,head
h20_06_18,0.0,1.0,head
h20_06_19,0.0,1.0,head
h20_06_20,0.0,1.0,head
h20_06_21,0.0,1.0,head
h20_06_22,0.0,1.0,head
h20_06_23,0.0,1.0,head
h20_07_00,0.0,1.0,head
h20_07_01,0.0,1.0,head
h20_07_02,0.0,1.0,head
h20_07_03,0.0,1.0,head
h20_07_04,0.0,1.0,head
h20_07_05,0.0,1.0,head
h20_07_06,0.0,1.0,head
h20_07_07,0.0,1.0,head
h20_07_08,0.0,1.0,head
h20_07_09,0.0,1.0,head
h20_07_10,0.0,1.0,head
h20_07_11,0.0,1.0,head
h20_07_12,0.0,1.0,head
h20_07_13,0.0,1.0,head
h20_07_14,0.0,1.0,head
h20_07_15,0.0,1.0,head
h20_07_16,0.0,1.0,head
h20_07_17,0.0,1.0,head
h20_07_18,0.0,1.0,head
h20_07_19,0.0,1.0,head
h20_07_20,0.0,1.0,head
h20_07_21,0.0,1.0,head
h20_07_22,0.0,1.0,head
h20_07_23,0.0,1.0,head
h20_08_00,0.0,1.0,head
h20_08_01,0.0,1.0,head
h20_08_02,0.0,1.0,head
h20_08_03,0.0,1.0,head
h20_08_04,0.0,1.0,head
h20_08_05,0.0,1.0,head
h20_08_06,0.0,1.0,head
h20_08_07,0.0,1.0,head
h20_08_08,0.0,1.0,head
h20_08_09,0.0,1.0,head
h20_08_10,0.0,1.0,head
h20_08_11,0.0,1.0,head
h20_08_12,0.0,1.0,head
h20_08_13,0.0,1.0,head
h20_08_14,0.0,1.0,head
h20_08_15,0.0,1.0,head
h20_08_16,0.0,1.0,head
h20_08_17,0.0,1.0,head
h20_08_18,0.0,1.0,head
h20_08_19,0.0,1.0,head
h20_08_20,0.0,1.0,head
h20_08_21,0.0,1.0,head
h20_08_22,0.0,1.0,head
h20_08_23,0.0,1.0,head
h20_09_00,0.0,1.0,head
h20_09_01,0.0,1.0,head
h20_09_02,0.0,1.0,head
h20_09_03,0.0,1.0,head
h20_09_04,0.0,1.0,head
h20_09_05,0.0,1.0,head
h20_09_06,0.0,1.0,head
h20_09_07,0.0,1.0,head
h20_09_08,0.0,1.0,head
h20_09_09,0.0,1.0,head
h20_09_10,0.0,1.0,head
h20_09_11,0.0,1.0,head
h20_09_12,0.0,1.0,head
h20_09_13,0.0,1.0,head
h20_09_14,0.0,1.0,head
h20_09_15,0.0,1.0,head
h20_09_16,0.0,1.0,head
h20_09_17,0.0,1.0,head
h20_09_18,0.0,1.0,head
h20_09_19,0.0,1.0,head
h20_09_20,0.0,1.0,head
h20_09_21,0.0,1.0,head
h20_09_22,0.0,1.0,head
h20_09_23,0.0,1.0,head
h20_10_00,0.0,1.0,head
h20_10_01,0.0,1.0,head
h20_10_02,0.0,1.0,head
h20_10_03,0.0,1.0,head
h20_10_04,0.0,1.0,head
h20_10_05,0.0,1.0,head
h20_10_06,0.0,1.0,head
h20_10_07,0.0,1.0,head
h20_10_08,0.0,1.0,head
h20_10_09,0.0,1.0,head
h20_10_10,0.0,1.0,head
h20_10_11,0.0,1.0,head
h20_10_12,0.0,1.0,head
h20_10_13,0.0,1.0,head
h20_10_14,0.0,1.0,head
h20_10_15,0.0,1.0,head
h20_10_16,0.0,1.0,head
h20_10_17,0.0,1.0,head
h20_10_18,0.0,1.0,head
h20_10_19,0.0,1.0,head
h20_10_20,0.0,1.0,head
h20_10_21,0.0,1.0,head
h20_10_22,0.0,1.0,head
h20_10_23,0.0,1.0,head
h20_11_00,0.0,1.0,head
h20_11_01,0.0,1.0,head
h20_11_02,0.0,1.0,head
h20_11_03,0.0,1.0,head
h20_11_04,0.0,1.0,head
h20_11_05,0.0,1.0,head
h20_11_06,0.0,1.0,head
h20_11_07,0.0,1.0,head
h20_11_08,0.0,1.0,head
h20_11_09,0.0,1.0,head
h20_11_10,0.0,1.0,head
h20_11_11,0.0,1.0,head
h20_11_12,0.0,1.0,head
h20_11_13,0.0,1.0,head
h20_11_14,0.0,1.0,head
h20_11_15,0.0,1.0,head
h20_11_16,0.0,1.0,head
h20_11_17,0.0,1.0,head
h20_11_18,0.0,1.0,head
h20_11_19,0.0,1.0,head
h20_11_20,0.0,1.0,head
h20_11_21,0.0,1.0,head
h20_11_22,0.0,1.0,head
h20_11_23,0.0,1.0,head
h20_12_00,0.0,1.0,head
h20_12_01,0.0,1.0,head
h20_12_02,0.0,1.0,head
h20_12_03,0.0,1.0,head
h20_12_04,0.0,1.0,head
h20_12_05,0.0,1.0,head
h20_12_06,0.0,1.0,head
h20_12_07,0.0,1.0,head
h20_12_08,0.0,1.0,head
h20_12_09,0.0,1.0,head
h20_12_10,0.0,1.0,head
h20_12_11,0.0,1.0,head
h20_12_12,0.0,1.0,head
h20_12_13,0.0,1.0,head
h20_12_14,0.0,1.0,head
h20_12_15,0.0,1.0,head
h20_12_16,0.0,1.0,head
h20_12_17,0.0,1.0,head
h20_12_18,0.0,1.0,head
h20_12_19,0.0,1.0,head
h20_12_20,0.0,1.0,head
h20_12_21,0.0,1.0,head
h20_12_22,0.0,1.0,head
h20_12_23,0.0,1.0,head
h20_13_00,0.0,1.0,head
h20_13_01,0.0,1.0,head
h20_13_02,0.0,1.0,head
h20_13_03,0.0,1.0,head
h20_13_04,0.0,1.0,head
h20_13_05,0.0,1.0,head
h20_13_06,0.0,1.0,head
h20_13_07,0.0,1.0,head
h20_13_08,0.0,1.0,head
h20_13_09,0.0,1.0,head
h20_13_10,0.0,1.0,head
h20_13_11,0.0,1.0,head
h20_13_12,0.0,1.0,head
h20_13_13,0.0,1.0,head
h20_13_14,0.0,1.0,head
h20_13_15,0.0,1.0,head
h20_13_16,0.0,1.0,head
h20_13_17,0.0,1.0,head
h20_13_18,0.0,1.0,head
h20_13_19,0.0,1.0,head
h20_13_20,0.0,1.0,head
h20_13_21,0.0,1.0,head
h20_13_22,0.0,1.0,head
h20_13_23,0.0,1.0,head
h20_14_00,0.0,1.0,head
h20_14_01,0.0,1.0,head
h20_14_02,0.0,1.0,head
h20_14_03,0.0,1.0,head
h20_14_04,0.0,1.0,head
h20_14_05,0.0,1.0,head
h20_14_06,0.0,1.0,head
h20_14_07,0.0,1.0,head
h20_14_08,0.0,1.0,head
h20_14_09,0.0,1.0,head
h20_14_10,0.0,1.0,head
h20_14_11,0.0,1.0,head
h20_14_12,0.0,1.0,head
h20_14_13,0.0,1.0,head
h20_14_14,0.0,1.0,head
h20_14_15,0.0,1.0,head
h20_14_16,0.0,1.0,head
h20_14_17,0.0,1.0,head
h20_14_18,0.0,1.0,head
h20_14_19,0.0,1.0,head
h20_14_20,0.0,1.0,head
h20_14_21,0.0,1.0,head
h20_14_22,0.0,1.0,head
h20_14_23,0.0,1.0,head
h20_15_00,0.0,1.0,head
h20_15_01,0.0,1.0,head
h20_15_02,0.0,1.0,head
h20_15_03,0.0,1.0,head
h20_15_04,0.0,1.0,head
h20_15_05,0.0,1.0,head
h20_15_06,0.0,1.0,head
h20_15_07,0.0,1.0,head
h20_15_08,0.0,1.0,head
h20_15_09,0.0,1.0,head
h20_15_10,0.0,1.0,head
h20_15_11,0.0,1.0,head
h20_15_12,0.0,1.0,head
h20_15_13,0.0,1.0,head
h20_15_14,0.0,1.0,head
h20_15_15,0.0,1.0,head
h20_15_16,0.0,1.0,head
h20_15_17,0.0,1.0,head
h20_15_18,0.0,1.0,head
h20_15_19,0.0,1.0,head
h20_15_20,0.0,1.0,head
h20_15_21,0.0,1.0,head
h20_15_22,0.0,1.0,head
h20_15_23,0.0,1.0,head
h20_16_00,0.0,1.0,head
h20_16_01,0.0,1.0,head
h20_16_02,0.0,1.0,head
h20_16_03,0.0,1.0,head
h20_16_04,0.0,1.0,head
h20_16_05,0.0,1.0,head
h20_16_06,0.0,1.0,head
h20_16_07,0.0,1.0,head
h20_16_08,0.0,1.0,head
h20_16_09,0.0,1.0,head
h20_16_10,0.0,1.0,head
h20_16_11,0.0,1.0,head
h20_16_12,0.0,1.0,head
h20_16_13,0.0,1.0,head
h20_16_14,0.0,1.0,head
h20_16_15,0.0,1.0,head
h20_16_16,0.0,1.0,head
h20_16_17,0.0,1.0,head
h20_16_18,0.0,1.0,head
h20_16_19,0.0,1.0,head
h20_16_20,0.0,1.0,head
h20_16_21,0.0,1.0,head
h20_16_22,0.0,1.0,head
h20_16_23,0.0,1.0,head
h20_17_00,0.0,1.0,head
h20_17_01,0.0,1.0,head
h20_17_02,0.0,1.0,head
h20_17_03,0.0,1.0,head
h20_17_04,0.0,1.0,head
h20_17_05,0.0,1.0,head
h20_17_06,0.0,1.0,head
h20_17_07,0.0,1.0,head
h20_17_08,0.0,1.0,head
h20_17_09,0.0,1.0,head
h20_17_10,0.0,1.0,head
h20_17_11,0.0,1.0,head
h20_17_12,0.0,1.0,head
h20_17_13,0.0,1.0,head
h20_17_14,0.0,1.0,head
h20_17_15,0.0,1.0,head
h20_17_16,0.0,1.0,head
h20_17_17,0.0,1.0,head
h20_17_18,0.0,1.0,head
h20_17_19,0.0,1.0,head
h20_17_20,0.0,1.0,head
h20_17_21,0.0,1.0,head
h20_17_22,0.0,1.0,head
h20_17_23,0.0,1.0,head
h20_18_00,0.0,1.0,head
h20_18_01,0.0,1.0,head
h20_18_02,0.0,1.0,head
h20_18_03,0.0,1.0,head
h20_18_04,0.0,1.0,head
h20_18_05,0.0,1.0,head
h20_18_06,0.0,1.0,head
h20_18_07,0.0,1.0,head
h20_18_08,0.0,1.0,head
h20_18_09,0.0,1.0,head
h20_18_10,0.0,1.0,head
h20_18_11,0.0,1.0,head
h20_18_12,0.0,1.0,head
h20_18_13,0.0,1.0,head
h20_18_14,0.0,1.0,head
h20_18_15,0.0,1.0,head
h20_18_16,0.0,1.0,head
h20_18_17,0.0,1.0,head
h20_18_18,0.0,1.0,head
h20_18_19,0.0,1.0,head
h20_18_20,0.0,1.0,head
h20_18_21,0.0,1.0,head
h20_18_22,0.0,1.0,head
h20_18_23,0.0,1.0,head
h20_19_00,0.0,1.0,head
h20_19_01,0.0,1.0,head
h20_19_02,0.0,1.0,head
h20_19_03,0.0,1.0,head
h20_19_04,0.0,1.0,head
h20_19_05,0.0,1.0,head
h20_19_06,0.0,1.0,head
h20_19_07,0.0,1.0,head
h20_19_08,0.0,1.0,head
h20_19_09,0.0,1.0,head
h20_19_10,0.0,1.0,head
h20_19_11,0.0,1.0,head
h20_19_12,0.0,1.0,head
h20_19_13,0.0,1.0,head
h20_19_14,0.0,1.0,head
h20_19_15,0.0,1.0,head
h20_19_16,0.0,1.0,head
h20_19_17,0.0,1.0,head
h20_19_18,0.0,1.0,head
h20_19_19,0.0,1.0,head
h20_19_20,0.0,1.0,head
h20_19_21,0.0,1.0,head
h20_19_22,0.0,1.0,head
h20_19_23,0.0,1.0,head
h20_20_00,0.0,1.0,head
h20_20_01,0.0,1.0,head
h20_20_02,0.0,1.0,head
h20_20_03,0.0,1.0,head
h20_20_04,0.0,1.0,head
h20_20_05,0.0,1.0,head
h20_20_06,0.0,1.0,head
h20_20_07,0.0,1.0,head
h20_20_08,0.0,1.0,head
h20_20_09,0.0,1.0,head
h20_20_10,0.0,1.0,head
h20_20_11,0.0,1.0,head
h20_20_12,0.0,1.0,head
h20_20_13,0.0,1.0,head
h20_20_14,0.0,1.0,head
h20_20_15,0.0,1.0,head
h20_20_16,0.0,1.0,head
h20_20_17,0.0,1.0,head
h20_20_18,0.0,1.0,head
h20_20_19,0.0,1.0,head
h20_20_20,0.0,1.0,head
h20_20_21,0.0,1.0,head
h20_20_22,0.0,1.0,head
h20_20_23,0.0,1.0,head
h20_21_00,0.0,1.0,head
h20_21_01,0.0,1.0,head
h20_21_02,0.0,1.0,head
h20_21_03,0.0,1.0,head
h20_21_04,0.0,1.0,head
h20_21_05,0.0,1.0,head
h20_21_06,0.0,1.0,head
h20_21_07,0.0,1.0,head
h20_21_08,0.0,1.0,head
h20_21_09,0.0,1.0,head
h20_21_10,0.0,1.0,head
h20_21_11,0.0,1.0,head
h20_21_12,0.0,1.0,head
h20_21_13,0.0,1.0,head
h20_21_14,0.0,1.0,head
h20_21_15,0.0,1.0,head
h20_21_16,0.0,1.0,head
h20_21_17,0.0,1.0,head
h20_21_18,0.0,1.0,head
h20_21_19,0.0,1.0,head
h20_21_20,0.0,1.0,head
h20_21_21,0.0,1.0,head
h20_21_22,0.0,1.0,head
h20_21_23,0.0,1.0,head
h20_22_00,0.0,1.0,head
h20_22_01,0.0,1.0,head
h20_22_02,0.0,1.0,head
h20_22_03,0.0,1.0,head
h20_22_04,0.0,1.0,head
h20_22_05,0.0,1.0,head
h20_22_06,0.0,1.0,head
h20_22_07,0.0,1.0,head
h20_22_08,0.0,1.0,head
h20_22_09,0.0,1.0,head
h20_22_10,0.0,1.0,head
h20_22_11,0.0,1.0,head
h20_22_12,0.0,1.0,head
h20_22_13,0.0,1.0,head
h20_22_14,0.0,1.0,head
h20_22_15,0.0,1.0,head
h20_22_16,0.0,1.0,head
h20_22_17,0.0,1.0,head
h20_22_18,0.0,1.0,head
h20_22_19,0.0,1.0,head
h20_22_20,0.0,1.0,head
h20_22_21,0.0,1.0,head
h20_22_22,0.0,1.0,head
h20_22_23,0.0,1.0,head
h20_23_00,0.0,1.0,head
h20_23_01,0.0,1.0,head
h20_23_02,0.0,1.0,head
h20_23_03,0.0,1.0,head
h20_23_04,0.0,1.0,head
h20_23_05,0.0,1.0,head
h20_23_06,0.0,1.0,head
h20_23_07,0.0,1.0,head
h20_23_08,0.0,1.0,head
h20_23_09,0.0,1.0,head
h20_23_10,0.0,1.0,head
h20_23_11,0.0,1.0,head
h20_23_12,0.0,1.0,head
h20_23_13,0.0,1.0,head
h20_23_14,0.0,1.0,head
h20_23_15,0.0,1.0,head
h20_23_16,0.0,1.0,head
h20_23_17,0.0,1.0,head
h20_23_18,0.0,1.0,head
h20_23_19,0.0,1.0,head
h20_23_20,0.0,1.0,head
h20_23_21,0.0,1.0,head
h20_23_22,0.0,1.0,head
h20_23_23,0.0,1.0,head
h20_24_00,0.0,1.0,head
h20_24_01,0.0,1.0,head
h20_24_02,0.0,1.0,head
h20_24_03,0.0,1.0,head
h20_24_04,0.0,1.0,head
h20_24_05,0.0,1.0,head
h20_24_06,0.0,1.0,head
h20_24_07,0.0,1.0,head
h20_24_08,0.0,1.0,head
h20_24_09,0.0,1.0,head
h20_24_10,0.0,1.0,head
h20_24_11,0.0,1.0,head
h20_24_12,0.0,1.0,head
h20_24_13,0.0,1.0,head
h20_24_14,0.0,1.0,head
h20_24_15,0.0,1.0,head
h20_24_16,0.0,1.0,head
h20_24_17,0.0,1.0,head
h20_24_18,0.0,1.0,head
h20_24_19,0.0,1.0,head
h20_24_20,0.0,1.0,head
h20_24_21,0.0,1.0,head
h20_24_22,0.0,1.0,head
h20_24_23,0.0,1.0,head
h20_25_00,0.0,1.0,head
h20_25_01,0.0,1.0,head
h20_25_02,0.0,1.0,head
h20_25_03,0.0,1.0,head
h20_25_04,0.0,1.0,head
h20_25_05,0.0,1.0,head
h20_25_06,0.0,1.0,head
h20_25_07,0.0,1.0,head
h20_25_08,0.0,1.0,head
h20_25_09,0.0,1.0,head
h20_25_10,0.0,1.0,head
h20_25_11,0.0,1.0,head
h20_25_12,0.0,1.0,head
h20_25_13,0.0,1.0,head
h20_25_14,0.0,1.0,head
h20_25_15,0.0,1.0,head
h20_25_16,0.0,1.0,head
h20_25_17,0.0,1.0,head
h20_25_18,0.0,1.0,head
h20_25_19,0.0,1.0,head
h20_25_20,0.0,1.0,head
h20_25_21,0.0,1.0,head
h20_25_22,0.0,1.0,head
h20_25_23,0.0,1.0,head
h20_26_00,0.0,1.0,head
h20_26_01,0.0,1.0,head
h20_26_02,0.0,1.0,head
h20_26_03,0.0,1.0,head
h20_26_04,0.0,1.0,head
h20_26_05,0.0,1.0,head
h20_26_06,0.0,1.0,head
h20_26_07,0.0,1.0,head
h20_26_08,0.0,1.0,head
h20_26_09,0.0,1.0,head
h20_26_10,0.0,1.0,head
h20_26_11,0.0,1.0,head
h20_26_12,0.0,1.0,head
h20_26_13,0.0,1.0,head
h20_26_14,0.0,1.0,head
h20_26_15,0.0,1.0,head
h20_26_16,0.0,1.0,head
h20_26_17,0.0,1.0,head
h20_26_18,0.0,1.0,head
h20_26_19,0.0,1.0,head
h20_26_20,0.0,1.0,head
h20_26_21,0.0,1.0,head
h20_26_22,0.0,1.0,head
h20_26_23,0.0,1.0,head
h20_27_00,0.0,1.0,head
h20_27_01,0.0,1.0,head
h20_27_02,0.0,1.0,head
h20_27_03,0.0,1.0,head
h20_27_04,0.0,1.0,head
h20_27_05,0.0,1.0,head
h20_27_06,0.0,1.0,head
h20_27_07,0.0,1.0,head
h20_27_08,0.0,1.0,head
h20_27_09,0.0,1.0,head
h20_27_10,0.0,1.0,head
h20_27_11,0.0,1.0,head
h20_27_12,0.0,1.0,head
h20_27_13,0.0,1.0,head
h20_27_14,0.0,1.0,head
h20_27_15,0.0,1.0,head
h20_27_16,0.0,1.0,head
h20_27_17,0.0,1.0,head
h20_27_18,0.0,1.0,head
h20_27_19,0.0,1.0,head
h20_27_20,0.0,1.0,head
h20_27_21,0.0,1.0,head
h20_27_22,0.0,1.0,head
h20_27_23,0.0,1.0,head
h20_28_00,0.0,1.0,head
h20_28_01,0.0,1.0,head
h20_28_02,0.0,1.0,head
h20_28_03,0.0,1.0,head
h20_28_04,0.0,1.0,head
h20_28_05,0.0,1.0,head
h20_28_06,0.0,1.0,head
h20_28_07,0.0,1.0,head
h20_28_08,0.0,1.0,head
h20_28_09,0.0,1.0,head
h20_28_10,0.0,1.0,head
h20_28_11,0.0,1.0,head
h20_28_12,0.0,1.0,head
h20_28_13,0.0,1.0,head
h20_28_14,0.0,1.0,head
h20_28_15,0.0,1.0,head
h20_28_16,0.0,1.0,head
h20_28_17,0.0,1.0,head
h20_28_18,0.0,1.0,head
h20_28_19,0.0,1.0,head
h20_28_20,0.0,1.0,head
h20_28_21,0.0,1.0,head
h20_28_22,0.0,1.0,head
h20_28_23,0.0,1.0,head
h20_29_00,0.0,1.0,head
h20_29_01,0.0,1.0,head
h20_29_02,0.0,1.0,head
h20_29_03,0.0,1.0,head
h20_29_04,0.0,1.0,head
h20_29_05,0.0,1.0,head
h20_29_06,0.0,1.0,head
h20_29_07,0.0,1.0,head
h20_29_08,0.0,1.0,head
h20_29_09,0.0,1.0,head
h20_29_10,0.0,1.0,head
h20_29_11,0.0,1.0,head
h20_29_12,0.0,1.0,head
h20_29_13,0.0,1.0,head
h20_29_14,0.0,1.0,head
h20_29_15,0.0,1.0,head
h20_29_16,0.0,1.0,head
h20_29_17,0.0,1.0,head
h20_29_18,0.0,1.0,head
h20_29_19,0.0,1.0,head
h20_29_20,0.0,1.0,head
h20_29_21,0.0,1.0,head
h20_29_22,0.0,1.0,head
h20_29_23,0.0,1.0,head
h21_00_00,0.0,1.0,head
h21_00_01,0.0,1.0,head
h21_00_02,0.0,1.0,head
h21_00_03,0.0,1.0,head
h21_00_04,0.0,1.0,head
h21_00_05,0.0,1.0,head
h21_00_06,0.0,1.0,head
h21_00_07,0.0,1.0,head
h21_00_08,0.0,1.0,head
h21_00_09,0.0,1.0,head
h21_00_10,0.0,1.0,head
h21_00_11,0.0,1.0,head
h21_00_12,0.0,1.0,head
h21_00_13,0.0,1.0,head
h21_00_14,0.0,1.0,head
h21_00_15,0.0,1.0,head
h21_00_16,0.0,1.0,head
h21_00_17,0.0,1.0,head
h21_00_18,0.0,1.0,head
h21_00_19,0.0,1.0,head
h21_00_20,0.0,1.0,head
h21_00_21,0.0,1.0,head
h21_00_22,0.0,1.0,head
h21_00_23,0.0,1.0,head
h21_01_00,0.0,1.0,head
h21_01_01,0.0,1.0,head
h21_01_02,0.0,1.0,head
h21_01_03,0.0,1.0,head
h21_01_04,0.0,1.0,head
h21_01_05,0.0,1.0,head
h21_01_06,0.0,1.0,head
h21_01_07,0.0,1.0,head
h21_01_08,0.0,1.0,head
h21_01_09,0.0,1.0,head
h21_01_10,0.0,1.0,head
h21_01_11,0.0,1.0,head
h21_01_12,0.0,1.0,head
h21_01_13,0.0,1.0,head
h21_01_14,0.0,1.0,head
h21_01_15,0.0,1.0,head
h21_01_16,0.0,1.0,head
h21_01_17,0.0,1.0,head
h21_01_18,0.0,1.0,head
h21_01_19,0.0,1.0,head
h21_01_20,0.0,1.0,head
h21_01_21,0.0,1.0,head
h21_01_22,0.0,1.0,head
h21_01_23,0.0,1.0,head
h21_02_00,0.0,1.0,head
h21_02_01,0.0,1.0,head
h21_02_02,0.0,1.0,head
h21_02_03,0.0,1.0,head
h21_02_04,0.0,1.0,head
h21_02_05,0.0,1.0,head
h21_02_06,0.0,1.0,head
h21_02_07,0.0,1.0,head
h21_02_08,0.0,1.0,head
h21_02_09,0.0,1.0,head
h21_02_10,0.0,1.0,head
h21_02_11,0.0,1.0,head
h21_02_12,0.0,1.0,head
h21_02_13,0.0,1.0,head
h21_02_14,0.0,1.0,head
h21_02_15,0.0,1.0,head
h21_02_16,0.0,1.0,head
h21_02_17,0.0,1.0,head
h21_02_18,0.0,1.0,head
h21_02_19,0.0,1.0,head
h21_02_20,0.0,1.0,head
h21_02_21,0.0,1.0,head
h21_02_22,0.0,1.0,head
h21_02_23,0.0,1.0,head
h21_03_00,0.0,1.0,head
h21_03_01,0.0,1.0,head
h21_03_02,0.0,1.0,head
h21_03_03,0.0,1.0,head
h21_03_04,0.0,1.0,head
h21_03_05,0.0,1.0,head
h21_03_06,0.0,1.0,head
h21_03_07,0.0,1.0,head
h21_03_08,0.0,1.0,head
h21_03_09,0.0,1.0,head
h21_03_10,0.0,1.0,head
h21_03_11,0.0,1.0,head
h21_03_12,0.0,1.0,head
h21_03_13,0.0,1.0,head
h21_03_14,0.0,1.0,head
h21_03_15,0.0,1.0,head
h21_03_16,0.0,1.0,head
h21_03_17,0.0,1.0,head
h21_03_18,0.0,1.0,head
h21_03_19,0.0,1.0,head
h21_03_20,0.0,1.0,head
h21_03_21,0.0,1.0,head
h21_03_22,0.0,1.0,head
h21_03_23,0.0,1.0,head
h21_04_00,0.0,1.0,head
h21_04_01,0.0,1.0,head
h21_04_02,0.0,1.0,head
h21_04_03,0.0,1.0,head
h21_04_04,0.0,1.0,head
h21_04_05,0.0,1.0,head
h21_04_06,0.0,1.0,head
h21_04_07,0.0,1.0,head
h21_04_08,0.0,1.0,head
h21_04_09,0.0,1.0,head
h21_04_10,0.0,1.0,head
h21_04_11,0.0,1.0,head
h21_04_12,0.0,1.0,head
h21_04_13,0.0,1.0,head
h21_04_14,0.0,1.0,head
h21_04_15,0.0,1.0,head
h21_04_16,0.0,1.0,head
h21_04_17,0.0,1.0,head
h21_04_18,0.0,1.0,head
h21_04_19,0.0,1.0,head
h21_04_20,0.0,1.0,head
h21_04_21,0.0,1.0,head
h21_04_22,0.0,1.0,head
h21_04_23,0.0,1.0,head
h21_05_00,0.0,1.0,head
h21_05_01,0.0,1.0,head
h21_05_02,0.0,1.0,head
h21_05_03,0.0,1.0,head
h21_05_04,0.0,1.0,head
h21_05_05,0.0,1.0,head
h21_05_06,0.0,1.0,head
h21_05_07,0.0,1.0,head
h21_05_08,0.0,1.0,head
h21_05_09,0.0,1.0,head
h21_05_10,0.0,1.0,head
h21_05_11,0.0,1.0,head
h21_05_12,0.0,1.0,head
h21_05_13,0.0,1.0,head
h21_05_14,0.0,1.0,head
h21_05_15,0.0,1.0,head
h21_05_16,0.0,1.0,head
h21_05_17,0.0,1.0,head
h21_05_18,0.0,1.0,head
h21_05_19,0.0,1.0,head
h21_05_20,0.0,1.0,head
h21_05_21,0.0,1.0,head
h21_05_22,0.0,1.0,head
h21_05_23,0.0,1.0,head
h21_06_00,0.0,1.0,head
h21_06_01,0.0,1.0,head
h21_06_02,0.0,1.0,head
h21_06_03,0.0,1.0,head
h21_06_04,0.0,1.0,head
h21_06_05,0.0,1.0,head
h21_06_06,0.0,1.0,head
h21_06_07,0.0,1.0,head
h21_06_08,0.0,1.0,head
h21_06_09,0.0,1.0,head
h21_06_10,0.0,1.0,head
h21_06_11,0.0,1.0,head
h21_06_12,0.0,1.0,head
h21_06_13,0.0,1.0,head
h21_06_14,0.0,1.0,head
h21_06_15,0.0,1.0,head
h21_06_16,0.0,1.0,head
h21_06_17,0.0,1.0,head
h21_06_18,0.0,1.0,head
h21_06_19,0.0,1.0,head
h21_06_20,0.0,1.0,head
h21_06_21,0.0,1.0,head
h21_06_22,0.0,1.0,head
h21_06_23,0.0,1.0,head
h21_07_00,0.0,1.0,head
h21_07_01,0.0,1.0,head
h21_07_02,0.0,1.0,head
h21_07_03,0.0,1.0,head
h21_07_04,0.0,1.0,head
h21_07_05,0.0,1.0,head
h21_07_06,0.0,1.0,head
h21_07_07,0.0,1.0,head
h21_07_08,0.0,1.0,head
h21_07_09,0.0,1.0,head
h21_07_10,0.0,1.0,head
h21_07_11,0.0,1.0,head
h21_07_12,0.0,1.0,head
h21_07_13,0.0,1.0,head
h21_07_14,0.0,1.0,head
h21_07_15,0.0,1.0,head
h21_07_16,0.0,1.0,head
h21_07_17,0.0,1.0,head
h21_07_18,0.0,1.0,head
h21_07_19,0.0,1.0,head
h21_07_20,0.0,1.0,head
h21_07_21,0.0,1.0,head
h21_07_22,0.0,1.0,head
h21_07_23,0.0,1.0,head
h21_08_00,0.0,1.0,head
h21_08_01,0.0,1.0,head
h21_08_02,0.0,1.0,head
h21_08_03,0.0,1.0,head
h21_08_04,0.0,1.0,head
h21_08_05,0.0,1.0,head
h21_08_06,0.0,1.0,head
h21_08_07,0.0,1.0,head
h21_08_08,0.0,1.0,head
h21_08_09,0.0,1.0,head
h21_08_10,0.0,1.0,head
h21_08_11,0.0,1.0,head
h21_08_12,0.0,1.0,head
h21_08_13,0.0,1.0,head
h21_08_14,0.0,1.0,head
h21_08_15,0.0,1.0,head
h21_08_16,0.0,1.0,head
h21_08_17,0.0,1.0,head
h21_08_18,0.0,1.0,head
h21_08_19,0.0,1.0,head
h21_08_20,0.0,1.0,head
h21_08_21,0.0,1.0,head
h21_08_22,0.0,1.0,head
h21_08_23,0.0,1.0,head
h21_09_00,0.0,1.0,head
h21_09_01,0.0,1.0,head
h21_09_02,0.0,1.0,head
h21_09_03,0.0,1.0,head
h21_09_04,0.0,1.0,head
h21_09_05,0.0,1.0,head
h21_09_06,0.0,1.0,head
h21_09_07,0.0,1.0,head
h21_09_08,0.0,1.0,head
h21_09_09,0.0,1.0,head
h21_09_10,0.0,1.0,head
h21_09_11,0.0,1.0,head
h21_09_12,0.0,1.0,head
h21_09_13,0.0,1.0,head
h21_09_14,0.0,1.0,head
h21_09_15,0.0,1.0,head
h21_09_16,0.0,1.0,head
h21_09_17,0.0,1.0,head
h21_09_18,0.0,1.0,head
h21_09_19,0.0,1.0,head
h21_09_20,0.0,1.0,head
h21_09_21,0.0,1.0,head
h21_09_22,0.0,1.0,head
h21_09_23,0.0,1.0,head
h21_10_00,0.0,1.0,head
h21_10_01,0.0,1.0,head
h21_10_02,0.0,1.0,head
h21_10_03,0.0,1.0,head
h21_10_04,0.0,1.0,head
h21_10_05,0.0,1.0,head
h21_10_06,0.0,1.0,head
h21_10_07,0.0,1.0,head
h21_10_08,0.0,1.0,head
h21_10_09,0.0,1.0,head
h21_10_10,0.0,1.0,head
h21_10_11,0.0,1.0,head
h21_10_12,0.0,1.0,head
h21_10_13,0.0,1.0,head
h21_10_14,0.0,1.0,head
h21_10_15,0.0,1.0,head
h21_10_16,0.0,1.0,head
h21_10_17,0.0,1.0,head
h21_10_18,0.0,1.0,head
h21_10_19,0.0,1.0,head
h21_10_20,0.0,1.0,head
h21_10_21,0.0,1.0,head
h21_10_22,0.0,1.0,head
h21_10_23,0.0,1.0,head
h21_11_00,0.0,1.0,head
h21_11_01,0.0,1.0,head
h21_11_02,0.0,1.0,head
h21_11_03,0.0,1.0,head
h21_11_04,0.0,1.0,head
h21_11_05,0.0,1.0,head
h21_11_06,0.0,1.0,head
h21_11_07,0.0,1.0,head
h21_11_08,0.0,1.0,head
h21_11_09,0.0,1.0,head
h21_11_10,0.0,1.0,head
h21_11_11,0.0,1.0,head
h21_11_12,0.0,1.0,head
h21_11_13,0.0,1.0,head
h21_11_14,0.0,1.0,head
h21_11_15,0.0,1.0,head
h21_11_16,0.0,1.0,head
h21_11_17,0.0,1.0,head
h21_11_18,0.0,1.0,head
h21_11_19,0.0,1.0,head
h21_11_20,0.0,1.0,head
h21_11_21,0.0,1.0,head
h21_11_22,0.0,1.0,head
h21_11_23,0.0,1.0,head
h21_12_00,0.0,1.0,head
h21_12_01,0.0,1.0,head
h21_12_02,0.0,1.0,head
h21_12_03,0.0,1.0,head
h21_12_04,0.0,1.0,head
h21_12_05,0.0,1.0,head
h21_12_06,0.0,1.0,head
h21_12_07,0.0,1.0,head
h21_12_08,0.0,1.0,head
h21_12_09,0.0,1.0,head
h21_12_10,0.0,1.0,head
h21_12_11,0.0,1.0,head
h21_12_12,0.0,1.0,head
h21_12_13,0.0,1.0,head
h21_12_14,0.0,1.0,head
h21_12_15,0.0,1.0,head
h21_12_16,0.0,1.0,head
h21_12_17,0.0,1.0,head
h21_12_18,0.0,1.0,head
h21_12_19,0.0,1.0,head
h21_12_20,0.0,1.0,head
h21_12_21,0.0,1.0,head
h21_12_22,0.0,1.0,head
h21_12_23,0.0,1.0,head
h21_13_00,0.0,1.0,head
h21_13_01,0.0,1.0,head
h21_13_02,0.0,1.0,head
h21_13_03,0.0,1.0,head
h21_13_04,0.0,1.0,head
h21_13_05,0.0,1.0,head
h21_13_06,0.0,1.0,head
h21_13_07,0.0,1.0,head
h21_13_08,0.0,1.0,head
h21_13_09,0.0,1.0,head
h21_13_10,0.0,1.0,head
h21_13_11,0.0,1.0,head
h21_13_12,0.0,1.0,head
h21_13_13,0.0,1.0,head
h21_13_14,0.0,1.0,head
h21_13_15,0.0,1.0,head
h21_13_16,0.0,1.0,head
h21_13_17,0.0,1.0,head
h21_13_18,0.0,1.0,head
h21_13_19,0.0,1.0,head
h21_13_20,0.0,1.0,head
h21_13_21,0.0,1.0,head
h21_13_22,0.0,1.0,head
h21_13_23,0.0,1.0,head
h21_14_00,0.0,1.0,head
h21_14_01,0.0,1.0,head
h21_14_02,0.0,1.0,head
h21_14_03,0.0,1.0,head
h21_14_04,0.0,1.0,head
h21_14_05,0.0,1.0,head
h21_14_06,0.0,1.0,head
h21_14_07,0.0,1.0,head
h21_14_08,0.0,1.0,head
h21_14_09,0.0,1.0,head
h21_14_10,0.0,1.0,head
h21_14_11,0.0,1.0,head
h21_14_12,0.0,1.0,head
h21_14_13,0.0,1.0,head
h21_14_14,0.0,1.0,head
h21_14_15,0.0,1.0,head
h21_14_16,0.0,1.0,head
h21_14_17,0.0,1.0,head
h21_14_18,0.0,1.0,head
h21_14_19,0.0,1.0,head
h21_14_20,0.0,1.0,head
h21_14_21,0.0,1.0,head
h21_14_22,0.0,1.0,head
h21_14_23,0.0,1.0,head
h21_15_00,0.0,1.0,head
h21_15_01,0.0,1.0,head
h21_15_02,0.0,1.0,head
h21_15_03,0.0,1.0,head
h21_15_04,0.0,1.0,head
h21_15_05,0.0,1.0,head
h21_15_06,0.0,1.0,head
h21_15_07,0.0,1.0,head
h21_15_08,0.0,1.0,head
h21_15_09,0.0,1.0,head
h21_15_10,0.0,1.0,head
h21_15_11,0.0,1.0,head
h21_15_12,0.0,1.0,head
h21_15_13,0.0,1.0,head
h21_15_14,0.0,1.0,head
h21_15_15,0.0,1.0,head
h21_15_16,0.0,1.0,head
h21_15_17,0.0,1.0,head
h21_15_18,0.0,1.0,head
h21_15_19,0.0,1.0,head
h21_15_20,0.0,1.0,head
h21_15_21,0.0,1.0,head
h21_15_22,0.0,1.0,head
h21_15_23,0.0,1.0,head
h21_16_00,0.0,1.0,head
h21_16_01,0.0,1.0,head
h21_16_02,0.0,1.0,head
h21_16_03,0.0,1.0,head
h21_16_04,0.0,1.0,head
h21_16_05,0.0,1.0,head
h21_16_06,0.0,1.0,head
h21_16_07,0.0,1.0,head
h21_16_08,0.0,1.0,head
h21_16_09,0.0,1.0,head
h21_16_10,0.0,1.0,head
h21_16_11,0.0,1.0,head
h21_16_12,0.0,1.0,head
h21_16_13,0.0,1.0,head
h21_16_14,0.0,1.0,head
h21_16_15,0.0,1.0,head
h21_16_16,0.0,1.0,head
h21_16_17,0.0,1.0,head
h21_16_18,0.0,1.0,head
h21_16_19,0.0,1.0,head
h21_16_20,0.0,1.0,head
h21_16_21,0.0,1.0,head
h21_16_22,0.0,1.0,head
h21_16_23,0.0,1.0,head
h21_17_00,0.0,1.0,head
h21_17_01,0.0,1.0,head
h21_17_02,0.0,1.0,head
h21_17_03,0.0,1.0,head
h21_17_04,0.0,1.0,head
h21_17_05,0.0,1.0,head
h21_17_06,0.0,1.0,head
h21_17_07,0.0,1.0,head
h21_17_08,0.0,1.0,head
h21_17_09,0.0,1.0,head
h21_17_10,0.0,1.0,head
h21_17_11,0.0,1.0,head
h21_17_12,0.0,1.0,head
h21_17_13,0.0,1.0,head
h21_17_14,0.0,1.0,head
h21_17_15,0.0,1.0,head
h21_17_16,0.0,1.0,head
h21_17_17,0.0,1.0,head
h21_17_18,0.0,1.0,head
h21_17_19,0.0,1.0,head
h21_17_20,0.0,1.0,head
h21_17_21,0.0,1.0,head
h21_17_22,0.0,1.0,head
h21_17_23,0.0,1.0,head
h21_18_00,0.0,1.0,head
h21_18_01,0.0,1.0,head
h21_18_02,0.0,1.0,head
h21_18_03,0.0,1.0,head
h21_18_04,0.0,1.0,head
h21_18_05,0.0,1.0,head
h21_18_06,0.0,1.0,head
h21_18_07,0.0,1.0,head
h21_18_08,0.0,1.0,head
h21_18_09,0.0,1.0,head
h21_18_10,0.0,1.0,head
h21_18_11,0.0,1.0,head
h21_18_12,0.0,1.0,head
h21_18_13,0.0,1.0,head
h21_18_14,0.0,1.0,head
h21_18_15,0.0,1.0,head
h21_18_16,0.0,1.0,head
h21_18_17,0.0,1.0,head
h21_18_18,0.0,1.0,head
h21_18_19,0.0,1.0,head
h21_18_20,0.0,1.0,head
h21_18_21,0.0,1.0,head
h21_18_22,0.0,1.0,head
h21_18_23,0.0,1.0,head
h21_19_00,0.0,1.0,head
h21_19_01,0.0,1.0,head
h21_19_02,0.0,1.0,head
h21_19_03,0.0,1.0,head
h21_19_04,0.0,1.0,head
h21_19_05,0.0,1.0,head
h21_19_06,0.0,1.0,head
h21_19_07,0.0,1.0,head
h21_19_08,0.0,1.0,head
h21_19_09,0.0,1.0,head
h21_19_10,0.0,1.0,head
h21_19_11,0.0,1.0,head
h21_19_12,0.0,1.0,head
h21_19_13,0.0,1.0,head
h21_19_14,0.0,1.0,head
h21_19_15,0.0,1.0,head
h21_19_16,0.0,1.0,head
h21_19_17,0.0,1.0,head
h21_19_18,0.0,1.0,head
h21_19_19,0.0,1.0,head
h21_19_20,0.0,1.0,head
h21_19_21,0.0,1.0,head
h21_19_22,0.0,1.0,head
h21_19_23,0.0,1.0,head
h21_20_00,0.0,1.0,head
h21_20_01,0.0,1.0,head
h21_20_02,0.0,1.0,head
h21_20_03,0.0,1.0,head
h21_20_04,0.0,1.0,head
h21_20_05,0.0,1.0,head
h21_20_06,0.0,1.0,head
h21_20_07,0.0,1.0,head
h21_20_08,0.0,1.0,head
h21_20_09,0.0,1.0,head
h21_20_10,0.0,1.0,head
h21_20_11,0.0,1.0,head
h21_20_12,0.0,1.0,head
h21_20_13,0.0,1.0,head
h21_20_14,0.0,1.0,head
h21_20_15,0.0,1.0,head
h21_20_16,0.0,1.0,head
h21_20_17,0.0,1.0,head
h21_20_18,0.0,1.0,head
h21_20_19,0.0,1.0,head
h21_20_20,0.0,1.0,head
h21_20_21,0.0,1.0,head
h21_20_22,0.0,1.0,head
h21_20_23,0.0,1.0,head
h21_21_00,0.0,1.0,head
h21_21_01,0.0,1.0,head
h21_21_02,0.0,1.0,head
h21_21_03,0.0,1.0,head
h21_21_04,0.0,1.0,head
h21_21_05,0.0,1.0,head
h21_21_06,0.0,1.0,head
h21_21_07,0.0,1.0,head
h21_21_08,0.0,1.0,head
h21_21_09,0.0,1.0,head
h21_21_10,0.0,1.0,head
h21_21_11,0.0,1.0,head
h21_21_12,0.0,1.0,head
h21_21_13,0.0,1.0,head
h21_21_14,0.0,1.0,head
h21_21_15,0.0,1.0,head
h21_21_16,0.0,1.0,head
h21_21_17,0.0,1.0,head
h21_21_18,0.0,1.0,head
h21_21_19,0.0,1.0,head
h21_21_20,0.0,1.0,head
h21_21_21,0.0,1.0,head
h21_21_22,0.0,1.0,head
h21_21_23,0.0,1.0,head
h21_22_00,0.0,1.0,head
h21_22_01,0.0,1.0,head
h21_22_02,0.0,1.0,head
h21_22_03,0.0,1.0,head
h21_22_04,0.0,1.0,head
h21_22_05,0.0,1.0,head
h21_22_06,0.0,1.0,head
h21_22_07,0.0,1.0,head
h21_22_08,0.0,1.0,head
h21_22_09,0.0,1.0,head
h21_22_10,0.0,1.0,head
h21_22_11,0.0,1.0,head
h21_22_12,0.0,1.0,head
h21_22_13,0.0,1.0,head
h21_22_14,0.0,1.0,head
h21_22_15,0.0,1.0,head
h21_22_16,0.0,1.0,head
h21_22_17,0.0,1.0,head
h21_22_18,0.0,1.0,head
h21_22_19,0.0,1.0,head
h21_22_20,0.0,1.0,head
h21_22_21,0.0,1.0,head
h21_22_22,0.0,1.0,head
h21_22_23,0.0,1.0,head
h21_23_00,0.0,1.0,head
h21_23_01,0.0,1.0,head
h21_23_02,0.0,1.0,head
h21_23_03,0.0,1.0,head
h21_23_04,0.0,1.0,head
h21_23_05,0.0,1.0,head
h21_23_06,0.0,1.0,head
h21_23_07,0.0,1.0,head
h21_23_08,0.0,1.0,head
h21_23_09,0.0,1.0,head
h21_23_10,0.0,1.0,head
h21_23_11,0.0,1.0,head
h21_23_12,0.0,1.0,head
h21_23_13,0.0,1.0,head
h21_23_14,0.0,1.0,head
h21_23_15,0.0,1.0,head
h21_23_16,0.0,1.0,head
h21_23_17,0.0,1.0,head
h21_23_18,0.0,1.0,head
h21_23_19,0.0,1.0,head
h21_23_20,0.0,1.0,head
h21_23_21,0.0,1.0,head
h21_23_22,0.0,1.0,head
h21_23_23,0.0,1.0,head
h21_24_00,0.0,1.0,head
h21_24_01,0.0,1.0,head
h21_24_02,0.0,1.0,head
h21_24_03,0.0,1.0,head
h21_24_04,0.0,1.0,head
h21_24_05,0.0,1.0,head
h21_24_06,0.0,1.0,head
h21_24_07,0.0,1.0,head
h21_24_08,0.0,1.0,head
h21_24_09,0.0,1.0,head
h21_24_10,0.0,1.0,head
h21_24_11,0.0,1.0,head
h21_24_12,0.0,1.0,head
h21_24_13,0.0,1.0,head
h21_24_14,0.0,1.0,head
h21_24_15,0.0,1.0,head
h21_24_16,0.0,1.0,head
h21_24_17,0.0,1.0,head
h21_24_18,0.0,1.0,head
h21_24_19,0.0,1.0,head
h21_24_20,0.0,1.0,head
h21_24_21,0.0,1.0,head
h21_24_22,0.0,1.0,head
h21_24_23,0.0,1.0,head
h21_25_00,0.0,1.0,head
h21_25_01,0.0,1.0,head
h21_25_02,0.0,1.0,head
h21_25_03,0.0,1.0,head
h21_25_04,0.0,1.0,head
h21_25_05,0.0,1.0,head
h21_25_06,0.0,1.0,head
h21_25_07,0.0,1.0,head
h21_25_08,0.0,1.0,head
h21_25_09,0.0,1.0,head
h21_25_10,0.0,1.0,head
h21_25_11,0.0,1.0,head
h21_25_12,0.0,1.0,head
h21_25_13,0.0,1.0,head
h21_25_14,0.0,1.0,head
h21_25_15,0.0,1.0,head
h21_25_16,0.0,1.0,head
h21_25_17,0.0,1.0,head
h21_25_18,0.0,1.0,head
h21_25_19,0.0,1.0,head
h21_25_20,0.0,1.0,head
h21_25_21,0.0,1.0,head
h21_25_22,0.0,1.0,head
h21_25_23,0.0,1.0,head
h21_26_00,0.0,1.0,head
h21_26_01,0.0,1.0,head
h21_26_02,0.0,1.0,head
h21_26_03,0.0,1.0,head
h21_26_04,0.0,1.0,head
h21_26_05,0.0,1.0,head
h21_26_06,0.0,1.0,head
h21_26_07,0.0,1.0,head
h21_26_08,0.0,1.0,head
h21_26_09,0.0,1.0,head
h21_26_10,0.0,1.0,head
h21_26_11,0.0,1.0,head
h21_26_12,0.0,1.0,head
h21_26_13,0.0,1.0,head
h21_26_14,0.0,1.0,head
h21_26_15,0.0,1.0,head
h21_26_16,0.0,1.0,head
h21_26_17,0.0,1.0,head
h21_26_18,0.0,1.0,head
h21_26_19,0.0,1.0,head
h21_26_20,0.0,1.0,head
h21_26_21,0.0,1.0,head
h21_26_22,0.0,1.0,head
h21_26_23,0.0,1.0,head
h21_27_00,0.0,1.0,head
h21_27_01,0.0,1.0,head
h21_27_02,0.0,1.0,head
h21_27_03,0.0,1.0,head
h21_27_04,0.0,1.0,head
h21_27_05,0.0,1.0,head
h21_27_06,0.0,1.0,head
h21_27_07,0.0,1.0,head
h21_27_08,0.0,1.0,head
h21_27_09,0.0,1.0,head
h21_27_10,0.0,1.0,head
h21_27_11,0.0,1.0,head
h21_27_12,0.0,1.0,head
h21_27_13,0.0,1.0,head
h21_27_14,0.0,1.0,head
h21_27_15,0.0,1.0,head
h21_27_16,0.0,1.0,head
h21_27_17,0.0,1.0,head
h21_27_18,0.0,1.0,head
h21_27_19,0.0,1.0,head
h21_27_20,0.0,1.0,head
h21_27_21,0.0,1.0,head
h21_27_22,0.0,1.0,head
h21_27_23,0.0,1.0,head
h21_28_00,0.0,1.0,head
h21_28_01,0.0,1.0,head
h21_28_02,0.0,1.0,head
h21_28_03,0.0,1.0,head
h21_28_04,0.0,1.0,head
h21_28_05,0.0,1.0,head
h21_28_06,0.0,1.0,head
h21_28_07,0.0,1.0,head
h21_28_08,0.0,1.0,head
h21_28_09,0.0,1.0,head
h21_28_10,0.0,1.0,head
h21_28_11,0.0,1.0,head
h21_28_12,0.0,1.0,head
h21_28_13,0.0,1.0,head
h21_28_14,0.0,1.0,head
h21_28_15,0.0,1.0,head
h21_28_16,0.0,1.0,head
h21_28_17,0.0,1.0,head
h21_28_18,0.0,1.0,head
h21_28_19,0.0,1.0,head
h21_28_20,0.0,1.0,head
h21_28_21,0.0,1.0,head
h21_28_22,0.0,1.0,head
h21_28_23,0.0,1.0,head
h21_29_00,0.0,1.0,head
h21_29_01,0.0,1.0,head
h21_29_02,0.0,1.0,head
h21_29_03,0.0,1.0,head
h21_29_04,0.0,1.0,head
h21_29_05,0.0,1.0,head
h21_29_06,0.0,1.0,head
h21_29_07,0.0,1.0,head
h21_29_08,0.0,1.0,head
h21_29_09,0.0,1.0,head
h21_29_10,0.0,1.0,head
h21_29_11,0.0,1.0,head
h21_29_12,0.0,1.0,head
h21_29_13,0.0,1.0,head
h21_29_14,0.0,1.0,head
h21_29_15,0.0,1.0,head
h21_29_16,0.0,1.0,head
h21_29_17,0.0,1.0,head
h21_29_18,0.0,1.0,head
h21_29_19,0.0,1.0,head
h21_29_20,0.0,1.0,head
h21_29_21,0.0,1.0,head
h21_29_22,0.0,1.0,head
h21_29_23,0.0,1.0,head
h22_00_00,0.0,1.0,head
h22_00_01,0.0,1.0,head
h22_00_02,0.0,1.0,head
h22_00_03,0.0,1.0,head
h22_00_04,0.0,1.0,head
h22_00_05,0.0,1.0,head
h22_00_06,0.0,1.0,head
h22_00_07,0.0,1.0,head
h22_00_08,0.0,1.0,head
h22_00_09,0.0,1.0,head
h22_00_10,0.0,1.0,head
h22_00_11,0.0,1.0,head
h22_00_12,0.0,1.0,head
h22_00_13,0.0,1.0,head
h22_00_14,0.0,1.0,head
h22_00_15,0.0,1.0,head
h22_00_16,0.0,1.0,head
h22_00_17,0.0,1.0,head
h22_00_18,0.0,1.0,head
h22_00_19,0.0,1.0,head
h22_00_20,0.0,1.0,head
h22_00_21,0.0,1.0,head
h22_00_22,0.0,1.0,head
h22_00_23,0.0,1.0,head
h22_01_00,0.0,1.0,head
h22_01_01,0.0,1.0,head
h22_01_02,0.0,1.0,head
h22_01_03,0.0,1.0,head
h22_01_04,0.0,1.0,head
h22_01_05,0.0,1.0,head
h22_01_06,0.0,1.0,head
h22_01_07,0.0,1.0,head
h22_01_08,0.0,1.0,head
h22_01_09,0.0,1.0,head
h22_01_10,0.0,1.0,head
h22_01_11,0.0,1.0,head
h22_01_12,0.0,1.0,head
h22_01_13,0.0,1.0,head
h22_01_14,0.0,1.0,head
h22_01_15,0.0,1.0,head
h22_01_16,0.0,1.0,head
h22_01_17,0.0,1.0,head
h22_01_18,0.0,1.0,head
h22_01_19,0.0,1.0,head
h22_01_20,0.0,1.0,head
h22_01_21,0.0,1.0,head
h22_01_22,0.0,1.0,head
h22_01_23,0.0,1.0,head
h22_02_00,0.0,1.0,head
h22_02_01,0.0,1.0,head
h22_02_02,0.0,1.0,head
h22_02_03,0.0,1.0,head
h22_02_04,0.0,1.0,head
h22_02_05,0.0,1.0,head
h22_02_06,0.0,1.0,head
h22_02_07,0.0,1.0,head
h22_02_08,0.0,1.0,head
h22_02_09,0.0,1.0,head
h22_02_10,0.0,1.0,head
h22_02_11,0.0,1.0,head
h22_02_12,0.0,1.0,head
h22_02_13,0.0,1.0,head
h22_02_14,0.0,1.0,head
h22_02_15,0.0,1.0,head
h22_02_16,0.0,1.0,head
h22_02_17,0.0,1.0,head
h22_02_18,0.0,1.0,head
h22_02_19,0.0,1.0,head
h22_02_20,0.0,1.0,head
h22_02_21,0.0,1.0,head
h22_02_22,0.0,1.0,head
h22_02_23,0.0,1.0,head
h22_03_00,0.0,1.0,head
h22_03_01,0.0,1.0,head
h22_03_02,0.0,1.0,head
h22_03_03,0.0,1.0,head
h22_03_04,0.0,1.0,head
h22_03_05,0.0,1.0,head
h22_03_06,0.0,1.0,head
h22_03_07,0.0,1.0,head
h22_03_08,0.0,1.0,head
h22_03_09,0.0,1.0,head
h22_03_10,0.0,1.0,head
h22_03_11,0.0,1.0,head
h22_03_12,0.0,1.0,head
h22_03_13,0.0,1.0,head
h22_03_14,0.0,1.0,head
h22_03_15,0.0,1.0,head
h22_03_16,0.0,1.0,head
h22_03_17,0.0,1.0,head
h22_03_18,0.0,1.0,head
h22_03_19,0.0,1.0,head
h22_03_20,0.0,1.0,head
h22_03_21,0.0,1.0,head
h22_03_22,0.0,1.0,head
h22_03_23,0.0,1.0,head
h22_04_00,0.0,1.0,head
h22_04_01,0.0,1.0,head
h22_04_02,0.0,1.0,head
h22_04_03,0.0,1.0,head
h22_04_04,0.0,1.0,head
h22_04_05,0.0,1.0,head
h22_04_06,0.0,1.0,head
h22_04_07,0.0,1.0,head
h22_04_08,0.0,1.0,head
h22_04_09,0.0,1.0,head
h22_04_10,0.0,1.0,head
h22_04_11,0.0,1.0,head
h22_04_12,0.0,1.0,head
h22_04_13,0.0,1.0,head
h22_04_14,0.0,1.0,head
h22_04_15,0.0,1.0,head
h22_04_16,0.0,1.0,head
h22_04_17,0.0,1.0,head
h22_04_18,0.0,1.0,head
h22_04_19,0.0,1.0,head
h22_04_20,0.0,1.0,head
h22_04_21,0.0,1.0,head
h22_04_22,0.0,1.0,head
h22_04_23,0.0,1.0,head
h22_05_00,0.0,1.0,head
h22_05_01,0.0,1.0,head
h22_05_02,0.0,1.0,head
h22_05_03,0.0,1.0,head
h22_05_04,0.0,1.0,head
h22_05_05,0.0,1.0,head
h22_05_06,0.0,1.0,head
h22_05_07,0.0,1.0,head
h22_05_08,0.0,1.0,head
h22_05_09,0.0,1.0,head
h22_05_10,0.0,1.0,head
h22_05_11,0.0,1.0,head
h22_05_12,0.0,1.0,head
h22_05_13,0.0,1.0,head
h22_05_14,0.0,1.0,head
h22_05_15,0.0,1.0,head
h22_05_16,0.0,1.0,head
h22_05_17,0.0,1.0,head
h22_05_18,0.0,1.0,head
h22_05_19,0.0,1.0,head
h22_05_20,0.0,1.0,head
h22_05_21,0.0,1.0,head
h22_05_22,0.0,1.0,head
h22_05_23,0.0,1.0,head
h22_06_00,0.0,1.0,head
h22_06_01,0.0,1.0,head
h22_06_02,0.0,1.0,head
h22_06_03,0.0,1.0,head
h22_06_04,0.0,1.0,head
h22_06_05,0.0,1.0,head
h22_06_06,0.0,1.0,head
h22_06_07,0.0,1.0,head
h22_06_08,0.0,1.0,head
h22_06_09,0.0,1.0,head
h22_06_10,0.0,1.0,head
h22_06_11,0.0,1.0,head
h22_06_12,0.0,1.0,head
h22_06_13,0.0,1.0,head
h22_06_14,0.0,1.0,head
h22_06_15,0.0,1.0,head
h22_06_16,0.0,1.0,head
h22_06_17,0.0,1.0,head
h22_06_18,0.0,1.0,head
h22_06_19,0.0,1.0,head
h22_06_20,0.0,1.0,head
h22_06_21,0.0,1.0,head
h22_06_22,0.0,1.0,head
h22_06_23,0.0,1.0,head
h22_07_00,0.0,1.0,head
h22_07_01,0.0,1.0,head
h22_07_02,0.0,1.0,head
h22_07_03,0.0,1.0,head
h22_07_04,0.0,1.0,head
h22_07_05,0.0,1.0,head
h22_07_06,0.0,1.0,head
h22_07_07,0.0,1.0,head
h22_07_08,0.0,1.0,head
h22_07_09,0.0,1.0,head
h22_07_10,0.0,1.0,head
h22_07_11,0.0,1.0,head
h22_07_12,0.0,1.0,head
h22_07_13,0.0,1.0,head
h22_07_14,0.0,1.0,head
h22_07_15,0.0,1.0,head
h22_07_16,0.0,1.0,head
h22_07_17,0.0,1.0,head
h22_07_18,0.0,1.0,head
h22_07_19,0.0,1.0,head
h22_07_20,0.0,1.0,head
h22_07_21,0.0,1.0,head
h22_07_22,0.0,1.0,head
h22_07_23,0.0,1.0,head
h22_08_00,0.0,1.0,head
h22_08_01,0.0,1.0,head
h22_08_02,0.0,1.0,head
h22_08_03,0.0,1.0,head
h22_08_04,0.0,1.0,head
h22_08_05,0.0,1.0,head
h22_08_06,0.0,1.0,head
h22_08_07,0.0,1.0,head
h22_08_08,0.0,1.0,head
h22_08_09,0.0,1.0,head
h22_08_10,0.0,1.0,head
h22_08_11,0.0,1.0,head
h22_08_12,0.0,1.0,head
h22_08_13,0.0,1.0,head
h22_08_14,0.0,1.0,head
h22_08_15,0.0,1.0,head
h22_08_16,0.0,1.0,head
h22_08_17,0.0,1.0,head
h22_08_18,0.0,1.0,head
h22_08_19,0.0,1.0,head
h22_08_20,0.0,1.0,head
h22_08_21,0.0,1.0,head
h22_08_22,0.0,1.0,head
h22_08_23,0.0,1.0,head
h22_09_00,0.0,1.0,head
h22_09_01,0.0,1.0,head
h22_09_02,0.0,1.0,head
h22_09_03,0.0,1.0,head
h22_09_04,0.0,1.0,head
h22_09_05,0.0,1.0,head
h22_09_06,0.0,1.0,head
h22_09_07,0.0,1.0,head
h22_09_08,0.0,1.0,head
h22_09_09,0.0,1.0,head
h22_09_10,0.0,1.0,head
h22_09_11,0.0,1.0,head
h22_09_12,0.0,1.0,head
h22_09_13,0.0,1.0,head
h22_09_14,0.0,1.0,head
h22_09_15,0.0,1.0,head
h22_09_16,0.0,1.0,head
h22_09_17,0.0,1.0,head
h22_09_18,0.0,1.0,head
h22_09_19,0.0,1.0,head
h22_09_20,0.0,1.0,head
h22_09_21,0.0,1.0,head
h22_09_22,0.0,1.0,head
h22_09_23,0.0,1.0,head
h22_10_00,0.0,1.0,head
h22_10_01,0.0,1.0,head
h22_10_02,0.0,1.0,head
h22_10_03,0.0,1.0,head
h22_10_04,0.0,1.0,head
h22_10_05,0.0,1.0,head
h22_10_06,0.0,1.0,head
h22_10_07,0.0,1.0,head
h22_10_08,0.0,1.0,head
h22_10_09,0.0,1.0,head
h22_10_10,0.0,1.0,head
h22_10_11,0.0,1.0,head
h22_10_12,0.0,1.0,head
h22_10_13,0.0,1.0,head
h22_10_14,0.0,1.0,head
h22_10_15,0.0,1.0,head
h22_10_16,0.0,1.0,head
h22_10_17,0.0,1.0,head
h22_10_18,0.0,1.0,head
h22_10_19,0.0,1.0,head
h22_10_20,0.0,1.0,head
h22_10_21,0.0,1.0,head
h22_10_22,0.0,1.0,head
h22_10_23,0.0,1.0,head
h22_11_00,0.0,1.0,head
h22_11_01,0.0,1.0,head
h22_11_02,0.0,1.0,head
h22_11_03,0.0,1.0,head
h22_11_04,0.0,1.0,head
h22_11_05,0.0,1.0,head
h22_11_06,0.0,1.0,head
h22_11_07,0.0,1.0,head
h22_11_08,0.0,1.0,head
h22_11_09,0.0,1.0,head
h22_11_10,0.0,1.0,head
h22_11_11,0.0,1.0,head
h22_11_12,0.0,1.0,head
h22_11_13,0.0,1.0,head
h22_11_14,0.0,1.0,head
h22_11_15,0.0,1.0,head
h22_11_16,0.0,1.0,head
h22_11_17,0.0,1.0,head
h22_11_18,0.0,1.0,head
h22_11_19,0.0,1.0,head
h22_11_20,0.0,1.0,head
h22_11_21,0.0,1.0,head
h22_11_22,0.0,1.0,head
h22_11_23,0.0,1.0,head
h22_12_00,0.0,1.0,head
h22_12_01,0.0,1.0,head
h22_12_02,0.0,1.0,head
h22_12_03,0.0,1.0,head
h22_12_04,0.0,1.0,head
h22_12_05,0.0,1.0,head
h22_12_06,0.0,1.0,head
h22_12_07,0.0,1.0,head
h22_12_08,0.0,1.0,head
h22_12_09,0.0,1.0,head
h22_12_10,0.0,1.0,head
h22_12_11,0.0,1.0,head
h22_12_12,0.0,1.0,head
h22_12_13,0.0,1.0,head
h22_12_14,0.0,1.0,head
h22_12_15,0.0,1.0,head
h22_12_16,0.0,1.0,head
h22_12_17,0.0,1.0,head
h22_12_18,0.0,1.0,head
h22_12_19,0.0,1.0,head
h22_12_20,0.0,1.0,head
h22_12_21,0.0,1.0,head
h22_12_22,0.0,1.0,head
h22_12_23,0.0,1.0,head
h22_13_00,0.0,1.0,head
h22_13_01,0.0,1.0,head
h22_13_02,0.0,1.0,head
h22_13_03,0.0,1.0,head
h22_13_04,0.0,1.0,head
h22_13_05,0.0,1.0,head
h22_13_06,0.0,1.0,head
h22_13_07,0.0,1.0,head
h22_13_08,0.0,1.0,head
h22_13_09,0.0,1.0,head
h22_13_10,0.0,1.0,head
h22_13_11,0.0,1.0,head
h22_13_12,0.0,1.0,head
h22_13_13,0.0,1.0,head
h22_13_14,0.0,1.0,head
h22_13_15,0.0,1.0,head
h22_13_16,0.0,1.0,head
h22_13_17,0.0,1.0,head
h22_13_18,0.0,1.0,head
h22_13_19,0.0,1.0,head
h22_13_20,0.0,1.0,head
h22_13_21,0.0,1.0,head
h22_13_22,0.0,1.0,head
h22_13_23,0.0,1.0,head
h22_14_00,0.0,1.0,head
h22_14_01,0.0,1.0,head
h22_14_02,0.0,1.0,head
h22_14_03,0.0,1.0,head
h22_14_04,0.0,1.0,head
h22_14_05,0.0,1.0,head
h22_14_06,0.0,1.0,head
h22_14_07,0.0,1.0,head
h22_14_08,0.0,1.0,head
h22_14_09,0.0,1.0,head
h22_14_10,0.0,1.0,head
h22_14_11,0.0,1.0,head
h22_14_12,0.0,1.0,head
h22_14_13,0.0,1.0,head
h22_14_14,0.0,1.0,head
h22_14_15,0.0,1.0,head
h22_14_16,0.0,1.0,head
h22_14_17,0.0,1.0,head
h22_14_18,0.0,1.0,head
h22_14_19,0.0,1.0,head
h22_14_20,0.0,1.0,head
h22_14_21,0.0,1.0,head
h22_14_22,0.0,1.0,head
h22_14_23,0.0,1.0,head
h22_15_00,0.0,1.0,head
h22_15_01,0.0,1.0,head
h22_15_02,0.0,1.0,head
h22_15_03,0.0,1.0,head
h22_15_04,0.0,1.0,head
h22_15_05,0.0,1.0,head
h22_15_06,0.0,1.0,head
h22_15_07,0.0,1.0,head
h22_15_08,0.0,1.0,head
h22_15_09,0.0,1.0,head
h22_15_10,0.0,1.0,head
h22_15_11,0.0,1.0,head
h22_15_12,0.0,1.0,head
h22_15_13,0.0,1.0,head
h22_15_14,0.0,1.0,head
h22_15_15,0.0,1.0,head
h22_15_16,0.0,1.0,head
h22_15_17,0.0,1.0,head
h22_15_18,0.0,1.0,head
h22_15_19,0.0,1.0,head
h22_15_20,0.0,1.0,head
h22_15_21,0.0,1.0,head
h22_15_22,0.0,1.0,head
h22_15_23,0.0,1.0,head
h22_16_00,0.0,1.0,head
h22_16_01,0.0,1.0,head
h22_16_02,0.0,1.0,head
h22_16_03,0.0,1.0,head
h22_16_04,0.0,1.0,head
h22_16_05,0.0,1.0,head
h22_16_06,0.0,1.0,head
h22_16_07,0.0,1.0,head
h22_16_08,0.0,1.0,head
h22_16_09,0.0,1.0,head
h22_16_10,0.0,1.0,head
h22_16_11,0.0,1.0,head
h22_16_12,0.0,1.0,head
h22_16_13,0.0,1.0,head
h22_16_14,0.0,1.0,head
h22_16_15,0.0,1.0,head
h22_16_16,0.0,1.0,head
h22_16_17,0.0,1.0,head
h22_16_18,0.0,1.0,head
h22_16_19,0.0,1.0,head
h22_16_20,0.0,1.0,head
h22_16_21,0.0,1.0,head
h22_16_22,0.0,1.0,head
h22_16_23,0.0,1.0,head
h22_17_00,0.0,1.0,head
h22_17_01,0.0,1.0,head
h22_17_02,0.0,1.0,head
h22_17_03,0.0,1.0,head
h22_17_04,0.0,1.0,head
h22_17_05,0.0,1.0,head
h22_17_06,0.0,1.0,head
h22_17_07,0.0,1.0,head
h22_17_08,0.0,1.0,head
h22_17_09,0.0,1.0,head
h22_17_10,0.0,1.0,head
h22_17_11,0.0,1.0,head
h22_17_12,0.0,1.0,head
h22_17_13,0.0,1.0,head
h22_17_14,0.0,1.0,head
h22_17_15,0.0,1.0,head
h22_17_16,0.0,1.0,head
h22_17_17,0.0,1.0,head
h22_17_18,0.0,1.0,head
h22_17_19,0.0,1.0,head
h22_17_20,0.0,1.0,head
h22_17_21,0.0,1.0,head
h22_17_22,0.0,1.0,head
h22_17_23,0.0,1.0,head
h22_18_00,0.0,1.0,head
h22_18_01,0.0,1.0,head
h22_18_02,0.0,1.0,head
h22_18_03,0.0,1.0,head
h22_18_04,0.0,1.0,head
h22_18_05,0.0,1.0,head
h22_18_06,0.0,1.0,head
h22_18_07,0.0,1.0,head
h22_18_08,0.0,1.0,head
h22_18_09,0.0,1.0,head
h22_18_10,0.0,1.0,head
h22_18_11,0.0,1.0,head
h22_18_12,0.0,1.0,head
h22_18_13,0.0,1.0,head
h22_18_14,0.0,1.0,head
h22_18_15,0.0,1.0,head
h22_18_16,0.0,1.0,head
h22_18_17,0.0,1.0,head
h22_18_18,0.0,1.0,head
h22_18_19,0.0,1.0,head
h22_18_20,0.0,1.0,head
h22_18_21,0.0,1.0,head
h22_18_22,0.0,1.0,head
h22_18_23,0.0,1.0,head
h22_19_00,0.0,1.0,head
h22_19_01,0.0,1.0,head
h22_19_02,0.0,1.0,head
h22_19_03,0.0,1.0,head
h22_19_04,0.0,1.0,head
h22_19_05,0.0,1.0,head
h22_19_06,0.0,1.0,head
h22_19_07,0.0,1.0,head
h22_19_08,0.0,1.0,head
h22_19_09,0.0,1.0,head
h22_19_10,0.0,1.0,head
h22_19_11,0.0,1.0,head
h22_19_12,0.0,1.0,head
h22_19_13,0.0,1.0,head
h22_19_14,0.0,1.0,head
h22_19_15,0.0,1.0,head
h22_19_16,0.0,1.0,head
h22_19_17,0.0,1.0,head
h22_19_18,0.0,1.0,head
h22_19_19,0.0,1.0,head
h22_19_20,0.0,1.0,head
h22_19_21,0.0,1.0,head
h22_19_22,0.0,1.0,head
h22_19_23,0.0,1.0,head
h22_20_00,0.0,1.0,head
h22_20_01,0.0,1.0,head
h22_20_02,0.0,1.0,head
h22_20_03,0.0,1.0,head
h22_20_04,0.0,1.0,head
h22_20_05,0.0,1.0,head
h22_20_06,0.0,1.0,head
h22_20_07,0.0,1.0,head
h22_20_08,0.0,1.0,head
h22_20_09,0.0,1.0,head
h22_20_10,0.0,1.0,head
h22_20_11,0.0,1.0,head
h22_20_12,0.0,1.0,head
h22_20_13,0.0,1.0,head
h22_20_14,0.0,1.0,head
h22_20_15,0.0,1.0,head
h22_20_16,0.0,1.0,head
h22_20_17,0.0,1.0,head
h22_20_18,0.0,1.0,head
h22_20_19,0.0,1.0,head
h22_20_20,0.0,1.0,head
h22_20_21,0.0,1.0,head
h22_20_22,0.0,1.0,head
h22_20_23,0.0,1.0,head
h22_21_00,0.0,1.0,head
h22_21_01,0.0,1.0,head
h22_21_02,0.0,1.0,head
h22_21_03,0.0,1.0,head
h22_21_04,0.0,1.0,head
h22_21_05,0.0,1.0,head
h22_21_06,0.0,1.0,head
h22_21_07,0.0,1.0,head
h22_21_08,0.0,1.0,head
h22_21_09,0.0,1.0,head
h22_21_10,0.0,1.0,head
h22_21_11,0.0,1.0,head
h22_21_12,0.0,1.0,head
h22_21_13,0.0,1.0,head
h22_21_14,0.0,1.0,head
h22_21_15,0.0,1.0,head
h22_21_16,0.0,1.0,head
h22_21_17,0.0,1.0,head
h22_21_18,0.0,1.0,head
h22_21_19,0.0,1.0,head
h22_21_20,0.0,1.0,head
h22_21_21,0.0,1.0,head
h22_21_22,0.0,1.0,head
h22_21_23,0.0,1.0,head
h22_22_00,0.0,1.0,head
h22_22_01,0.0,1.0,head
h22_22_02,0.0,1.0,head
h22_22_03,0.0,1.0,head
h22_22_04,0.0,1.0,head
h22_22_05,0.0,1.0,head
h22_22_06,0.0,1.0,head
h22_22_07,0.0,1.0,head
h22_22_08,0.0,1.0,head
h22_22_09,0.0,1.0,head
h22_22_10,0.0,1.0,head
h22_22_11,0.0,1.0,head
h22_22_12,0.0,1.0,head
h22_22_13,0.0,1.0,head
h22_22_14,0.0,1.0,head
h22_22_15,0.0,1.0,head
h22_22_16,0.0,1.0,head
h22_22_17,0.0,1.0,head
h22_22_18,0.0,1.0,head
h22_22_19,0.0,1.0,head
h22_22_20,0.0,1.0,head
h22_22_21,0.0,1.0,head
h22_22_22,0.0,1.0,head
h22_22_23,0.0,1.0,head
h22_23_00,0.0,1.0,head
h22_23_01,0.0,1.0,head
h22_23_02,0.0,1.0,head
h22_23_03,0.0,1.0,head
h22_23_04,0.0,1.0,head
h22_23_05,0.0,1.0,head
h22_23_06,0.0,1.0,head
h22_23_07,0.0,1.0,head
h22_23_08,0.0,1.0,head
h22_23_09,0.0,1.0,head
h22_23_10,0.0,1.0,head
h22_23_11,0.0,1.0,head
h22_23_12,0.0,1.0,head
h22_23_13,0.0,1.0,head
h22_23_14,0.0,1.0,head
h22_23_15,0.0,1.0,head
h22_23_16,0.0,1.0,head
h22_23_17,0.0,1.0,head
h22_23_18,0.0,1.0,head
h22_23_19,0.0,1.0,head
h22_23_20,0.0,1.0,head
h22_23_21,0.0,1.0,head
h22_23_22,0.0,1.0,head
h22_23_23,0.0,1.0,head
h22_24_00,0.0,1.0,head
h22_24_01,0.0,1.0,head
h22_24_02,0.0,1.0,head
h22_24_03,0.0,1.0,head
h22_24_04,0.0,1.0,head
h22_24_05,0.0,1.0,head
h22_24_06,0.0,1.0,head
h22_24_07,0.0,1.0,head
h22_24_08,0.0,1.0,head
h22_24_09,0.0,1.0,head
h22_24_10,0.0,1.0,head
h22_24_11,0.0,1.0,head
h22_24_12,0.0,1.0,head
h22_24_13,0.0,1.0,head
h22_24_14,0.0,1.0,head
h22_24_15,0.0,1.0,head
h22_24_16,0.0,1.0,head
h22_24_17,0.0,1.0,head
h22_24_18,0.0,1.0,head
h22_24_19,0.0,1.0,head
h22_24_20,0.0,1.0,head
h22_24_21,0.0,1.0,head
h22_24_22,0.0,1.0,head
h22_24_23,0.0,1.0,head
h22_25_00,0.0,1.0,head
h22_25_01,0.0,1.0,head
h22_25_02,0.0,1.0,head
h22_25_03,0.0,1.0,head
h22_25_04,0.0,1.0,head
h22_25_05,0.0,1.0,head
h22_25_06,0.0,1.0,head
h22_25_07,0.0,1.0,head
h22_25_08,0.0,1.0,head
h22_25_09,0.0,1.0,head
h22_25_10,0.0,1.0,head
h22_25_11,0.0,1.0,head
h22_25_12,0.0,1.0,head
h22_25_13,0.0,1.0,head
h22_25_14,0.0,1.0,head
h22_25_15,0.0,1.0,head
h22_25_16,0.0,1.0,head
h22_25_17,0.0,1.0,head
h22_25_18,0.0,1.0,head
h22_25_19,0.0,1.0,head
h22_25_20,0.0,1.0,head
h22_25_21,0.0,1.0,head
h22_25_22,0.0,1.0,head
h22_25_23,0.0,1.0,head
h22_26_00,0.0,1.0,head
h22_26_01,0.0,1.0,head
h22_26_02,0.0,1.0,head
h22_26_03,0.0,1.0,head
h22_26_04,0.0,1.0,head
h22_26_05,0.0,1.0,head
h22_26_06,0.0,1.0,head
h22_26_07,0.0,1.0,head
h22_26_08,0.0,1.0,head
h22_26_09,0.0,1.0,head
h22_26_10,0.0,1.0,head
h22_26_11,0.0,1.0,head
h22_26_12,0.0,1.0,head
h22_26_13,0.0,1.0,head
h22_26_14,0.0,1.0,head
h22_26_15,0.0,1.0,head
h22_26_16,0.0,1.0,head
h22_26_17,0.0,1.0,head
h22_26_18,0.0,1.0,head
h22_26_19,0.0,1.0,head
h22_26_20,0.0,1.0,head
h22_26_21,0.0,1.0,head
h22_26_22,0.0,1.0,head
h22_26_23,0.0,1.0,head
h22_27_00,0.0,1.0,head
h22_27_01,0.0,1.0,head
h22_27_02,0.0,1.0,head
h22_27_03,0.0,1.0,head
h22_27_04,0.0,1.0,head
h22_27_05,0.0,1.0,head
h22_27_06,0.0,1.0,head
h22_27_07,0.0,1.0,head
h22_27_08,0.0,1.0,head
h22_27_09,0.0,1.0,head
h22_27_10,0.0,1.0,head
h22_27_11,0.0,1.0,head
h22_27_12,0.0,1.0,head
h22_27_13,0.0,1.0,head
h22_27_14,0.0,1.0,head
h22_27_15,0.0,1.0,head
h22_27_16,0.0,1.0,head
h22_27_17,0.0,1.0,head
h22_27_18,0.0,1.0,head
h22_27_19,0.0,1.0,head
h22_27_20,0.0,1.0,head
h22_27_21,0.0,1.0,head
h22_27_22,0.0,1.0,head
h22_27_23,0.0,1.0,head
h22_28_00,0.0,1.0,head
h22_28_01,0.0,1.0,head
h22_28_02,0.0,1.0,head
h22_28_03,0.0,1.0,head
h22_28_04,0.0,1.0,head
h22_28_05,0.0,1.0,head
h22_28_06,0.0,1.0,head
h22_28_07,0.0,1.0,head
h22_28_08,0.0,1.0,head
h22_28_09,0.0,1.0,head
h22_28_10,0.0,1.0,head
h22_28_11,0.0,1.0,head
h22_28_12,0.0,1.0,head
h22_28_13,0.0,1.0,head
h22_28_14,0.0,1.0,head
h22_28_15,0.0,1.0,head
h22_28_16,0.0,1.0,head
h22_28_17,0.0,1.0,head
h22_28_18,0.0,1.0,head
h22_28_19,0.0,1.0,head
h22_28_20,0.0,1.0,head
h22_28_21,0.0,1.0,head
h22_28_22,0.0,1.0,head
h22_28_23,0.0,1.0,head
h22_29_00,0.0,1.0,head
h22_29_01,0.0,1.0,head
h22_29_02,0.0,1.0,head
h22_29_03,0.0,1.0,head
h22_29_04,0.0,1.0,head
h22_29_05,0.0,1.0,head
h22_29_06,0.0,1.0,head
h22_29_07,0.0,1.0,head
h22_29_08,0.0,1.0,head
h22_29_09,0.0,1.0,head
h22_29_10,0.0,1.0,head
h22_29_11,0.0,1.0,head
h22_29_12,0.0,1.0,head
h22_29_13,0.0,1.0,head
h22_29_14,0.0,1.0,head
h22_29_15,0.0,1.0,head
h22_29_16,0.0,1.0,head
h22_29_17,0.0,1.0,head
h22_29_18,0.0,1.0,head
h22_29_19,0.0,1.0,head
h22_29_20,0.0,1.0,head
h22_29_21,0.0,1.0,head
h22_29_22,0.0,1.0,head
h22_29_23,0.0,1.0,head
h23_00_00,0.0,1.0,head
h23_00_01,0.0,1.0,head
h23_00_02,0.0,1.0,head
h23_00_03,0.0,1.0,head
h23_00_04,0.0,1.0,head
h23_00_05,0.0,1.0,head
h23_00_06,0.0,1.0,head
h23_00_07,0.0,1.0,head
h23_00_08,0.0,1.0,head
h23_00_09,0.0,1.0,head
h23_00_10,0.0,1.0,head
h23_00_11,0.0,1.0,head
h23_00_12,0.0,1.0,head
h23_00_13,0.0,1.0,head
h23_00_14,0.0,1.0,head
h23_00_15,0.0,1.0,head
h23_00_16,0.0,1.0,head
h23_00_17,0.0,1.0,head
h23_00_18,0.0,1.0,head
h23_00_19,0.0,1.0,head
h23_00_20,0.0,1.0,head
h23_00_21,0.0,1.0,head
h23_00_22,0.0,1.0,head
h23_00_23,0.0,1.0,head
h23_01_00,0.0,1.0,head
h23_01_01,0.0,1.0,head
h23_01_02,0.0,1.0,head
h23_01_03,0.0,1.0,head
h23_01_04,0.0,1.0,head
h23_01_05,0.0,1.0,head
h23_01_06,0.0,1.0,head
h23_01_07,0.0,1.0,head
h23_01_08,0.0,1.0,head
h23_01_09,0.0,1.0,head
h23_01_10,0.0,1.0,head
h23_01_11,0.0,1.0,head
h23_01_12,0.0,1.0,head
h23_01_13,0.0,1.0,head
h23_01_14,0.0,1.0,head
h23_01_15,0.0,1.0,head
h23_01_16,0.0,1.0,head
h23_01_17,0.0,1.0,head
h23_01_18,0.0,1.0,head
h23_01_19,0.0,1.0,head
h23_01_20,0.0,1.0,head
h23_01_21,0.0,1.0,head
h23_01_22,0.0,1.0,head
h23_01_23,0.0,1.0,head
h23_02_00,0.0,1.0,head
h23_02_01,0.0,1.0,head
h23_02_02,0.0,1.0,head
h23_02_03,0.0,1.0,head
h23_02_04,0.0,1.0,head
h23_02_05,0.0,1.0,head
h23_02_06,0.0,1.0,head
h23_02_07,0.0,1.0,head
h23_02_08,0.0,1.0,head
h23_02_09,0.0,1.0,head
h23_02_10,0.0,1.0,head
h23_02_11,0.0,1.0,head
h23_02_12,0.0,1.0,head
h23_02_13,0.0,1.0,head
h23_02_14,0.0,1.0,head
h23_02_15,0.0,1.0,head
h23_02_16,0.0,1.0,head
h23_02_17,0.0,1.0,head
h23_02_18,0.0,1.0,head
h23_02_19,0.0,1.0,head
h23_02_20,0.0,1.0,head
h23_02_21,0.0,1.0,head
h23_02_22,0.0,1.0,head
h23_02_23,0.0,1.0,head
h23_03_00,0.0,1.0,head
h23_03_01,0.0,1.0,head
h23_03_02,0.0,1.0,head
h23_03_03,0.0,1.0,head
h23_03_04,0.0,1.0,head
h23_03_05,0.0,1.0,head
h23_03_06,0.0,1.0,head
h23_03_07,0.0,1.0,head
h23_03_08,0.0,1.0,head
h23_03_09,0.0,1.0,head
h23_03_10,0.0,1.0,head
h23_03_11,0.0,1.0,head
h23_03_12,0.0,1.0,head
h23_03_13,0.0,1.0,head
h23_03_14,0.0,1.0,head
h23_03_15,0.0,1.0,head
h23_03_16,0.0,1.0,head
h23_03_17,0.0,1.0,head
h23_03_18,0.0,1.0,head
h23_03_19,0.0,1.0,head
h23_03_20,0.0,1.0,head
h23_03_21,0.0,1.0,head
h23_03_22,0.0,1.0,head
h23_03_23,0.0,1.0,head
h23_04_00,0.0,1.0,head
h23_04_01,0.0,1.0,head
h23_04_02,0.0,1.0,head
h23_04_03,0.0,1.0,head
h23_04_04,0.0,1.0,head
h23_04_05,0.0,1.0,head
h23_04_06,0.0,1.0,head
h23_04_07,0.0,1.0,head
h23_04_08,0.0,1.0,head
h23_04_09,0.0,1.0,head
h23_04_10,0.0,1.0,head
h23_04_11,0.0,1.0,head
h23_04_12,0.0,1.0,head
h23_04_13,0.0,1.0,head
h23_04_14,0.0,1.0,head
h23_04_15,0.0,1.0,head
h23_04_16,0.0,1.0,head
h23_04_17,0.0,1.0,head
h23_04_18,0.0,1.0,head
h23_04_19,0.0,1.0,head
h23_04_20,0.0,1.0,head
h23_04_21,0.0,1.0,head
h23_04_22,0.0,1.0,head
h23_04_23,0.0,1.0,head
h23_05_00,0.0,1.0,head
h23_05_01,0.0,1.0,head
h23_05_02,0.0,1.0,head
h23_05_03,0.0,1.0,head
h23_05_04,0.0,1.0,head
h23_05_05,0.0,1.0,head
h23_05_06,0.0,1.0,head
h23_05_07,0.0,1.0,head
h23_05_08,0.0,1.0,head
h23_05_09,0.0,1.0,head
h23_05_10,0.0,1.0,head
h23_05_11,0.0,1.0,head
h23_05_12,0.0,1.0,head
h23_05_13,0.0,1.0,head
h23_05_14,0.0,1.0,head
h23_05_15,0.0,1.0,head
h23_05_16,0.0,1.0,head
h23_05_17,0.0,1.0,head
h23_05_18,0.0,1.0,head
h23_05_19,0.0,1.0,head
h23_05_20,0.0,1.0,head
h23_05_21,0.0,1.0,head
h23_05_22,0.0,1.0,head
h23_05_23,0.0,1.0,head
h23_06_00,0.0,1.0,head
h23_06_01,0.0,1.0,head
h23_06_02,0.0,1.0,head
h23_06_03,0.0,1.0,head
h23_06_04,0.0,1.0,head
h23_06_05,0.0,1.0,head
h23_06_06,0.0,1.0,head
h23_06_07,0.0,1.0,head
h23_06_08,0.0,1.0,head
h23_06_09,0.0,1.0,head
h23_06_10,0.0,1.0,head
h23_06_11,0.0,1.0,head
h23_06_12,0.0,1.0,head
h23_06_13,0.0,1.0,head
h23_06_14,0.0,1.0,head
h23_06_15,0.0,1.0,head
h23_06_16,0.0,1.0,head
h23_06_17,0.0,1.0,head
h23_06_18,0.0,1.0,head
h23_06_19,0.0,1.0,head
h23_06_20,0.0,1.0,head
h23_06_21,0.0,1.0,head
h23_06_22,0.0,1.0,head
h23_06_23,0.0,1.0,head
h23_07_00,0.0,1.0,head
h23_07_01,0.0,1.0,head
h23_07_02,0.0,1.0,head
h23_07_03,0.0,1.0,head
h23_07_04,0.0,1.0,head
h23_07_05,0.0,1.0,head
h23_07_06,0.0,1.0,head
h23_07_07,0.0,1.0,head
h23_07_08,0.0,1.0,head
h23_07_09,0.0,1.0,head
h23_07_10,0.0,1.0,head
h23_07_11,0.0,1.0,head
h23_07_12,0.0,1.0,head
h23_07_13,0.0,1.0,head
h23_07_14,0.0,1.0,head
h23_07_15,0.0,1.0,head
h23_07_16,0.0,1.0,head
h23_07_17,0.0,1.0,head
h23_07_18,0.0,1.0,head
h23_07_19,0.0,1.0,head
h23_07_20,0.0,1.0,head
h23_07_21,0.0,1.0,head
h23_07_22,0.0,1.0,head
h23_07_23,0.0,1.0,head
h23_08_00,0.0,1.0,head
h23_08_01,0.0,1.0,head
h23_08_02,0.0,1.0,head
h23_08_03,0.0,1.0,head
h23_08_04,0.0,1.0,head
h23_08_05,0.0,1.0,head
h23_08_06,0.0,1.0,head
h23_08_07,0.0,1.0,head
h23_08_08,0.0,1.0,head
h23_08_09,0.0,1.0,head
h23_08_10,0.0,1.0,head
h23_08_11,0.0,1.0,head
h23_08_12,0.0,1.0,head
h23_08_13,0.0,1.0,head
h23_08_14,0.0,1.0,head
h23_08_15,0.0,1.0,head
h23_08_16,0.0,1.0,head
h23_08_17,0.0,1.0,head
h23_08_18,0.0,1.0,head
h23_08_19,0.0,1.0,head
h23_08_20,0.0,1.0,head
h23_08_21,0.0,1.0,head
h23_08_22,0.0,1.0,head
h23_08_23,0.0,1.0,head
h23_09_00,0.0,1.0,head
h23_09_01,0.0,1.0,head
h23_09_02,0.0,1.0,head
h23_09_03,0.0,1.0,head
h23_09_04,0.0,1.0,head
h23_09_05,0.0,1.0,head
h23_09_06,0.0,1.0,head
h23_09_07,0.0,1.0,head
h23_09_08,0.0,1.0,head
h23_09_09,0.0,1.0,head
h23_09_10,0.0,1.0,head
h23_09_11,0.0,1.0,head
h23_09_12,0.0,1.0,head
h23_09_13,0.0,1.0,head
h23_09_14,0.0,1.0,head
h23_09_15,0.0,1.0,head
h23_09_16,0.0,1.0,head
h23_09_17,0.0,1.0,head
h23_09_18,0.0,1.0,head
h23_09_19,0.0,1.0,head
h23_09_20,0.0,1.0,head
h23_09_21,0.0,1.0,head
h23_09_22,0.0,1.0,head
h23_09_23,0.0,1.0,head
h23_10_00,0.0,1.0,head
h23_10_01,0.0,1.0,head
h23_10_02,0.0,1.0,head
h23_10_03,0.0,1.0,head
h23_10_04,0.0,1.0,head
h23_10_05,0.0,1.0,head
h23_10_06,0.0,1.0,head
h23_10_07,0.0,1.0,head
h23_10_08,0.0,1.0,head
h23_10_09,0.0,1.0,head
h23_10_10,0.0,1.0,head
h23_10_11,0.0,1.0,head
h23_10_12,0.0,1.0,head
h23_10_13,0.0,1.0,head
h23_10_14,0.0,1.0,head
h23_10_15,0.0,1.0,head
h23_10_16,0.0,1.0,head
h23_10_17,0.0,1.0,head
h23_10_18,0.0,1.0,head
h23_10_19,0.0,1.0,head
h23_10_20,0.0,1.0,head
h23_10_21,0.0,1.0,head
h23_10_22,0.0,1.0,head
h23_10_23,0.0,1.0,head
h23_11_00,0.0,1.0,head
h23_11_01,0.0,1.0,head
h23_11_02,0.0,1.0,head
h23_11_03,0.0,1.0,head
h23_11_04,0.0,1.0,head
h23_11_05,0.0,1.0,head
h23_11_06,0.0,1.0,head
h23_11_07,0.0,1.0,head
h23_11_08,0.0,1.0,head
h23_11_09,0.0,1.0,head
h23_11_10,0.0,1.0,head
h23_11_11,0.0,1.0,head
h23_11_12,0.0,1.0,head
h23_11_13,0.0,1.0,head
h23_11_14,0.0,1.0,head
h23_11_15,0.0,1.0,head
h23_11_16,0.0,1.0,head
h23_11_17,0.0,1.0,head
h23_11_18,0.0,1.0,head
h23_11_19,0.0,1.0,head
h23_11_20,0.0,1.0,head
h23_11_21,0.0,1.0,head
h23_11_22,0.0,1.0,head
h23_11_23,0.0,1.0,head
h23_12_00,0.0,1.0,head
h23_12_01,0.0,1.0,head
h23_12_02,0.0,1.0,head
h23_12_03,0.0,1.0,head
h23_12_04,0.0,1.0,head
h23_12_05,0.0,1.0,head
h23_12_06,0.0,1.0,head
h23_12_07,0.0,1.0,head
h23_12_08,0.0,1.0,head
h23_12_09,0.0,1.0,head
h23_12_10,0.0,1.0,head
h23_12_11,0.0,1.0,head
h23_12_12,0.0,1.0,head
h23_12_13,0.0,1.0,head
h23_12_14,0.0,1.0,head
h23_12_15,0.0,1.0,head
h23_12_16,0.0,1.0,head
h23_12_17,0.0,1.0,head
h23_12_18,0.0,1.0,head
h23_12_19,0.0,1.0,head
h23_12_20,0.0,1.0,head
h23_12_21,0.0,1.0,head
h23_12_22,0.0,1.0,head
h23_12_23,0.0,1.0,head
h23_13_00,0.0,1.0,head
h23_13_01,0.0,1.0,head
h23_13_02,0.0,1.0,head
h23_13_03,0.0,1.0,head
h23_13_04,0.0,1.0,head
h23_13_05,0.0,1.0,head
h23_13_06,0.0,1.0,head
h23_13_07,0.0,1.0,head
h23_13_08,0.0,1.0,head
h23_13_09,0.0,1.0,head
h23_13_10,0.0,1.0,head
h23_13_11,0.0,1.0,head
h23_13_12,0.0,1.0,head
h23_13_13,0.0,1.0,head
h23_13_14,0.0,1.0,head
h23_13_15,0.0,1.0,head
h23_13_16,0.0,1.0,head
h23_13_17,0.0,1.0,head
h23_13_18,0.0,1.0,head
h23_13_19,0.0,1.0,head
h23_13_20,0.0,1.0,head
h23_13_21,0.0,1.0,head
h23_13_22,0.0,1.0,head
h23_13_23,0.0,1.0,head
h23_14_00,0.0,1.0,head
h23_14_01,0.0,1.0,head
h23_14_02,0.0,1.0,head
h23_14_03,0.0,1.0,head
h23_14_04,0.0,1.0,head
h23_14_05,0.0,1.0,head
h23_14_06,0.0,1.0,head
h23_14_07,0.0,1.0,head
h23_14_08,0.0,1.0,head
h23_14_09,0.0,1.0,head
h23_14_10,0.0,1.0,head
h23_14_11,0.0,1.0,head
h23_14_12,0.0,1.0,head
h23_14_13,0.0,1.0,head
h23_14_14,0.0,1.0,head
h23_14_15,0.0,1.0,head
h23_14_16,0.0,1.0,head
h23_14_17,0.0,1.0,head
h23_14_18,0.0,1.0,head
h23_14_19,0.0,1.0,head
h23_14_20,0.0,1.0,head
h23_14_21,0.0,1.0,head
h23_14_22,0.0,1.0,head
h23_14_23,0.0,1.0,head
h23_15_00,0.0,1.0,head
h23_15_01,0.0,1.0,head
h23_15_02,0.0,1.0,head
h23_15_03,0.0,1.0,head
h23_15_04,0.0,1.0,head
h23_15_05,0.0,1.0,head
h23_15_06,0.0,1.0,head
h23_15_07,0.0,1.0,head
h23_15_08,0.0,1.0,head
h23_15_09,0.0,1.0,head
h23_15_10,0.0,1.0,head
h23_15_11,0.0,1.0,head
h23_15_12,0.0,1.0,head
h23_15_13,0.0,1.0,head
h23_15_14,0.0,1.0,head
h23_15_15,0.0,1.0,head
h23_15_16,0.0,1.0,head
h23_15_17,0.0,1.0,head
h23_15_18,0.0,1.0,head
h23_15_19,0.0,1.0,head
h23_15_20,0.0,1.0,head
h23_15_21,0.0,1.0,head
h23_15_22,0.0,1.0,head
h23_15_23,0.0,1.0,head
h23_16_00,0.0,1.0,head
h23_16_01,0.0,1.0,head
h23_16_02,0.0,1.0,head
h23_16_03,0.0,1.0,head
h23_16_04,0.0,1.0,head
h23_16_05,0.0,1.0,head
h23_16_06,0.0,1.0,head
h23_16_07,0.0,1.0,head
h23_16_08,0.0,1.0,head
h23_16_09,0.0,1.0,head
h23_16_10,0.0,1.0,head
h23_16_11,0.0,1.0,head
h23_16_12,0.0,1.0,head
h23_16_13,0.0,1.0,head
h23_16_14,0.0,1.0,head
h23_16_15,0.0,1.0,head
h23_16_16,0.0,1.0,head
h23_16_17,0.0,1.0,head
h23_16_18,0.0,1.0,head
h23_16_19,0.0,1.0,head
h23_16_20,0.0,1.0,head
h23_16_21,0.0,1.0,head
h23_16_22,0.0,1.0,head
h23_16_23,0.0,1.0,head
h23_17_00,0.0,1.0,head
h23_17_01,0.0,1.0,head
h23_17_02,0.0,1.0,head
h23_17_03,0.0,1.0,head
h23_17_04,0.0,1.0,head
h23_17_05,0.0,1.0,head
h23_17_06,0.0,1.0,head
h23_17_07,0.0,1.0,head
h23_17_08,0.0,1.0,head
h23_17_09,0.0,1.0,head
h23_17_10,0.0,1.0,head
h23_17_11,0.0,1.0,head
h23_17_12,0.0,1.0,head
h23_17_13,0.0,1.0,head
h23_17_14,0.0,1.0,head
h23_17_15,0.0,1.0,head
h23_17_16,0.0,1.0,head
h23_17_17,0.0,1.0,head
h23_17_18,0.0,1.0,head
h23_17_19,0.0,1.0,head
h23_17_20,0.0,1.0,head
h23_17_21,0.0,1.0,head
h23_17_22,0.0,1.0,head
h23_17_23,0.0,1.0,head
h23_18_00,0.0,1.0,head
h23_18_01,0.0,1.0,head
h23_18_02,0.0,1.0,head
h23_18_03,0.0,1.0,head
h23_18_04,0.0,1.0,head
h23_18_05,0.0,1.0,head
h23_18_06,0.0,1.0,head
h23_18_07,0.0,1.0,head
h23_18_08,0.0,1.0,head
h23_18_09,0.0,1.0,head
h23_18_10,0.0,1.0,head
h23_18_11,0.0,1.0,head
h23_18_12,0.0,1.0,head
h23_18_13,0.0,1.0,head
h23_18_14,0.0,1.0,head
h23_18_15,0.0,1.0,head
h23_18_16,0.0,1.0,head
h23_18_17,0.0,1.0,head
h23_18_18,0.0,1.0,head
h23_18_19,0.0,1.0,head
h23_18_20,0.0,1.0,head
h23_18_21,0.0,1.0,head
h23_18_22,0.0,1.0,head
h23_18_23,0.0,1.0,head
h23_19_00,0.0,1.0,head
h23_19_01,0.0,1.0,head
h23_19_02,0.0,1.0,head
h23_19_03,0.0,1.0,head
h23_19_04,0.0,1.0,head
h23_19_05,0.0,1.0,head
h23_19_06,0.0,1.0,head
h23_19_07,0.0,1.0,head
h23_19_08,0.0,1.0,head
h23_19_09,0.0,1.0,head
h23_19_10,0.0,1.0,head
h23_19_11,0.0,1.0,head
h23_19_12,0.0,1.0,head
h23_19_13,0.0,1.0,head
h23_19_14,0.0,1.0,head
h23_19_15,0.0,1.0,head
h23_19_16,0.0,1.0,head
h23_19_17,0.0,1.0,head
h23_19_18,0.0,1.0,head
h23_19_19,0.0,1.0,head
h23_19_20,0.0,1.0,head
h23_19_21,0.0,1.0,head
h23_19_22,0.0,1.0,head
h23_19_23,0.0,1.0,head
h23_20_00,0.0,1.0,head
h23_20_01,0.0,1.0,head
h23_20_02,0.0,1.0,head
h23_20_03,0.0,1.0,head
h23_20_04,0.0,1.0,head
h23_20_05,0.0,1.0,head
h23_20_06,0.0,1.0,head
h23_20_07,0.0,1.0,head
h23_20_08,0.0,1.0,head
h23_20_09,0.0,1.0,head
h23_20_10,0.0,1.0,head
h23_20_11,0.0,1.0,head
h23_20_12,0.0,1.0,head
h23_20_13,0.0,1.0,head
h23_20_14,0.0,1.0,head
h23_20_15,0.0,1.0,head
h23_20_16,0.0,1.0,head
h23_20_17,0.0,1.0,head
h23_20_18,0.0,1.0,head
h23_20_19,0.0,1.0,head
h23_20_20,0.0,1.0,head
h23_20_21,0.0,1.0,head
h23_20_22,0.0,1.0,head
h23_20_23,0.0,1.0,head
h23_21_00,0.0,1.0,head
h23_21_01,0.0,1.0,head
h23_21_02,0.0,1.0,head
h23_21_03,0.0,1.0,head
h23_21_04,0.0,1.0,head
h23_21_05,0.0,1.0,head
h23_21_06,0.0,1.0,head
h23_21_07,0.0,1.0,head
h23_21_08,0.0,1.0,head
h23_21_09,0.0,1.0,head
h23_21_10,0.0,1.0,head
h23_21_11,0.0,1.0,head
h23_21_12,0.0,1.0,head
h23_21_13,0.0,1.0,head
h23_21_14,0.0,1.0,head
h23_21_15,0.0,1.0,head
h23_21_16,0.0,1.0,head
h23_21_17,0.0,1.0,head
h23_21_18,0.0,1.0,head
h23_21_19,0.0,1.0,head
h23_21_20,0.0,1.0,head
h23_21_21,0.0,1.0,head
h23_21_22,0.0,1.0,head
h23_21_23,0.0,1.0,head
h23_22_00,0.0,1.0,head
h23_22_01,0.0,1.0,head
h23_22_02,0.0,1.0,head
h23_22_03,0.0,1.0,head
h23_22_04,0.0,1.0,head
h23_22_05,0.0,1.0,head
h23_22_06,0.0,1.0,head
h23_22_07,0.0,1.0,head
h23_22_08,0.0,1.0,head
h23_22_09,0.0,1.0,head
h23_22_10,0.0,1.0,head
h23_22_11,0.0,1.0,head
h23_22_12,0.0,1.0,head
h23_22_13,0.0,1.0,head
h23_22_14,0.0,1.0,head
h23_22_15,0.0,1.0,head
h23_22_16,0.0,1.0,head
h23_22_17,0.0,1.0,head
h23_22_18,0.0,1.0,head
h23_22_19,0.0,1.0,head
h23_22_20,0.0,1.0,head
h23_22_21,0.0,1.0,head
h23_22_22,0.0,1.0,head
h23_22_23,0.0,1.0,head
h23_23_00,0.0,1.0,head
h23_23_01,0.0,1.0,head
h23_23_02,0.0,1.0,head
h23_23_03,0.0,1.0,head
h23_23_04,0.0,1.0,head
h23_23_05,0.0,1.0,head
h23_23_06,0.0,1.0,head
h23_23_07,0.0,1.0,head
h23_23_08,0.0,1.0,head
h23_23_09,0.0,1.0,head
h23_23_10,0.0,1.0,head
h23_23_11,0.0,1.0,head
h23_23_12,0.0,1.0,head
h23_23_13,0.0,1.0,head
h23_23_14,0.0,1.0,head
h23_23_15,0.0,1.0,head
h23_23_16,0.0,1.0,head
h23_23_17,0.0,1.0,head
h23_23_18,0.0,1.0,head
h23_23_19,0.0,1.0,head
h23_23_20,0.0,1.0,head
h23_23_21,0.0,1.0,head
h23_23_22,0.0,1.0,head
h23_23_23,0.0,1.0,head
h23_24_00,0.0,1.0,head
h23_24_01,0.0,1.0,head
h23_24_02,0.0,1.0,head
h23_24_03,0.0,1.0,head
h23_24_04,0.0,1.0,head
h23_24_05,0.0,1.0,head
h23_24_06,0.0,1.0,head
h23_24_07,0.0,1.0,head
h23_24_08,0.0,1.0,head
h23_24_09,0.0,1.0,head
h23_24_10,0.0,1.0,head
h23_24_11,0.0,1.0,head
h23_24_12,0.0,1.0,head
h23_24_13,0.0,1.0,head
h23_24_14,0.0,1.0,head
h23_24_15,0.0,1.0,head
h23_24_16,0.0,1.0,head
h23_24_17,0.0,1.0,head
h23_24_18,0.0,1.0,head
h23_24_19,0.0,1.0,head
h23_24_20,0.0,1.0,head
h23_24_21,0.0,1.0,head
h23_24_22,0.0,1.0,head
h23_24_23,0.0,1.0,head
h23_25_00,0.0,1.0,head
h23_25_01,0.0,1.0,head
h23_25_02,0.0,1.0,head
h23_25_03,0.0,1.0,head
h23_25_04,0.0,1.0,head
h23_25_05,0.0,1.0,head
h23_25_06,0.0,1.0,head
h23_25_07,0.0,1.0,head
h23_25_08,0.0,1.0,head
h23_25_09,0.0,1.0,head
h23_25_10,0.0,1.0,head
h23_25_11,0.0,1.0,head
h23_25_12,0.0,1.0,head
h23_25_13,0.0,1.0,head
h23_25_14,0.0,1.0,head
h23_25_15,0.0,1.0,head
h23_25_16,0.0,1.0,head
h23_25_17,0.0,1.0,head
h23_25_18,0.0,1.0,head
h23_25_19,0.0,1.0,head
h23_25_20,0.0,1.0,head
h23_25_21,0.0,1.0,head
h23_25_22,0.0,1.0,head
h23_25_23,0.0,1.0,head
h23_26_00,0.0,1.0,head
h23_26_01,0.0,1.0,head
h23_26_02,0.0,1.0,head
h23_26_03,0.0,1.0,head
h23_26_04,0.0,1.0,head
h23_26_05,0.0,1.0,head
h23_26_06,0.0,1.0,head
h23_26_07,0.0,1.0,head
h23_26_08,0.0,1.0,head
h23_26_09,0.0,1.0,head
h23_26_10,0.0,1.0,head
h23_26_11,0.0,1.0,head
h23_26_12,0.0,1.0,head
h23_26_13,0.0,1.0,head
h23_26_14,0.0,1.0,head
h23_26_15,0.0,1.0,head
h23_26_16,0.0,1.0,head
h23_26_17,0.0,1.0,head
h23_26_18,0.0,1.0,head
h23_26_19,0.0,1.0,head
h23_26_20,0.0,1.0,head
h23_26_21,0.0,1.0,head
h23_26_22,0.0,1.0,head
h23_26_23,0.0,1.0,head
h23_27_00,0.0,1.0,head
h23_27_01,0.0,1.0,head
h23_27_02,0.0,1.0,head
h23_27_03,0.0,1.0,head
h23_27_04,0.0,1.0,head
h23_27_05,0.0,1.0,head
h23_27_06,0.0,1.0,head
h23_27_07,0.0,1.0,head
h23_27_08,0.0,1.0,head
h23_27_09,0.0,1.0,head
h23_27_10,0.0,1.0,head
h23_27_11,0.0,1.0,head
h23_27_12,0.0,1.0,head
h23_27_13,0.0,1.0,head
h23_27_14,0.0,1.0,head
h23_27_15,0.0,1.0,head
h23_27_16,0.0,1.0,head
h23_27_17,0.0,1.0,head
h23_27_18,0.0,1.0,head
h23_27_19,0.0,1.0,head
h23_27_20,0.0,1.0,head
h23_27_21,0.0,1.0,head
h23_27_22,0.0,1.0,head
h23_27_23,0.0,1.0,head
h23_28_00,0.0,1.0,head
h23_28_01,0.0,1.0,head
h23_28_02,0.0,1.0,head
h23_28_03,0.0,1.0,head
h23_28_04,0.0,1.0,head
h23_28_05,0.0,1.0,head
h23_28_06,0.0,1.0,head
h23_28_07,0.0,1.0,head
h23_28_08,0.0,1.0,head
h23_28_09,0.0,1.0,head
h23_28_10,0.0,1.0,head
h23_28_11,0.0,1.0,head
h23_28_12,0.0,1.0,head
h23_28_13,0.0,1.0,head
h23_28_14,0.0,1.0,head
h23_28_15,0.0,1.0,head
h23_28_16,0.0,1.0,head
h23_28_17,0.0,1.0,head
h23_28_18,0.0,1.0,head
h23_28_19,0.0,1.0,head
h23_28_20,0.0,1.0,head
h23_28_21,0.0,1.0,head
h23_28_22,0.0,1.0,head
h23_28_23,0.0,1.0,head
h23_29_00,0.0,1.0,head
h23_29_01,0.0,1.0,head
h23_29_02,0.0,1.0,head
h23_29_03,0.0,1.0,head
h23_29_04,0.0,1.0,head
h23_29_05,0.0,1.0,head
h23_29_06,0.0,1.0,head
h23_29_07,0.0,1.0,head
h23_29_08,0.0,1.0,head
h23_29_09,0.0,1.0,head
h23_29_10,0.0,1.0,head
h23_29_11,0.0,1.0,head
h23_29_12,0.0,1.0,head
h23_29_13,0.0,1.0,head
h23_29_14,0.0,1.0,head
h23_29_15,0.0,1.0,head
h23_29_16,0.0,1.0,head
h23_29_17,0.0,1.0,head
h23_29_18,0.0,1.0,head
h23_29_19,0.0,1.0,head
h23_29_20,0.0,1.0,head
h23_29_21,0.0,1.0,head
h23_29_22,0.0,1.0,head
h23_29_23,0.0,1.0,head
s1r01_00,0.0,1.0,extra_sfr
s1r01_01,0.0,1.0,extra_sfr
s1r01_02,0.0,1.0,extra_sfr
s1r01_03,0.0,1.0,extra_sfr
s1r01_04,0.0,1.0,extra_sfr
s1r01_05,0.0,1.0,extra_sfr
s1r01_06,0.0,1.0,extra_sfr
s1r01_07,0.0,1.0,extra_sfr
s1r01_08,0.0,1.0,extra_sfr
s1r01_09,0.0,1.0,extra_sfr
s1r01_10,0.0,1.0,extra_sfr
s1r01_11,0.0,1.0,extra_sfr
s1r01_12,0.0,1.0,extra_sfr
s1r01_13,0.0,1.0,extra_sfr
s1r01_14,0.0,1.0,extra_sfr
s1r01_15,0.0,1.0,extra_sfr
s1r01_16,0.0,1.0,extra_sfr
s1r01_17,0.0,1.0,extra_sfr
s1r01_18,0.0,1.0,extra_sfr
s1r01_19,0.0,1.0,extra_sfr
s1r01_20,0.0,1.0,extra_sfr
s1r01_21,0.0,1.0,extra_sfr
s1r01_22,0.0,1.0,extra_sfr
s1r01_23,0.0,1.0,extra_sfr
s1r02_00,0.0,1.0,extra_sfr
s1r02_01,0.0,1.0,extra_sfr
s1r02_02,0.0,1.0,extra_sfr
s1r02_03,0.0,1.0,extra_sfr
s1r02_04,0.0,1.0,extra_sfr
s1r02_05,0.0,1.0,extra_sfr
s1r02_06,0.0,1.0,extra_sfr
s1r02_07,0.0,1.0,extra_sfr
s1r02_08,0.0,1.0,extra_sfr
s1r02_09,0.0,1.0,extra_sfr
s1r02_10,0.0,1.0,extra_sfr
s1r02_11,0.0,1.0,extra_sfr
s1r02_12,0.0,1.0,extra_sfr
s1r02_13,0.0,1.0,extra_sfr
s1r02_14,0.0,1.0,extra_sfr
s1r02_15,0.0,1.0,extra_sfr
s1r02_16,0.0,1.0,extra_sfr
s1r02_17,0.0,1.0,extra_sfr
s1r02_18,0.0,1.0,extra_sfr
s1r02_19,0.0,1.0,extra_sfr
s1r02_20,0.0,1.0,extra_sfr
s1r02_21,0.0,1.0,extra_sfr
s1r02_22,0.0,1.0,extra_sfr
s1r02_23,0.0,1.0,extra_sfr
s1r03_00,0.0,1.0,extra_sfr
s1r03_01,0.0,1.0,extra_sfr
s1r03_02,0.0,1.0,extra_sfr
s1r03_03,0.0,1.0,extra_sfr
s1r03_04,0.0,1.0,extra_sfr
s1r03_05,0.0,1.0,extra_sfr
s1r03_06,0.0,1.0,extra_sfr
s1r03_07,0.0,1.0,extra_sfr
s1r03_08,0.0,1.0,extra_sfr
s1r03_09,0.0,1.0,extra_sfr
s1r03_10,0.0,1.0,extra_sfr
s1r03_11,0.0,1.0,extra_sfr
s1r03_12,0.0,1.0,extra_sfr
s1r03_13,0.0,1.0,extra_sfr
s1r03_14,0.0,1.0,extra_sfr
s1r03_15,0.0,1.0,extra_sfr
s1r03_16,0.0,1.0,extra_sfr
s1r03_17,0.0,1.0,extra_sfr
s1r03_18,0.0,1.0,extra_sfr
s1r03_19,0.0,1.0,extra_sfr
s1r03_20,0.0,1.0,extra_sfr
s1r03_21,0.0,1.0,extra_sfr
s1r03_22,0.0,1.0,extra_sfr
s1r03_23,0.0,1.0,extra_sfr
s1r04_00,0.0,1.0,extra_sfr
s1r04_01,0.0,1.0,extra_sfr
s1r04_02,0.0,1.0,extra_sfr
s1r04_03,0.0,1.0,extra_sfr
s1r04_04,0.0,1.0,extra_sfr
s1r04_05,0.0,1.0,extra_sfr
s1r04_06,0.0,1.0,extra_sfr
s1r04_07,0.0,1.0,extra_sfr
s1r04_08,0.0,1.0,extra_sfr
s1r04_09,0.0,1.0,extra_sfr
s1r04_10,0.0,1.0,extra_sfr
s1r04_11,0.0,1.0,extra_sfr
s1r04_12,0.0,1.0,extra_sfr
s1r04_13,0.0,1.0,extra_sfr
s1r04_14,0.0,1.0,extra_sfr
s1r04_15,0.0,1.0,extra_sfr
s1r04_16,0.0,1.0,extra_sfr
s1r04_17,0.0,1.0,extra_sfr
s1r04_18,0.0,1.0,extra_sfr
s1r04_19,0.0,1.0,extra_sfr
s1r04_20,0.0,1.0,extra_sfr
s1r04_21,0.0,1.0,extra_sfr
s1r04_22,0.0,1.0,extra_sfr
s1r04_23,0.0,1.0,extra_sfr
s1r05_00,0.0,1.0,extra_sfr
s1r05_01,0.0,1.0,extra_sfr
s1r05_02,0.0,1.0,extra_sfr
s1r05_03,0.0,1.0,extra_sfr
s1r05_04,0.0,1.0,extra_sfr
s1r05_05,0.0,1.0,extra_sfr
s1r05_06,0.0,1.0,extra_sfr
s1r05_07,0.0,1.0,extra_sfr
s1r05_08,0.0,1.0,extra_sfr
s1r05_09,0.0,1.0,extra_sfr
s1r05_10,0.0,1.0,extra_sfr
s1r05_11,0.0,1.0,extra_sfr
s1r05_12,0.0,1.0,extra_sfr
s1r05_13,0.0,1.0,extra_sfr
s1r05_14,0.0,1.0,extra_sfr
s1r05_15,0.0,1.0,extra_sfr
s1r05_16,0.0,1.0,extra_sfr
s1r05_17,0.0,1.0,extra_sfr
s1r05_18,0.0,1.0,extra_sfr
s1r05_19,0.0,1.0,extra_sfr
s1r05_20,0.0,1.0,extra_sfr
s1r05_21,0.0,1.0,extra_sfr
s1r05_22,0.0,1.0,extra_sfr
s1r05_23,0.0,1.0,extra_sfr
s1r06_00,0.0,1.0,extra_sfr
s1r06_01,0.0,1.0,extra_sfr
s1r06_02,0.0,1.0,extra_sfr
s1r06_03,0.0,1.0,extra_sfr
s1r06_04,0.0,1.0,extra_sfr
s1r06_05,0.0,1.0,extra_sfr
s1r06_06,0.0,1.0,extra_sfr
s1r06_07,0.0,1.0,extra_sfr
s1r06_08,0.0,1.0,extra_sfr
s1r06_09,0.0,1.0,extra_sfr
s1r06_10,0.0,1.0,extra_sfr
s1r06_11,0.0,1.0,extra_sfr
s1r06_12,0.0,1.0,extra_sfr
s1r06_13,0.0,1.0,extra_sfr
s1r06_14,0.0,1.0,extra_sfr
s1r06_15,0.0,1.0,extra_sfr
s1r06_16,0.0,1.0,extra_sfr
s1r06_17,0.0,1.0,extra_sfr
s1r06_18,0.0,1.0,extra_sfr
s1r06_19,0.0,1.0,extra_sfr
s1r06_20,0.0,1.0,extra_sfr
s1r06_21,0.0,1.0,extra_sfr
s1r06_22,0.0,1.0,extra_sfr
s1r06_23,0.0,1.0,extra_sfr
s1r07_00,0.0,1.0,extra_sfr
s1r07_01,0.0,1.0,extra_sfr
s1r07_02,0.0,1.0,extra_sfr
s1r07_03,0.0,1.0,extra_sfr
s1r07_04,0.0,1.0,extra_sfr
s1r07_05,0.0,1.0,extra_sfr
s1r07_06,0.0,1.0,extra_sfr
s1r07_07,0.0,1.0,extra_sfr
s1r07_08,0.0,1.0,extra_sfr
s1r07_09,0.0,1.0,extra_sfr
s1r07_10,0.0,1.0,extra_sfr
s1r07_11,0.0,1.0,extra_sfr
s1r07_12,0.0,1.0,extra_sfr
s1r07_13,0.0,1.0,extra_sfr
s1r07_14,0.0,1.0,extra_sfr
s1r07_15,0.0,1.0,extra_sfr
s1r07_16,0.0,1.0,extra_sfr
s1r07_17,0.0,1.0,extra_sfr
s1r07_18,0.0,1.0,extra_sfr
s1r07_19,0.0,1.0,extra_sfr
s1r07_20,0.0,1.0,extra_sfr
s1r07_21,0.0,1.0,extra_sfr
s1r07_22,0.0,1.0,extra_sfr
s1r07_23,0.0,1.0,extra_sfr
s1r08_00,0.0,1.0,extra_sfr
s1r08_01,0.0,1.0,extra_sfr
s1r08_02,0.0,1.0,extra_sfr
s1r08_03,0.0,1.0,extra_sfr
s1r08_04,0.0,1.0,extra_sfr
s1r08_05,0.0,1.0,extra_sfr
s1r08_06,0.0,1.0,extra_sfr
s1r08_07,0.0,1.0,extra_sfr
s1r08_08,0.0,1.0,extra_sfr
s1r08_09,0.0,1.0,extra_sfr
s1r08_10,0.0,1.0,extra_sfr
s1r08_11,0.0,1.0,extra_sfr
s1r08_12,0.0,1.0,extra_sfr
s1r08_13,0.0,1.0,extra_sfr
s1r08_14,0.0,1.0,extra_sfr
s1r08_15,0.0,1.0,extra_sfr
s1r08_16,0.0,1.0,extra_sfr
s1r08_17,0.0,1.0,extra_sfr
s1r08_18,0.0,1.0,extra_sfr
s1r08_19,0.0,1.0,extra_sfr
s1r08_20,0.0,1.0,extra_sfr
s1r08_21,0.0,1.0,extra_sfr
s1r08_22,0.0,1.0,extra_sfr
s1r08_23,0.0,1.0,extra_sfr
s1r09_00,0.0,1.0,extra_sfr
s1r09_01,0.0,1.0,extra_sfr
s1r09_02,0.0,1.0,extra_sfr
s1r09_03,0.0,1.0,extra_sfr
s1r09_04,0.0,1.0,extra_sfr
s1r09_05,0.0,1.0,extra_sfr
s1r09_06,0.0,1.0,extra_sfr
s1r09_07,0.0,1.0,extra_sfr
s1r09_08,0.0,1.0,extra_sfr
s1r09_09,0.0,1.0,extra_sfr
s1r09_10,0.0,1.0,extra_sfr
s1r09_11,0.0,1.0,extra_sfr
s1r09_12,0.0,1.0,extra_sfr
s1r09_13,0.0,1.0,extra_sfr
s1r09_14,0.0,1.0,extra_sfr
s1r09_15,0.0,1.0,extra_sfr
s1r09_16,0.0,1.0,extra_sfr
s1r09_17,0.0,1.0,extra_sfr
s1r09_18,0.0,1.0,extra_sfr
s1r09_19,0.0,1.0,extra_sfr
s1r09_20,0.0,1.0,extra_sfr
s1r09_21,0.0,1.0,extra_sfr
s1r09_22,0.0,1.0,extra_sfr
s1r09_23,0.0,1.0,extra_sfr
s1r10_00,0.0,1.0,extra_sfr
s1r10_01,0.0,1.0,extra_sfr
s1r10_02,0.0,1.0,extra_sfr
s1r10_03,0.0,1.0,extra_sfr
s1r10_04,0.0,1.0,extra_sfr
s1r10_05,0.0,1.0,extra_sfr
s1r10_06,0.0,1.0,extra_sfr
s1r10_07,0.0,1.0,extra_sfr
s1r10_08,0.0,1.0,extra_sfr
s1r10_09,0.0,1.0,extra_sfr
s1r10_10,0.0,1.0,extra_sfr
s1r10_11,0.0,1.0,extra_sfr
s1r10_12,0.0,1.0,extra_sfr
s1r10_13,0.0,1.0,extra_sfr
s1r10_14,0.0,1.0,extra_sfr
s1r10_15,0.0,1.0,extra_sfr
s1r10_16,0.0,1.0,extra_sfr
s1r10_17,0.0,1.0,extra_sfr
s1r10_18,0.0,1.0,extra_sfr
s1r10_19,0.0,1.0,extra_sfr
s1r10_20,0.0,1.0,extra_sfr
s1r10_21,0.0,1.0,extra_sfr
s1r10_22,0.0,1.0,extra_sfr
s1r10_23,0.0,1.0,extra_sfr
s1r11_00,0.0,1.0,extra_sfr
s1r11_01,0.0,1.0,extra_sfr
s1r11_02,0.0,1.0,extra_sfr
s1r11_03,0.0,1.0,extra_sfr
s1r11_04,0.0,1.0,extra_sfr
s1r11_05,0.0,1.0,extra_sfr
s1r11_06,0.0,1.0,extra_sfr
s1r11_07,0.0,1.0,extra_sfr
s1r11_08,0.0,1.0,extra_sfr
s1r11_09,0.0,1.0,extra_sfr
s1r11_10,0.0,1.0,extra_sfr
s1r11_11,0.0,1.0,extra_sfr
s1r11_12,0.0,1.0,extra_sfr
s1r11_13,0.0,1.0,extra_sfr
s1r11_14,0.0,1.0,extra_sfr
s1r11_15,0.0,1.0,extra_sfr
s1r11_16,0.0,1.0,extra_sfr
s1r11_17,0.0,1.0,extra_sfr
s1r11_18,0.0,1.0,extra_sfr
s1r11_19,0.0,1.0,extra_sfr
s1r11_20,0.0,1.0,extra_sfr
s1r11_21,0.0,1.0,extra_sfr
s1r11_22,0.0,1.0,extra_sfr
s1r11_23,0.0,1.0,extra_sfr
s1r12_00,0.0,1.0,extra_sfr
s1r12_01,0.0,1.0,extra_sfr
s1r12_02,0.0,1.0,extra_sfr
s1r12_03,0.0,1.0,extra_sfr
s1r12_04,0.0,1.0,extra_sfr
s1r12_05,0.0,1.0,extra_sfr
s1r12_06,0.0,1.0,extra_sfr
s1r12_07,0.0,1.0,extra_sfr
s1r12_08,0.0,1.0,extra_sfr
s1r12_09,0.0,1.0,extra_sfr
s1r12_10,0.0,1.0,extra_sfr
s1r12_11,0.0,1.0,extra_sfr
s1r12_12,0.0,1.0,extra_sfr
s1r12_13,0.0,1.0,extra_sfr
s1r12_14,0.0,1.0,extra_sfr
s1r12_15,0.0,1.0,extra_sfr
s1r12_16,0.0,1.0,extra_sfr
s1r12_17,0.0,1.0,extra_sfr
s1r12_18,0.0,1.0,extra_sfr
s1r12_19,0.0,1.0,extra_sfr
s1r12_20,0.0,1.0,extra_sfr
s1r12_21,0.0,1.0,extra_sfr
s1r12_22,0.0,1.0,extra_sfr
s1r12_23,0.0,1.0,extra_sfr
s1r13_00,0.0,1.0,extra_sfr
s1r13_01,0.0,1.0,extra_sfr
s1r13_02,0.0,1.0,extra_sfr
s1r13_03,0.0,1.0,extra_sfr
s1r13_04,0.0,1.0,extra_sfr
s1r13_05,0.0,1.0,extra_sfr
s1r13_06,0.0,1.0,extra_sfr
s1r13_07,0.0,1.0,extra_sfr
s1r13_08,0.0,1.0,extra_sfr
s1r13_09,0.0,1.0,extra_sfr
s1r13_10,0.0,1.0,extra_sfr
s1r13_11,0.0,1.0,extra_sfr
s1r13_12,0.0,1.0,extra_sfr
s1r13_13,0.0,1.0,extra_sfr
s1r13_14,0.0,1.0,extra_sfr
s1r13_15,0.0,1.0,extra_sfr
s1r13_16,0.0,1.0,extra_sfr
s1r13_17,0.0,1.0,extra_sfr
s1r13_18,0.0,1.0,extra_sfr
s1r13_19,0.0,1.0,extra_sfr
s1r13_20,0.0,1.0,extra_sfr
s1r13_21,0.0,1.0,extra_sfr
s1r13_22,0.0,1.0,extra_sfr
s1r13_23,0.0,1.0,extra_sfr
s1r14_00,0.0,1.0,extra_sfr
s1r14_01,0.0,1.0,extra_sfr
s1r14_02,0.0,1.0,extra_sfr
s1r14_03,0.0,1.0,extra_sfr
s1r14_04,0.0,1.0,extra_sfr
s1r14_05,0.0,1.0,extra_sfr
s1r14_06,0.0,1.0,extra_sfr
s1r14_07,0.0,1.0,extra_sfr
s1r14_08,0.0,1.0,extra_sfr
s1r14_09,0.0,1.0,extra_sfr
s1r14_10,0.0,1.0,extra_sfr
s1r14_11,0.0,1.0,extra_sfr
s1r14_12,0.0,1.0,extra_sfr
s1r14_13,0.0,1.0,extra_sfr
s1r14_14,0.0,1.0,extra_sfr
s1r14_15,0.0,1.0,extra_sfr
s1r14_16,0.0,1.0,extra_sfr
s1r14_17,0.0,1.0,extra_sfr
s1r14_18,0.0,1.0,extra_sfr
s1r14_19,0.0,1.0,extra_sfr
s1r14_20,0.0,1.0,extra_sfr
s1r14_21,0.0,1.0,extra_sfr
s1r14_22,0.0,1.0,extra_sfr
s1r14_23,0.0,1.0,extra_sfr
s1r15_00,0.0,1.0,extra_sfr
s1r15_01,0.0,1.0,extra_sfr
s1r15_02,0.0,1.0,extra_sfr
s1r15_03,0.0,1.0,extra_sfr
s1r15_04,0.0,1.0,extra_sfr
s1r15_05,0.0,1.0,extra_sfr
s1r15_06,0.0,1.0,extra_sfr
s1r15_07,0.0,1.0,extra_sfr
s1r15_08,0.0,1.0,extra_sfr
s1r15_09,0.0,1.0,extra_sfr
s1r15_10,0.0,1.0,extra_sfr
s1r15_11,0.0,1.0,extra_sfr
s1r15_12,0.0,1.0,extra_sfr
s1r15_13,0.0,1.0,extra_sfr
s1r15_14,0.0,1.0,extra_sfr
s1r15_15,0.0,1.0,extra_sfr
s1r15_16,0.0,1.0,extra_sfr
s1r15_17,0.0,1.0,extra_sfr
s1r15_18,0.0,1.0,extra_sfr
s1r15_19,0.0,1.0,extra_sfr
s1r15_20,0.0,1.0,extra_sfr
s1r15_21,0.0,1.0,extra_sfr
s1r15_22,0.0,1.0,extra_sfr
s1r15_23,0.0,1.0,extra_sfr
s1r16_00,0.0,1.0,extra_sfr
s1r16_01,0.0,1.0,extra_sfr
s1r16_02,0.0,1.0,extra_sfr
s1r16_03,0.0,1.0,extra_sfr
s1r16_04,0.0,1.0,extra_sfr
s1r16_05,0.0,1.0,extra_sfr
s1r16_06,0.0,1.0,extra_sfr
s1r16_07,0.0,1.0,extra_sfr
s1r16_08,0.0,1.0,extra_sfr
s1r16_09,0.0,1.0,extra_sfr
s1r16_10,0.0,1.0,extra_sfr
s1r16_11,0.0,1.0,extra_sfr
s1r16_12,0.0,1.0,extra_sfr
s1r16_13,0.0,1.0,extra_sfr
s1r16_14,0.0,1.0,extra_sfr
s1r16_15,0.0,1.0,extra_sfr
s1r16_16,0.0,1.0,extra_sfr
s1r16_17,0.0,1.0,extra_sfr
s1r16_18,0.0,1.0,extra_sfr
s1r16_19,0.0,1.0,extra_sfr
s1r16_20,0.0,1.0,extra_sfr
s1r16_21,0.0,1.0,extra_sfr
s1r16_22,0.0,1.0,extra_sfr
s1r16_23,0.0,1.0,extra_sfr
s1r17_00,0.0,1.0,extra_sfr
s1r17_01,0.0,1.0,extra_sfr
s1r17_02,0.0,1.0,extra_sfr
s1r17_03,0.0,1.0,extra_sfr
s1r17_04,0.0,1.0,extra_sfr
s1r17_05,0.0,1.0,extra_sfr
s1r17_06,0.0,1.0,extra_sfr
s1r17_07,0.0,1.0,extra_sfr
s1r17_08,0.0,1.0,extra_sfr
s1r17_09,0.0,1.0,extra_sfr
s1r17_10,0.0,1.0,extra_sfr
s1r17_11,0.0,1.0,extra_sfr
s1r17_12,0.0,1.0,extra_sfr
s1r17_13,0.0,1.0,extra_sfr
s1r17_14,0.0,1.0,extra_sfr
s1r17_15,0.0,1.0,extra_sfr
s1r17_16,0.0,1.0,extra_sfr
s1r17_17,0.0,1.0,extra_sfr
s1r17_18,0.0,1.0,extra_sfr
s1r17_19,0.0,1.0,extra_sfr
s1r17_20,0.0,1.0,extra_sfr
s1r17_21,0.0,1.0,extra_sfr
s1r17_22,0.0,1.0,extra_sfr
s1r17_23,0.0,1.0,extra_sfr
s1r18_00,0.0,1.0,extra_sfr
s1r18_01,0.0,1.0,extra_sfr
s1r18_02,0.0,1.0,extra_sfr
s1r18_03,0.0,1.0,extra_sfr
s1r18_04,0.0,1.0,extra_sfr
s1r18_05,0.0,1.0,extra_sfr
s1r18_06,0.0,1.0,extra_sfr
s1r18_07,0.0,1.0,extra_sfr
s1r18_08,0.0,1.0,extra_sfr
s1r18_09,0.0,1.0,extra_sfr
s1r18_10,0.0,1.0,extra_sfr
s1r18_11,0.0,1.0,extra_sfr
s1r18_12,0.0,1.0,extra_sfr
s1r18_13,0.0,1.0,extra_sfr
s1r18_14,0.0,1.0,extra_sfr
s1r18_15,0.0,1.0,extra_sfr
s1r18_16,0.0,1.0,extra_sfr
s1r18_17,0.0,1.0,extra_sfr
s1r18_18,0.0,1.0,extra_sfr
s1r18_19,0.0,1.0,extra_sfr
s1r18_20,0.0,1.0,extra_sfr
s1r18_21,0.0,1.0,extra_sfr
s1r18_22,0.0,1.0,extra_sfr
s1r18_23,0.0,1.0,extra_sfr
s1r19_00,0.0,1.0,extra_sfr
s1r19_01,0.0,1.0,extra_sfr
s1r19_02,0.0,1.0,extra_sfr
s1r19_03,0.0,1.0,extra_sfr
s1r19_04,0.0,1.0,extra_sfr
s1r19_05,0.0,1.0,extra_sfr
s1r19_06,0.0,1.0,extra_sfr
s1r19_07,0.0,1.0,extra_sfr
s1r19_08,0.0,1.0,extra_sfr
s1r19_09,0.0,1.0,extra_sfr
s1r19_10,0.0,1.0,extra_sfr
s1r19_11,0.0,1.0,extra_sfr
s1r19_12,0.0,1.0,extra_sfr
s1r19_13,0.0,1.0,extra_sfr
s1r19_14,0.0,1.0,extra_sfr
s1r19_15,0.0,1.0,extra_sfr
s1r19_16,0.0,1.0,extra_sfr
s1r19_17,0.0,1.0,extra_sfr
s1r19_18,0.0,1.0,extra_sfr
s1r19_19,0.0,1.0,extra_sfr
s1r19_20,0.0,1.0,extra_sfr
s1r19_21,0.0,1.0,extra_sfr
s1r19_22,0.0,1.0,extra_sfr
s1r19_23,0.0,1.0,extra_sfr
s1r20_00,0.0,1.0,extra_sfr
s1r20_01,0.0,1.0,extra_sfr
s1r20_02,0.0,1.0,extra_sfr
s1r20_03,0.0,1.0,extra_sfr
s1r20_04,0.0,1.0,extra_sfr
s1r20_05,0.0,1.0,extra_sfr
s1r20_06,0.0,1.0,extra_sfr
s1r20_07,0.0,1.0,extra_sfr
s1r20_08,0.0,1.0,extra_sfr
s1r20_09,0.0,1.0,extra_sfr
s1r20_10,0.0,1.0,extra_sfr
s1r20_11,0.0,1.0,extra_sfr
s1r20_12,0.0,1.0,extra_sfr
s1r20_13,0.0,1.0,extra_sfr
s1r20_14,0.0,1.0,extra_sfr
s1r20_15,0.0,1.0,extra_sfr
s1r20_16,0.0,1.0,extra_sfr
s1r20_17,0.0,1.0,extra_sfr
s1r20_18,0.0,1.0,extra_sfr
s1r20_19,0.0,1.0,extra_sfr
s1r20_20,0.0,1.0,extra_sfr
s1r20_21,0.0,1.0,extra_sfr
s1r20_22,0.0,1.0,extra_sfr
s1r20_23,0.0,1.0,extra_sfr
s1r21_00,0.0,1.0,extra_sfr
s1r21_01,0.0,1.0,extra_sfr
s1r21_02,0.0,1.0,extra_sfr
s1r21_03,0.0,1.0,extra_sfr
s1r21_04,0.0,1.0,extra_sfr
s1r21_05,0.0,1.0,extra_sfr
s1r21_06,0.0,1.0,extra_sfr
s1r21_07,0.0,1.0,extra_sfr
s1r21_08,0.0,1.0,extra_sfr
s1r21_09,0.0,1.0,extra_sfr
s1r21_10,0.0,1.0,extra_sfr
s1r21_11,0.0,1.0,extra_sfr
s1r21_12,0.0,1.0,extra_sfr
s1r21_13,0.0,1.0,extra_sfr
s1r21_14,0.0,1.0,extra_sfr
s1r21_15,0.0,1.0,extra_sfr
s1r21_16,0.0,1.0,extra_sfr
s1r21_17,0.0,1.0,extra_sfr
s1r21_18,0.0,1.0,extra_sfr
s1r21_19,0.0,1.0,extra_sfr
s1r21_20,0.0,1.0,extra_sfr
s1r21_21,0.0,1.0,extra_sfr
s1r21_22,0.0,1.0,extra_sfr
s1r21_23,0.0,1.0,extra_sfr
s1r22_00,0.0,1.0,extra_sfr
s1r22_01,0.0,1.0,extra_sfr
s1r22_02,0.0,1.0,extra_sfr
s1r22_03,0.0,1.0,extra_sfr
s1r22_04,0.0,1.0,extra_sfr
s1r22_05,0.0,1.0,extra_sfr
s1r22_06,0.0,1.0,extra_sfr
s1r22_07,0.0,1.0,extra_sfr
s1r22_08,0.0,1.0,extra_sfr
s1r22_09,0.0,1.0,extra_sfr
s1r22_10,0.0,1.0,extra_sfr
s1r22_11,0.0,1.0,extra_sfr
s1r22_12,0.0,1.0,extra_sfr
s1r22_13,0.0,1.0,extra_sfr
s1r22_14,0.0,1.0,extra_sfr
s1r22_15,0.0,1.0,extra_sfr
s1r22_16,0.0,1.0,extra_sfr
s1r22_17,0.0,1.0,extra_sfr
s1r22_18,0.0,1.0,extra_sfr
s1r22_19,0.0,1.0,extra_sfr
s1r22_20,0.0,1.0,extra_sfr
s1r22_21,0.0,1.0,extra_sfr
s1r22_22,0.0,1.0,extra_sfr
s1r22_23,0.0,1.0,extra_sfr
s2r01_00,0.0,1.0,extra_sfr
s2r01_01,0.0,1.0,extra_sfr
s2r01_02,0.0,1.0,extra_sfr
s2r01_03,0.0,1.0,extra_sfr
s2r01_04,0.0,1.0,extra_sfr
s2r01_05,0.0,1.0,extra_sfr
s2r01_06,0.0,1.0,extra_sfr
s2r01_07,0.0,1.0,extra_sfr
s2r01_08,0.0,1.0,extra_sfr
s2r01_09,0.0,1.0,extra_sfr
s2r01_10,0.0,1.0,extra_sfr
s2r01_11,0.0,1.0,extra_sfr
s2r01_12,0.0,1.0,extra_sfr
s2r01_13,0.0,1.0,extra_sfr
s2r01_14,0.0,1.0,extra_sfr
s2r01_15,0.0,1.0,extra_sfr
s2r01_16,0.0,1.0,extra_sfr
s2r01_17,0.0,1.0,extra_sfr
s2r01_18,0.0,1.0,extra_sfr
s2r01_19,0.0,1.0,extra_sfr
s2r01_20,0.0,1.0,extra_sfr
s2r01_21,0.0,1.0,extra_sfr
s2r01_22,0.0,1.0,extra_sfr
s2r01_23,0.0,1.0,extra_sfr
s2r02_00,0.0,1.0,extra_sfr
s2r02_01,0.0,1.0,extra_sfr
s2r02_02,0.0,1.0,extra_sfr
s2r02_03,0.0,1.0,extra_sfr
s2r02_04,0.0,1.0,extra_sfr
s2r02_05,0.0,1.0,extra_sfr
s2r02_06,0.0,1.0,extra_sfr
s2r02_07,0.0,1.0,extra_sfr
s2r02_08,0.0,1.0,extra_sfr
s2r02_09,0.0,1.0,extra_sfr
s2r02_10,0.0,1.0,extra_sfr
s2r02_11,0.0,1.0,extra_sfr
s2r02_12,0.0,1.0,extra_sfr
s2r02_13,0.0,1.0,extra_sfr
s2r02_14,0.0,1.0,extra_sfr
s2r02_15,0.0,1.0,extra_sfr
s2r02_16,0.0,1.0,extra_sfr
s2r02_17,0.0,1.0,extra_sfr
s2r02_18,0.0,1.0,extra_sfr
s2r02_19,0.0,1.0,extra_sfr
s2r02_20,0.0,1.0,extra_sfr
s2r02_21,0.0,1.0,extra_sfr
s2r02_22,0.0,1.0,extra_sfr
s2r02_23,0.0,1.0,extra_sfr
s2r03_00,0.0,1.0,extra_sfr
s2r03_01,0.0,1.0,extra_sfr
s2r03_02,0.0,1.0,extra_sfr
s2r03_03,0.0,1.0,extra_sfr
s2r03_04,0.0,1.0,extra_sfr
s2r03_05,0.0,1.0,extra_sfr
s2r03_06,0.0,1.0,extra_sfr
s2r03_07,0.0,1.0,extra_sfr
s2r03_08,0.0,1.0,extra_sfr
s2r03_09,0.0,1.0,extra_sfr
s2r03_10,0.0,1.0,extra_sfr
s2r03_11,0.0,1.0,extra_sfr
s2r03_12,0.0,1.0,extra_sfr
s2r03_13,0.0,1.0,extra_sfr
s2r03_14,0.0,1.0,extra_sfr
s2r03_15,0.0,1.0,extra_sfr
s2r03_16,0.0,1.0,extra_sfr
s2r03_17,0.0,1.0,extra_sfr
s2r03_18,0.0,1.0,extra_sfr
s2r03_19,0.0,1.0,extra_sfr
s2r03_20,0.0,1.0,extra_sfr
s2r03_21,0.0,1.0,extra_sfr
s2r03_22,0.0,1.0,extra_sfr
s2r03_23,0.0,1.0,extra_sfr
s2r04_00,0.0,1.0,extra_sfr
s2r04_01,0.0,1.0,extra_sfr
s2r04_02,0.0,1.0,extra_sfr
s2r04_03,0.0,1.0,extra_sfr
s2r04_04,0.0,1.0,extra_sfr
s2r04_05,0.0,1.0,extra_sfr
s2r04_06,0.0,1.0,extra_sfr
s2r04_07,0.0,1.0,extra_sfr
s2r04_08,0.0,1.0,extra_sfr
s2r04_09,0.0,1.0,extra_sfr
s2r04_10,0.0,1.0,extra_sfr
s2r04_11,0.0,1.0,extra_sfr
s2r04_12,0.0,1.0,extra_sfr
s2r04_13,0.0,1.0,extra_sfr
s2r04_14,0.0,1.0,extra_sfr
s2r04_15,0.0,1.0,extra_sfr
s2r04_16,0.0,1.0,extra_sfr
s2r04_17,0.0,1.0,extra_sfr
s2r04_18,0.0,1.0,extra_sfr
s2r04_19,0.0,1.0,extra_sfr
s2r04_20,0.0,1.0,extra_sfr
s2r04_21,0.0,1.0,extra_sfr
s2r04_22,0.0,1.0,extra_sfr
s2r04_23,0.0,1.0,extra_sfr
s2r05_00,0.0,1.0,extra_sfr
s2r05_01,0.0,1.0,extra_sfr
s2r05_02,0.0,1.0,extra_sfr
s2r05_03,0.0,1.0,extra_sfr
s2r05_04,0.0,1.0,extra_sfr
s2r05_05,0.0,1.0,extra_sfr
s2r05_06,0.0,1.0,extra_sfr
s2r05_07,0.0,1.0,extra_sfr
s2r05_08,0.0,1.0,extra_sfr
s2r05_09,0.0,1.0,extra_sfr
s2r05_10,0.0,1.0,extra_sfr
s2r05_11,0.0,1.0,extra_sfr
s2r05_12,0.0,1.0,extra_sfr
s2r05_13,0.0,1.0,extra_sfr
s2r05_14,0.0,1.0,extra_sfr
s2r05_15,0.0,1.0,extra_sfr
s2r05_16,0.0,1.0,extra_sfr
s2r05_17,0.0,1.0,extra_sfr
s2r05_18,0.0,1.0,extra_sfr
s2r05_19,0.0,1.0,extra_sfr
s2r05_20,0.0,1.0,extra_sfr
s2r05_21,0.0,1.0,extra_sfr
s2r05_22,0.0,1.0,extra_sfr
s2r05_23,0.0,1.0,extra_sfr
s2r06_00,0.0,1.0,extra_sfr
s2r06_01,0.0,1.0,extra_sfr
s2r06_02,0.0,1.0,extra_sfr
s2r06_03,0.0,1.0,extra_sfr
s2r06_04,0.0,1.0,extra_sfr
s2r06_05,0.0,1.0,extra_sfr
s2r06_06,0.0,1.0,extra_sfr
s2r06_07,0.0,1.0,extra_sfr
s2r06_08,0.0,1.0,extra_sfr
s2r06_09,0.0,1.0,extra_sfr
s2r06_10,0.0,1.0,extra_sfr
s2r06_11,0.0,1.0,extra_sfr
s2r06_12,0.0,1.0,extra_sfr
s2r06_13,0.0,1.0,extra_sfr
s2r06_14,0.0,1.0,extra_sfr
s2r06_15,0.0,1.0,extra_sfr
s2r06_16,0.0,1.0,extra_sfr
s2r06_17,0.0,1.0,extra_sfr
s2r06_18,0.0,1.0,extra_sfr
s2r06_19,0.0,1.0,extra_sfr
s2r06_20,0.0,1.0,extra_sfr
s2r06_21,0.0,1.0,extra_sfr
s2r06_22,0.0,1.0,extra_sfr
s2r06_23,0.0,1.0,extra_sfr
s2r07_00,0.0,1.0,extra_sfr
s2r07_01,0.0,1.0,extra_sfr
s2r07_02,0.0,1.0,extra_sfr
s2r07_03,0.0,1.0,extra_sfr
s2r07_04,0.0,1.0,extra_sfr
s2r07_05,0.0,1.0,extra_sfr
s2r07_06,0.0,1.0,extra_sfr
s2r07_07,0.0,1.0,extra_sfr
s2r07_08,0.0,1.0,extra_sfr
s2r07_09,0.0,1.0,extra_sfr
s2r07_10,0.0,1.0,extra_sfr
s2r07_11,0.0,1.0,extra_sfr
s2r07_12,0.0,1.0,extra_sfr
s2r07_13,0.0,1.0,extra_sfr
s2r07_14,0.0,1.0,extra_sfr
s2r07_15,0.0,1.0,extra_sfr
s2r07_16,0.0,1.0,extra_sfr
s2r07_17,0.0,1.0,extra_sfr
s2r07_18,0.0,1.0,extra_sfr
s2r07_19,0.0,1.0,extra_sfr
s2r07_20,0.0,1.0,extra_sfr
s2r07_21,0.0,1.0,extra_sfr
s2r07_22,0.0,1.0,extra_sfr
s2r07_23,0.0,1.0,extra_sfr
s2r08_00,0.0,1.0,extra_sfr
s2r08_01,0.0,1.0,extra_sfr
s2r08_02,0.0,1.0,extra_sfr
s2r08_03,0.0,1.0,extra_sfr
s2r08_04,0.0,1.0,extra_sfr
s2r08_05,0.0,1.0,extra_sfr
s2r08_06,0.0,1.0,extra_sfr
s2r08_07,0.0,1.0,extra_sfr
s2r08_08,0.0,1.0,extra_sfr
s2r08_09,0.0,1.0,extra_sfr
s2r08_10,0.0,1.0,extra_sfr
s2r08_11,0.0,1.0,extra_sfr
s2r08_12,0.0,1.0,extra_sfr
s2r08_13,0.0,1.0,extra_sfr
s2r08_14,0.0,1.0,extra_sfr
s2r08_15,0.0,1.0,extra_sfr
s2r08_16,0.0,1.0,extra_sfr
s2r08_17,0.0,1.0,extra_sfr
s2r08_18,0.0,1.0,extra_sfr
s2r08_19,0.0,1.0,extra_sfr
s2r08_20,0.0,1.0,extra_sfr
s2r08_21,0.0,1.0,extra_sfr
s2r08_22,0.0,1.0,extra_sfr
s2r08_23,0.0,1.0,extra_sfr
s2r09_00,0.0,1.0,extra_sfr
s2r09_01,0.0,1.0,extra_sfr
s2r09_02,0.0,1.0,extra_sfr
s2r09_03,0.0,1.0,extra_sfr
s2r09_04,0.0,1.0,extra_sfr
s2r09_05,0.0,1.0,extra_sfr
s2r09_06,0.0,1.0,extra_sfr
s2r09_07,0.0,1.0,extra_sfr
s2r09_08,0.0,1.0,extra_sfr
s2r09_09,0.0,1.0,extra_sfr
s2r09_10,0.0,1.0,extra_sfr
s2r09_11,0.0,1.0,extra_sfr
s2r09_12,0.0,1.0,extra_sfr
s2r09_13,0.0,1.0,extra_sfr
s2r09_14,0.0,1.0,extra_sfr
s2r09_15,0.0,1.0,extra_sfr
s2r09_16,0.0,1.0,extra_sfr
s2r09_17,0.0,1.0,extra_sfr
s2r09_18,0.0,1.0,extra_sfr
s2r09_19,0.0,1.0,extra_sfr
s2r09_20,0.0,1.0,extra_sfr
s2r09_21,0.0,1.0,extra_sfr
s2r09_22,0.0,1.0,extra_sfr
s2r09_23,0.0,1.0,extra_sfr
s3r01_00,0.0,1.0,extra_sfr
s3r01_01,0.0,1.0,extra_sfr
s3r01_02,0.0,1.0,extra_sfr
s3r01_03,0.0,1.0,extra_sfr
s3r01_04,0.0,1.0,extra_sfr
s3r01_05,0.0,1.0,extra_sfr
s3r01_06,0.0,1.0,extra_sfr
s3r01_07,0.0,1.0,extra_sfr
s3r01_08,0.0,1.0,extra_sfr
s3r01_09,0.0,1.0,extra_sfr
s3r01_10,0.0,1.0,extra_sfr
s3r01_11,0.0,1.0,extra_sfr
s3r01_12,0.0,1.0,extra_sfr
s3r01_13,0.0,1.0,extra_sfr
s3r01_14,0.0,1.0,extra_sfr
s3r01_15,0.0,1.0,extra_sfr
s3r01_16,0.0,1.0,extra_sfr
s3r01_17,0.0,1.0,extra_sfr
s3r01_18,0.0,1.0,extra_sfr
s3r01_19,0.0,1.0,extra_sfr
s3r01_20,0.0,1.0,extra_sfr
s3r01_21,0.0,1.0,extra_sfr
s3r01_22,0.0,1.0,extra_sfr
s3r01_23,0.0,1.0,extra_sfr
s3r02_00,0.0,1.0,extra_sfr
s3r02_01,0.0,1.0,extra_sfr
s3r02_02,0.0,1.0,extra_sfr
s3r02_03,0.0,1.0,extra_sfr
s3r02_04,0.0,1.0,extra_sfr
s3r02_05,0.0,1.0,extra_sfr
s3r02_06,0.0,1.0,extra_sfr
s3r02_07,0.0,1.0,extra_sfr
s3r02_08,0.0,1.0,extra_sfr
s3r02_09,0.0,1.0,extra_sfr
s3r02_10,0.0,1.0,extra_sfr
s3r02_11,0.0,1.0,extra_sfr
s3r02_12,0.0,1.0,extra_sfr
s3r02_13,0.0,1.0,extra_sfr
s3r02_14,0.0,1.0,extra_sfr
s3r02_15,0.0,1.0,extra_sfr
s3r02_16,0.0,1.0,extra_sfr
s3r02_17,0.0,1.0,extra_sfr
s3r02_18,0.0,1.0,extra_sfr
s3r02_19,0.0,1.0,extra_sfr
s3r02_20,0.0,1.0,extra_sfr
s3r02_21,0.0,1.0,extra_sfr
s3r02_22,0.0,1.0,extra_sfr
s3r02_23,0.0,1.0,extra_sfr
s3r03_00,0.0,1.0,extra_sfr
s3r03_01,0.0,1.0,extra_sfr
s3r03_02,0.0,1.0,extra_sfr
s3r03_03,0.0,1.0,extra_sfr
s3r03_04,0.0,1.0,extra_sfr
s3r03_05,0.0,1.0,extra_sfr
s3r03_06,0.0,1.0,extra_sfr
s3r03_07,0.0,1.0,extra_sfr
s3r03_08,0.0,1.0,extra_sfr
s3r03_09,0.0,1.0,extra_sfr
s3r03_10,0.0,1.0,extra_sfr
s3r03_11,0.0,1.0,extra_sfr
s3r03_12,0.0,1.0,extra_sfr
s3r03_13,0.0,1.0,extra_sfr
s3r03_14,0.0,1.0,extra_sfr
s3r03_15,0.0,1.0,extra_sfr
s3r03_16,0.0,1.0,extra_sfr
s3r03_17,0.0,1.0,extra_sfr
s3r03_18,0.0,1.0,extra_sfr
s3r03_19,0.0,1.0,extra_sfr
s3r03_20,0.0,1.0,extra_sfr
s3r03_21,0.0,1.0,extra_sfr
s3r03_22,0.0,1.0,extra_sfr
s3r03_23,0.0,1.0,extra_sfr
s3r04_00,0.0,1.0,extra_sfr
s3r04_01,0.0,1.0,extra_sfr
s3r04_02,0.0,1.0,extra_sfr
s3r04_03,0.0,1.0,extra_sfr
s3r04_04,0.0,1.0,extra_sfr
s3r04_05,0.0,1.0,extra_sfr
s3r04_06,0.0,1.0,extra_sfr
s3r04_07,0.0,1.0,extra_sfr
s3r04_08,0.0,1.0,extra_sfr
s3r04_09,0.0,1.0,extra_sfr
s3r04_10,0.0,1.0,extra_sfr
s3r04_11,0.0,1.0,extra_sfr
s3r04_12,0.0,1.0,extra_sfr
s3r04_13,0.0,1.0,extra_sfr
s3r04_14,0.0,1.0,extra_sfr
s3r04_15,0.0,1.0,extra_sfr
s3r04_16,0.0,1.0,extra_sfr
s3r04_17,0.0,1.0,extra_sfr
s3r04_18,0.0,1.0,extra_sfr
s3r04_19,0.0,1.0,extra_sfr
s3r04_20,0.0,1.0,extra_sfr
s3r04_21,0.0,1.0,extra_sfr
s3r04_22,0.0,1.0,extra_sfr
s3r04_23,0.0,1.0,extra_sfr
s3r05_00,0.0,1.0,extra_sfr
s3r05_01,0.0,1.0,extra_sfr
s3r05_02,0.0,1.0,extra_sfr
s3r05_03,0.0,1.0,extra_sfr
s3r05_04,0.0,1.0,extra_sfr
s3r05_05,0.0,1.0,extra_sfr
s3r05_06,0.0,1.0,extra_sfr
s3r05_07,0.0,1.0,extra_sfr
s3r05_08,0.0,1.0,extra_sfr
s3r05_09,0.0,1.0,extra_sfr
s3r05_10,0.0,1.0,extra_sfr
s3r05_11,0.0,1.0,extra_sfr
s3r05_12,0.0,1.0,extra_sfr
s3r05_13,0.0,1.0,extra_sfr
s3r05_14,0.0,1.0,extra_sfr
s3r05_15,0.0,1.0,extra_sfr
s3r05_16,0.0,1.0,extra_sfr
s3r05_17,0.0,1.0,extra_sfr
s3r05_18,0.0,1.0,extra_sfr
s3r05_19,0.0,1.0,extra_sfr
s3r05_20,0.0,1.0,extra_sfr
s3r05_21,0.0,1.0,extra_sfr
s3r05_22,0.0,1.0,extra_sfr
s3r05_23,0.0,1.0,extra_sfr
s3r06_00,0.0,1.0,extra_sfr
s3r06_01,0.0,1.0,extra_sfr
s3r06_02,0.0,1.0,extra_sfr
s3r06_03,0.0,1.0,extra_sfr
s3r06_04,0.0,1.0,extra_sfr
s3r06_05,0.0,1.0,extra_sfr
s3r06_06,0.0,1.0,extra_sfr
s3r06_07,0.0,1.0,extra_sfr
s3r06_08,0.0,1.0,extra_sfr
s3r06_09,0.0,1.0,extra_sfr
s3r06_10,0.0,1.0,extra_sfr
s3r06_11,0.0,1.0,extra_sfr
s3r06_12,0.0,1.0,extra_sfr
s3r06_13,0.0,1.0,extra_sfr
s3r06_14,0.0,1.0,extra_sfr
s3r06_15,0.0,1.0,extra_sfr
s3r06_16,0.0,1.0,extra_sfr
s3r06_17,0.0,1.0,extra_sfr
s3r06_18,0.0,1.0,extra_sfr
s3r06_19,0.0,1.0,extra_sfr
s3r06_20,0.0,1.0,extra_sfr
s3r06_21,0.0,1.0,extra_sfr
s3r06_22,0.0,1.0,extra_sfr
s3r06_23,0.0,1.0,extra_sfr
s3r07_00,0.0,1.0,extra_sfr
s3r07_01,0.0,1.0,extra_sfr
s3r07_02,0.0,1.0,extra_sfr
s3r07_03,0.0,1.0,extra_sfr
s3r07_04,0.0,1.0,extra_sfr
s3r07_05,0.0,1.0,extra_sfr
s3r07_06,0.0,1.0,extra_sfr
s3r07_07,0.0,1.0,extra_sfr
s3r07_08,0.0,1.0,extra_sfr
s3r07_09,0.0,1.0,extra_sfr
s3r07_10,0.0,1.0,extra_sfr
s3r07_11,0.0,1.0,extra_sfr
s3r07_12,0.0,1.0,extra_sfr
s3r07_13,0.0,1.0,extra_sfr
s3r07_14,0.0,1.0,extra_sfr
s3r07_15,0.0,1.0,extra_sfr
s3r07_16,0.0,1.0,extra_sfr
s3r07_17,0.0,1.0,extra_sfr
s3r07_18,0.0,1.0,extra_sfr
s3r07_19,0.0,1.0,extra_sfr
s3r07_20,0.0,1.0,extra_sfr
s3r07_21,0.0,1.0,extra_sfr
s3r07_22,0.0,1.0,extra_sfr
s3r07_23,0.0,1.0,extra_sfr
s3r08_00,0.0,1.0,extra_sfr
s3r08_01,0.0,1.0,extra_sfr
s3r08_02,0.0,1.0,extra_sfr
s3r08_03,0.0,1.0,extra_sfr
s3r08_04,0.0,1.0,extra_sfr
s3r08_05,0.0,1.0,extra_sfr
s3r08_06,0.0,1.0,extra_sfr
s3r08_07,0.0,1.0,extra_sfr
s3r08_08,0.0,1.0,extra_sfr
s3r08_09,0.0,1.0,extra_sfr
s3r08_10,0.0,1.0,extra_sfr
s3r08_11,0.0,1.0,extra_sfr
s3r08_12,0.0,1.0,extra_sfr
s3r08_13,0.0,1.0,extra_sfr
s3r08_14,0.0,1.0,extra_sfr
s3r08_15,0.0,1.0,extra_sfr
s3r08_16,0.0,1.0,extra_sfr
s3r08_17,0.0,1.0,extra_sfr
s3r08_18,0.0,1.0,extra_sfr
s3r08_19,0.0,1.0,extra_sfr
s3r08_20,0.0,1.0,extra_sfr
s3r08_21,0.0,1.0,extra_sfr
s3r08_22,0.0,1.0,extra_sfr
s3r08_23,0.0,1.0,extra_sfr
s3r09_00,0.0,1.0,extra_sfr
s3r09_01,0.0,1.0,extra_sfr
s3r09_02,0.0,1.0,extra_sfr
s3r09_03,0.0,1.0,extra_sfr
s3r09_04,0.0,1.0,extra_sfr
s3r09_05,0.0,1.0,extra_sfr
s3r09_06,0.0,1.0,extra_sfr
s3r09_07,0.0,1.0,extra_sfr
s3r09_08,0.0,1.0,extra_sfr
s3r09_09,0.0,1.0,extra_sfr
s3r09_10,0.0,1.0,extra_sfr
s3r09_11,0.0,1.0,extra_sfr
s3r09_12,0.0,1.0,extra_sfr
s3r09_13,0.0,1.0,extra_sfr
s3r09_14,0.0,1.0,extra_sfr
s3r09_15,0.0,1.0,extra_sfr
s3r09_16,0.0,1.0,extra_sfr
s3r09_17,0.0,1.0,extra_sfr
s3r09_18,0.0,1.0,extra_sfr
s3r09_19,0.0,1.0,extra_sfr
s3r09_20,0.0,1.0,extra_sfr
s3r09_21,0.0,1.0,extra_sfr
s3r09_22,0.0,1.0,extra_sfr
s3r09_23,0.0,1.0,extra_sfr
